ProductID,ProductCategory,ProductBrand,ProductPrice,CustomerAge,CustomerGender,PurchaseFrequency,CustomerSatisfaction,PurchaseIntent
5874,Smartphones,Other Brands,312,18,Male,2,1,0
5875,Smart Watches,Samsung,980,35,Female,7,2,1
5876,Tablets,Samsung,2606,63,Male,1,5,1
5877,Smartphones,Samsung,870,63,Female,10,3,1
5878,Tablets,Sony,1798,57,Male,17,3,0
5879,Smartphones,Samsung,373,37,Female,8,1,1
5880,Smartphones,Samsung,2330,26,Female,5,5,1
5881,Smartphones,HP,780,35,Male,12,5,1
5882,Laptops,Other Brands,2264,19,Female,3,4,1
5883,Laptops,HP,1001,66,Female,8,4,1
5884,Smartphones,Other Brands,879,20,Female,1,3,0
5885,Laptops,Apple,1563,38,Female,14,2,1
5886,Tablets,Samsung,1297,48,Male,1,3,0
5887,Headphones,Sony,1756,62,Male,2,5,1
5888,Headphones,Apple,2486,54,Male,12,4,1
5889,Tablets,HP,1280,33,Male,1,2,0
5890,Tablets,Samsung,2388,29,Female,3,4,1
5891,Smartphones,Apple,420,26,Male,16,1,0
5892,Tablets,Apple,1224,28,Male,4,5,0
5893,Smart Watches,Samsung,2441,43,Male,5,5,1
5894,Smartphones,Other Brands,1073,58,Male,4,3,0
5895,Headphones,HP,2815,34,Male,12,2,0
5896,Laptops,HP,206,65,Male,18,4,1
5897,Headphones,HP,374,67,Female,7,5,1
5898,Headphones,Other Brands,835,23,Male,17,2,0
5899,Laptops,HP,887,61,Female,10,1,1
5900,Tablets,Samsung,2158,58,Female,12,4,1
5901,Smartphones,Apple,1581,64,Male,5,5,1
5902,Smart Watches,HP,2096,37,Male,18,1,0
5903,Headphones,Apple,2106,55,Male,15,5,1
5904,Smartphones,Other Brands,2697,56,Female,10,2,1
5905,Tablets,HP,1342,28,Female,17,4,1
5906,Tablets,Other Brands,2633,42,Male,2,2,0
5907,Smartphones,Apple,958,57,Female,2,2,1
5908,Smartphones,Apple,2417,39,Female,9,4,1
5909,Smartphones,HP,1678,50,Male,14,5,1
5910,Headphones,Other Brands,2522,52,Female,14,5,1
5911,Tablets,Other Brands,1440,50,Female,1,2,1
5912,Laptops,Samsung,322,40,Male,7,3,0
5913,Smart Watches,Samsung,688,41,Male,10,2,0
5914,Smart Watches,HP,947,29,Female,18,2,0
5915,Smart Watches,HP,2265,65,Female,19,2,1
5916,Tablets,Other Brands,1951,30,Female,2,1,0
5917,Headphones,HP,2303,47,Female,4,3,1
5918,Smart Watches,Apple,2618,60,Female,18,5,1
5919,Smartphones,Samsung,660,29,Female,9,1,0
5920,Tablets,Sony,1568,41,Female,17,3,1
5921,Laptops,Samsung,2164,21,Male,16,3,0
5922,Smart Watches,Sony,364,33,Female,17,4,1
5923,Smartphones,Apple,1513,49,Female,1,5,1
5924,Laptops,Samsung,1172,57,Male,9,2,0
5925,Tablets,Other Brands,1012,26,Male,18,5,0
5926,Smart Watches,Sony,1283,21,Female,4,4,1
5927,Smartphones,HP,2828,19,Female,12,2,0
5928,Smartphones,HP,202,18,Male,1,5,0
5929,Smart Watches,Samsung,551,27,Female,5,4,1
5930,Smart Watches,Samsung,2674,51,Male,19,2,0
5931,Laptops,Other Brands,803,25,Male,6,5,0
5932,Tablets,Sony,2721,25,Female,15,3,0
5933,Tablets,Apple,468,69,Male,2,3,0
5934,Headphones,Other Brands,1836,67,Male,10,2,0
5935,Smart Watches,Sony,1659,44,Female,17,5,1
5936,Tablets,Other Brands,2093,69,Male,11,3,0
5937,Laptops,Apple,585,33,Female,11,4,1
5938,Smartphones,Other Brands,2724,67,Male,3,1,0
5939,Smart Watches,Apple,1360,37,Male,17,5,1
5940,Smartphones,HP,2956,24,Male,9,5,0
5941,Tablets,Apple,750,23,Male,17,5,0
5942,Smart Watches,Other Brands,2130,28,Male,19,2,0
5943,Smart Watches,Sony,385,22,Female,7,4,1
5944,Smart Watches,Sony,2865,61,Male,19,5,1
5945,Smart Watches,Samsung,1975,19,Female,4,1,0
5946,Headphones,HP,2559,67,Female,16,5,1
5947,Smart Watches,Other Brands,1613,25,Female,2,2,0
5948,Tablets,Samsung,1500,62,Male,3,3,0
5949,Smartphones,Other Brands,1969,35,Male,10,1,0
5950,Tablets,Other Brands,262,41,Female,18,4,1
5951,Tablets,Other Brands,1797,33,Male,1,4,1
5952,Smartphones,Sony,789,42,Female,16,4,1
5953,Smartphones,Apple,826,26,Male,14,5,0
5954,Headphones,Apple,2351,53,Male,12,4,1
5955,Smart Watches,Sony,1227,51,Male,18,1,0
5956,Smart Watches,Sony,124,68,Female,3,3,1
5957,Tablets,HP,1111,53,Male,6,3,0
5958,Smartphones,Samsung,2647,60,Male,5,2,0
5959,Tablets,Sony,1351,67,Female,13,1,1
5960,Laptops,Apple,233,69,Male,7,1,0
5961,Tablets,Apple,1191,68,Male,11,5,1
5962,Headphones,Samsung,2487,57,Female,17,2,1
5963,Headphones,Sony,1261,65,Female,10,5,1
5964,Laptops,Apple,109,37,Female,14,4,1
5965,Headphones,Samsung,2506,55,Female,15,4,1
5966,Smart Watches,Samsung,2679,64,Male,13,1,0
5967,Tablets,HP,1237,48,Male,3,2,0
5968,Smart Watches,HP,2679,25,Female,14,4,1
5969,Smartphones,Apple,409,46,Male,19,1,0
5970,Headphones,Apple,1505,27,Female,14,2,0
5971,Smart Watches,Sony,223,55,Male,13,5,1
5972,Smart Watches,Apple,1374,48,Female,11,4,1
5973,Headphones,Samsung,1505,53,Female,12,3,1
5974,Headphones,Other Brands,1678,30,Female,16,3,0
5975,Headphones,Other Brands,224,51,Male,13,2,0
5976,Headphones,Samsung,2509,50,Male,18,3,0
5977,Laptops,Samsung,1186,47,Female,5,5,1
5978,Smart Watches,Apple,2866,69,Female,3,2,1
5979,Headphones,HP,2761,45,Male,11,4,1
5980,Laptops,HP,2335,53,Male,1,3,0
5981,Smart Watches,Sony,1531,64,Female,9,3,1
5982,Laptops,Other Brands,2315,25,Male,12,2,0
5983,Tablets,Other Brands,2775,56,Female,15,4,1
5984,Headphones,HP,853,58,Female,18,5,1
5985,Laptops,Sony,576,28,Female,5,5,1
5986,Headphones,Other Brands,492,42,Female,17,4,1
5987,Smart Watches,Other Brands,2403,65,Male,4,2,0
5988,Smartphones,Sony,2709,63,Male,17,4,1
5989,Headphones,Samsung,1966,45,Male,15,1,0
5990,Laptops,Sony,1950,30,Male,19,2,0
5991,Smart Watches,Apple,2765,56,Female,8,2,1
5992,Tablets,HP,1929,25,Male,4,5,0
5993,Laptops,Sony,2843,25,Male,19,5,0
5994,Headphones,Sony,2315,21,Female,16,3,0
5995,Laptops,Other Brands,1478,45,Male,18,3,0
5996,Tablets,Apple,2432,53,Female,13,1,1
5997,Laptops,Other Brands,2584,38,Male,9,1,0
5998,Laptops,HP,1984,67,Female,14,3,1
5999,Smartphones,HP,1395,31,Male,4,4,1
6000,Headphones,Sony,2096,46,Male,14,3,0
6001,Tablets,HP,2446,46,Male,7,4,1
6002,Smartphones,HP,1479,38,Female,6,5,1
6003,Smart Watches,Sony,2578,56,Male,16,1,0
6004,Laptops,Apple,565,20,Male,7,3,0
6005,Laptops,Sony,1615,19,Female,12,2,0
6006,Smartphones,Apple,1375,33,Female,7,3,1
6007,Smartphones,Sony,1704,47,Male,8,3,0
6008,Headphones,Samsung,2566,21,Female,2,3,0
6009,Smartphones,Other Brands,2574,60,Female,8,5,1
6010,Headphones,Samsung,1019,28,Female,6,3,0
6011,Smart Watches,Samsung,1405,28,Male,10,2,0
6012,Tablets,Sony,772,18,Female,11,2,0
6013,Smartphones,Samsung,2723,48,Male,17,1,0
6014,Tablets,Sony,383,60,Female,10,3,1
6015,Headphones,Other Brands,1913,27,Male,11,2,0
6016,Smart Watches,Samsung,2782,32,Male,19,5,1
6017,Smartphones,Other Brands,466,42,Female,18,4,1
6018,Smartphones,HP,1048,51,Male,3,5,1
6019,Smart Watches,Samsung,1806,49,Male,8,2,0
6020,Tablets,Other Brands,2865,65,Female,7,5,1
6021,Smartphones,Other Brands,1481,42,Male,18,4,1
6022,Smart Watches,Apple,233,36,Female,11,2,1
6023,Smartphones,HP,2090,66,Female,18,5,1
6024,Laptops,HP,1468,33,Male,14,1,0
6025,Headphones,HP,731,19,Female,19,3,0
6026,Laptops,Sony,2983,41,Male,11,2,0
6027,Smartphones,Samsung,1997,38,Male,10,4,1
6028,Smartphones,Sony,1206,20,Male,1,1,0
6029,Laptops,Apple,1752,51,Female,6,3,1
6030,Smartphones,Samsung,936,58,Male,10,4,1
6031,Smart Watches,Sony,420,60,Male,13,5,1
6032,Smartphones,Apple,2291,66,Female,17,1,1
6033,Smart Watches,HP,2441,59,Male,1,4,1
6034,Tablets,Sony,345,23,Female,8,4,1
6035,Headphones,Other Brands,832,55,Female,7,3,1
6036,Tablets,HP,1667,18,Female,19,5,1
6037,Laptops,HP,330,47,Female,8,1,1
6038,Smart Watches,Apple,2884,50,Male,11,5,1
6039,Smart Watches,Other Brands,162,40,Female,8,5,1
6040,Headphones,HP,1636,42,Male,19,4,1
6041,Headphones,Samsung,1402,57,Male,8,4,1
6042,Tablets,HP,1951,21,Female,10,3,0
6043,Smartphones,HP,1909,26,Female,18,3,0
6044,Smartphones,HP,351,69,Male,8,1,0
6045,Headphones,Sony,1488,56,Female,3,1,1
6046,Smartphones,Apple,1674,45,Female,7,1,1
6047,Smart Watches,Other Brands,782,39,Female,4,3,1
6048,Headphones,Apple,400,42,Female,19,2,1
6049,Headphones,Sony,1508,50,Male,5,3,0
6050,Headphones,Other Brands,906,67,Male,2,2,0
6051,Headphones,Apple,510,21,Female,13,1,0
6052,Headphones,Samsung,2994,22,Female,4,3,0
6053,Tablets,Other Brands,979,58,Male,5,3,0
6054,Laptops,HP,941,34,Male,3,5,1
6055,Laptops,Apple,139,38,Female,4,1,1
6056,Smart Watches,HP,785,25,Male,15,4,0
6057,Smartphones,Samsung,1152,30,Male,12,1,0
6058,Smartphones,Sony,178,25,Male,15,4,0
6059,Laptops,Samsung,2971,27,Female,15,3,0
6060,Laptops,Samsung,2195,42,Female,3,3,1
6061,Smart Watches,HP,1222,47,Male,17,3,0
6062,Tablets,Samsung,2834,20,Male,19,2,0
6063,Laptops,HP,2805,26,Male,4,5,0
6064,Tablets,HP,1993,51,Male,5,1,0
6065,Headphones,Samsung,2132,48,Female,10,3,1
6066,Smart Watches,HP,2150,68,Male,1,3,0
6067,Headphones,HP,2303,52,Male,18,4,1
6068,Headphones,Sony,2573,47,Female,12,2,1
6069,Smartphones,Sony,1745,61,Male,7,4,1
6070,Smart Watches,Other Brands,2348,57,Female,12,4,1
6071,Smart Watches,Sony,1663,23,Male,1,4,0
6072,Laptops,Apple,1861,58,Female,12,3,1
6073,Headphones,Sony,1107,24,Female,5,1,0
6074,Tablets,Sony,1825,54,Female,10,5,1
6075,Tablets,Other Brands,1815,19,Male,19,5,0
6076,Tablets,Other Brands,2423,48,Female,13,3,1
6077,Laptops,Samsung,1782,62,Male,6,3,0
6078,Headphones,Sony,1289,57,Male,3,1,0
6079,Smart Watches,Sony,1210,50,Female,7,3,1
6080,Smartphones,Sony,2652,18,Female,13,5,1
6081,Laptops,HP,1520,19,Female,3,3,0
6082,Laptops,Apple,2342,23,Male,1,1,0
6083,Headphones,Apple,1639,54,Female,19,3,1
6084,Laptops,HP,2329,40,Female,3,1,1
6085,Tablets,HP,889,51,Female,2,3,1
6086,Headphones,Other Brands,1852,28,Male,7,4,0
6087,Tablets,Other Brands,1447,54,Male,3,2,0
6088,Laptops,HP,909,25,Male,16,5,0
6089,Headphones,Sony,2723,50,Male,10,4,1
6090,Headphones,Apple,2939,39,Female,12,3,1
6091,Tablets,HP,1232,44,Male,14,1,0
6092,Laptops,Samsung,206,52,Female,16,5,1
6093,Smart Watches,Samsung,878,31,Male,17,3,0
6094,Headphones,Other Brands,682,52,Male,11,1,0
6095,Headphones,Other Brands,1096,39,Male,13,1,0
6096,Headphones,Samsung,2897,62,Male,9,1,0
6097,Headphones,Sony,287,42,Male,2,2,0
6098,Smart Watches,HP,2950,48,Male,1,5,1
6099,Headphones,Apple,1313,53,Female,8,3,1
6100,Tablets,HP,2256,53,Female,3,4,1
6101,Smartphones,HP,1437,69,Female,5,3,1
6102,Tablets,Apple,1887,50,Female,9,3,1
6103,Laptops,Other Brands,698,45,Female,4,4,1
6104,Headphones,Apple,1854,35,Male,6,2,0
6105,Tablets,Sony,1909,31,Male,16,1,0
6106,Smart Watches,Other Brands,1315,52,Male,9,1,0
6107,Smartphones,Samsung,2737,40,Male,6,2,0
6108,Headphones,HP,1060,23,Female,15,5,1
6109,Smart Watches,Sony,150,23,Female,10,3,0
6110,Smartphones,HP,2460,46,Female,13,1,1
6111,Headphones,Apple,401,40,Male,14,1,0
6112,Tablets,Apple,2760,61,Male,8,3,0
6113,Smart Watches,Other Brands,643,47,Male,17,1,0
6114,Headphones,Samsung,2000,58,Male,16,5,1
6115,Smartphones,Samsung,893,41,Female,2,1,1
6116,Smartphones,Sony,1727,53,Female,15,4,1
6117,Smartphones,HP,1958,69,Male,13,2,0
6118,Smart Watches,Other Brands,2633,59,Female,15,1,1
6119,Tablets,Other Brands,2067,27,Male,7,5,0
6120,Smartphones,Sony,1722,34,Female,17,2,1
6121,Smartphones,Sony,1035,57,Male,4,1,0
6122,Smartphones,Apple,1216,58,Female,16,3,1
6123,Smartphones,Sony,2078,33,Female,7,1,1
6124,Laptops,HP,2298,43,Male,10,5,1
6125,Headphones,Sony,2170,39,Female,15,5,1
6126,Smartphones,HP,2855,52,Male,1,1,0
6127,Smart Watches,Sony,2033,55,Female,3,1,1
6128,Smartphones,Other Brands,2442,63,Female,18,5,1
6129,Headphones,Sony,1135,43,Female,14,3,1
6130,Smartphones,Sony,1895,52,Male,19,4,1
6131,Smartphones,HP,1113,33,Male,13,1,0
6132,Smart Watches,Sony,1596,60,Male,7,4,1
6133,Laptops,HP,2190,31,Female,18,4,1
6134,Headphones,Samsung,2383,50,Female,18,1,1
6135,Smartphones,Sony,1606,25,Male,1,2,0
6136,Headphones,Apple,144,38,Male,9,2,0
6137,Headphones,Other Brands,894,18,Male,7,2,0
6138,Smartphones,Other Brands,743,49,Male,18,2,0
6139,Headphones,Samsung,2573,31,Male,15,3,0
6140,Smartphones,Sony,2056,50,Female,16,1,1
6141,Laptops,Other Brands,1357,31,Female,16,4,1
6142,Smartphones,Sony,1041,67,Male,15,5,1
6143,Headphones,Apple,1263,21,Female,16,1,0
6144,Smart Watches,Apple,1946,68,Female,15,5,1
6145,Headphones,Apple,2127,58,Female,5,2,1
6146,Laptops,Sony,752,61,Female,2,3,1
6147,Tablets,Other Brands,1113,36,Female,6,4,1
6148,Tablets,Samsung,1541,41,Female,2,3,1
6149,Laptops,HP,2691,56,Male,11,4,1
6150,Tablets,Samsung,305,18,Male,16,4,0
6151,Tablets,Samsung,2004,52,Male,2,2,0
6152,Laptops,Samsung,631,58,Female,6,3,1
6153,Headphones,Samsung,1668,33,Female,7,4,1
6154,Laptops,HP,306,47,Male,14,4,1
6155,Smartphones,Apple,2786,38,Male,7,2,0
6156,Smartphones,Sony,2437,18,Female,11,1,0
6157,Smartphones,Other Brands,2285,58,Female,14,1,1
6158,Smartphones,Sony,1908,18,Female,5,5,1
6159,Smart Watches,Sony,1872,22,Male,16,1,0
6160,Smart Watches,HP,1909,40,Male,11,5,1
6161,Tablets,Apple,2920,35,Male,14,3,0
6162,Headphones,Other Brands,400,19,Male,7,2,0
6163,Smart Watches,HP,2409,29,Female,2,3,0
6164,Headphones,Samsung,141,18,Female,13,1,0
6165,Headphones,Apple,2729,36,Female,2,3,1
6166,Headphones,Sony,2330,45,Female,6,3,1
6167,Headphones,HP,2250,18,Male,19,4,0
6168,Smartphones,HP,864,59,Female,15,3,1
6169,Smartphones,HP,1879,54,Male,15,4,1
6170,Laptops,Apple,503,61,Female,2,2,1
6171,Laptops,Sony,2247,31,Male,14,2,0
6172,Tablets,Samsung,2719,36,Female,3,5,1
6173,Headphones,Other Brands,1344,64,Female,10,3,1
6174,Smartphones,Samsung,733,44,Female,13,4,1
6175,Smart Watches,Other Brands,614,57,Female,19,2,1
6176,Smart Watches,Samsung,1759,33,Female,14,3,1
6177,Headphones,HP,287,19,Male,3,1,0
6178,Laptops,HP,2073,68,Male,6,4,1
6179,Headphones,Apple,1134,20,Female,14,2,0
6180,Headphones,HP,1506,63,Female,19,4,1
6181,Headphones,Sony,466,30,Male,9,4,0
6182,Smart Watches,Apple,1068,21,Male,17,3,0
6183,Smart Watches,Other Brands,558,24,Female,6,3,0
6184,Smart Watches,HP,1518,69,Male,9,1,0
6185,Laptops,Other Brands,2417,31,Male,8,1,0
6186,Laptops,Samsung,502,49,Male,13,4,1
6187,Smart Watches,HP,1377,48,Female,2,2,1
6188,Laptops,HP,234,45,Male,16,2,0
6189,Headphones,Sony,248,21,Female,5,3,0
6190,Laptops,Apple,616,24,Female,2,1,0
6191,Headphones,Samsung,2042,59,Male,17,2,0
6192,Headphones,Apple,1053,54,Male,17,3,0
6193,Laptops,Samsung,2759,54,Female,13,4,1
6194,Headphones,Apple,548,21,Female,1,1,0
6195,Tablets,Apple,541,65,Female,13,1,1
6196,Tablets,Apple,2631,29,Male,7,3,0
6197,Laptops,Other Brands,954,28,Female,16,1,0
6198,Laptops,HP,1747,32,Male,12,4,1
6199,Tablets,Apple,1947,34,Female,4,2,1
6200,Laptops,Apple,1474,37,Female,1,3,1
6201,Laptops,Sony,2565,44,Female,15,5,1
6202,Smartphones,HP,729,37,Female,11,4,1
6203,Smart Watches,Apple,234,32,Female,5,2,1
6204,Laptops,Other Brands,1828,20,Female,15,3,0
6205,Smart Watches,Samsung,147,57,Female,15,3,1
6206,Smart Watches,Apple,2698,51,Female,3,1,1
6207,Laptops,Other Brands,2351,28,Male,1,4,0
6208,Smart Watches,Apple,2428,43,Female,9,5,1
6209,Smartphones,Sony,1050,56,Male,2,1,0
6210,Tablets,Sony,856,18,Male,7,3,0
6211,Smartphones,Sony,1117,43,Female,14,2,1
6212,Headphones,Sony,2359,28,Female,3,2,0
6213,Laptops,Samsung,1153,64,Female,6,1,1
6214,Smartphones,Sony,1526,67,Female,1,5,1
6215,Headphones,Other Brands,2434,54,Male,11,3,0
6216,Smartphones,Other Brands,2164,63,Female,2,1,1
6217,Smart Watches,Apple,489,33,Male,8,3,0
6218,Headphones,Other Brands,1396,68,Male,18,3,0
6219,Smartphones,HP,1577,25,Female,7,2,0
6220,Tablets,Samsung,1369,19,Male,11,2,0
6221,Headphones,Samsung,957,52,Female,18,4,1
6222,Tablets,Samsung,909,20,Female,6,2,0
6223,Laptops,HP,1602,48,Female,13,2,1
6224,Laptops,Apple,749,59,Male,1,4,1
6225,Smartphones,Other Brands,493,68,Female,9,4,1
6226,Headphones,Sony,2181,38,Female,11,5,1
6227,Headphones,Other Brands,2964,64,Male,15,2,0
6228,Smart Watches,Samsung,481,64,Male,6,3,0
6229,Laptops,Samsung,392,35,Female,16,1,1
6230,Headphones,Apple,1085,60,Female,14,4,1
6231,Laptops,Apple,2425,23,Female,1,1,0
6232,Smart Watches,Sony,2315,43,Male,6,5,1
6233,Tablets,HP,2704,55,Female,12,2,1
6234,Laptops,Other Brands,742,31,Female,18,3,1
6235,Smart Watches,Sony,1900,60,Male,1,3,0
6236,Headphones,Samsung,2559,56,Female,7,2,1
6237,Smart Watches,Other Brands,2391,41,Male,5,4,1
6238,Laptops,Sony,2056,62,Female,17,3,1
6239,Smart Watches,HP,2700,32,Female,7,2,1
6240,Smart Watches,Samsung,2349,57,Male,8,2,0
6241,Smartphones,Other Brands,2329,62,Male,19,2,0
6242,Tablets,Other Brands,1620,33,Male,1,1,0
6243,Headphones,Other Brands,146,66,Male,15,3,0
6244,Smartphones,Sony,2261,58,Female,4,5,1
6245,Laptops,Apple,2334,32,Male,4,2,0
6246,Smart Watches,Sony,2969,67,Female,7,2,1
6247,Headphones,Other Brands,1827,39,Female,17,1,1
6248,Tablets,Other Brands,905,23,Female,13,4,1
6249,Smart Watches,Other Brands,737,38,Female,15,1,1
6250,Tablets,Sony,1142,38,Male,16,3,0
6251,Smartphones,HP,2283,23,Female,5,1,0
6252,Headphones,HP,1434,23,Male,9,5,0
6253,Smartphones,Other Brands,1478,22,Female,9,1,0
6254,Tablets,Apple,447,47,Female,5,4,1
6255,Tablets,HP,1092,43,Male,3,2,0
6256,Smart Watches,Other Brands,1629,25,Female,4,2,0
6257,Headphones,Samsung,1765,63,Female,8,1,1
6258,Tablets,Other Brands,785,54,Male,12,5,1
6259,Headphones,Apple,2823,29,Male,19,1,0
6260,Smart Watches,Samsung,1983,21,Female,6,1,0
6261,Smartphones,Apple,235,51,Male,3,5,1
6262,Smart Watches,Apple,2743,52,Male,6,3,0
6263,Smartphones,Other Brands,105,31,Male,16,4,1
6264,Smartphones,HP,700,59,Male,9,5,1
6265,Tablets,Samsung,1458,40,Male,17,1,0
6266,Tablets,Apple,674,40,Male,13,3,0
6267,Smartphones,Other Brands,2576,58,Female,18,5,1
6268,Smart Watches,HP,2056,50,Female,5,1,1
6269,Laptops,Apple,680,43,Male,1,5,1
6270,Smartphones,Samsung,510,62,Male,6,1,0
6271,Smart Watches,Apple,1887,42,Female,6,3,1
6272,Laptops,Apple,1767,38,Male,7,3,0
6273,Tablets,Other Brands,846,52,Male,3,4,1
6274,Headphones,Sony,1097,49,Male,7,3,0
6275,Headphones,HP,2891,50,Male,2,5,1
6276,Tablets,Samsung,223,24,Male,18,3,0
6277,Smart Watches,Sony,1825,59,Female,13,1,1
6278,Tablets,Other Brands,580,61,Female,5,4,1
6279,Laptops,Other Brands,672,61,Male,16,5,1
6280,Smartphones,Sony,2171,28,Male,3,5,0
6281,Tablets,Apple,1826,41,Female,4,2,1
6282,Smartphones,HP,2443,49,Female,3,1,1
6283,Headphones,Other Brands,461,59,Female,18,3,1
6284,Tablets,Other Brands,2650,25,Male,9,4,0
6285,Smart Watches,HP,1375,54,Male,10,2,0
6286,Smart Watches,Samsung,1375,53,Female,14,2,1
6287,Headphones,Sony,400,28,Male,17,3,0
6288,Smart Watches,Other Brands,1249,66,Male,10,3,0
6289,Headphones,HP,1475,57,Female,19,5,1
6290,Smart Watches,Sony,516,64,Female,5,5,1
6291,Laptops,Samsung,1605,45,Male,9,1,0
6292,Laptops,HP,543,40,Female,12,2,1
6293,Smart Watches,Samsung,2258,57,Female,15,3,1
6294,Smart Watches,HP,1096,58,Female,13,4,1
6295,Smartphones,Apple,2448,68,Male,1,1,0
6296,Smartphones,Apple,2962,30,Female,5,5,1
6297,Tablets,Other Brands,2834,65,Female,5,4,1
6298,Smartphones,HP,561,23,Male,8,3,0
6299,Laptops,Other Brands,986,29,Female,7,1,0
6300,Headphones,Apple,2367,65,Male,15,5,1
6301,Laptops,Apple,1375,44,Female,3,1,1
6302,Smart Watches,HP,2147,37,Male,3,1,0
6303,Headphones,Samsung,2336,69,Female,11,3,1
6304,Smartphones,HP,1741,33,Female,11,4,1
6305,Tablets,HP,1018,55,Female,5,5,1
6306,Tablets,Sony,2645,25,Female,7,2,0
6307,Tablets,Other Brands,508,46,Female,2,4,1
6308,Smart Watches,HP,110,46,Female,1,3,1
6309,Headphones,Sony,2102,68,Male,2,3,0
6310,Smart Watches,Other Brands,1675,42,Male,16,1,0
6311,Tablets,Samsung,1764,28,Female,7,4,1
6312,Tablets,Apple,623,27,Female,16,5,1
6313,Laptops,Apple,2486,34,Female,10,3,1
6314,Smartphones,Apple,2345,36,Male,17,3,0
6315,Smart Watches,HP,2667,27,Male,15,4,0
6316,Headphones,Other Brands,1003,27,Male,9,5,0
6317,Smartphones,Other Brands,248,52,Male,9,3,0
6318,Headphones,Sony,905,53,Female,13,2,1
6319,Headphones,Other Brands,1054,40,Male,16,5,1
6320,Laptops,HP,699,53,Female,18,4,1
6321,Tablets,Apple,2371,36,Female,10,1,1
6322,Tablets,Apple,2763,41,Female,18,2,1
6323,Smart Watches,Other Brands,1112,68,Female,17,2,1
6324,Smart Watches,Samsung,158,61,Female,6,2,1
6325,Smart Watches,Sony,969,42,Male,6,3,0
6326,Smart Watches,Samsung,2385,51,Female,6,3,1
6327,Headphones,Sony,512,18,Male,16,1,0
6328,Smartphones,Apple,1218,43,Male,19,2,0
6329,Smart Watches,Sony,564,36,Male,8,3,0
6330,Smartphones,Apple,321,42,Female,2,4,1
6331,Laptops,Samsung,2039,63,Male,5,3,0
6332,Laptops,Other Brands,425,31,Male,7,4,1
6333,Smartphones,Other Brands,815,68,Female,2,5,1
6334,Tablets,Other Brands,473,57,Female,9,1,1
6335,Laptops,Other Brands,932,38,Female,4,4,1
6336,Smartphones,Samsung,1074,63,Female,16,5,1
6337,Tablets,HP,2123,33,Female,1,4,1
6338,Tablets,Samsung,374,22,Male,7,1,0
6339,Tablets,Samsung,1564,36,Male,5,1,0
6340,Smartphones,HP,1683,26,Male,10,3,0
6341,Smart Watches,Other Brands,1232,46,Female,11,2,1
6342,Tablets,Samsung,682,42,Male,6,2,0
6343,Smart Watches,HP,2297,26,Female,5,2,0
6344,Laptops,Samsung,2836,20,Male,2,1,0
6345,Laptops,Sony,1880,50,Male,17,2,0
6346,Tablets,Samsung,2756,40,Male,13,5,1
6347,Headphones,Other Brands,1773,48,Male,14,1,0
6348,Tablets,HP,933,60,Male,1,5,1
6349,Smartphones,Apple,1226,46,Female,2,4,1
6350,Smartphones,Samsung,746,43,Female,9,3,1
6351,Laptops,Apple,1375,29,Male,14,5,0
6352,Laptops,Sony,1106,39,Female,8,2,1
6353,Smartphones,Sony,2876,69,Female,17,3,1
6354,Headphones,Sony,440,48,Female,7,5,1
6355,Smart Watches,Sony,2086,62,Female,2,2,1
6356,Smartphones,Samsung,1270,37,Male,18,4,1
6357,Laptops,Samsung,2082,23,Male,8,2,0
6358,Laptops,Sony,427,62,Female,17,4,1
6359,Smart Watches,Samsung,662,52,Female,13,1,1
6360,Smart Watches,Other Brands,2018,45,Female,5,3,1
6361,Tablets,Sony,1623,18,Male,4,3,0
6362,Tablets,Sony,333,26,Male,14,5,0
6363,Laptops,Samsung,252,56,Female,5,5,1
6364,Smart Watches,Sony,1804,43,Male,16,3,0
6365,Headphones,HP,2181,62,Male,13,4,1
6366,Smart Watches,Other Brands,403,52,Female,17,5,1
6367,Smartphones,Apple,717,25,Male,16,1,0
6368,Smart Watches,Apple,2637,68,Male,19,2,0
6369,Headphones,Sony,849,31,Female,11,2,1
6370,Smartphones,Samsung,782,54,Male,7,2,0
6371,Tablets,Samsung,2026,31,Male,1,2,0
6372,Smartphones,HP,2922,57,Female,8,3,1
6373,Laptops,Apple,603,40,Male,3,4,1
6374,Laptops,Samsung,817,40,Male,2,4,1
6375,Headphones,HP,556,23,Female,5,4,1
6376,Smart Watches,Samsung,525,24,Male,1,3,0
6377,Laptops,Sony,2766,43,Male,3,3,0
6378,Smartphones,Apple,1187,41,Female,10,1,1
6379,Headphones,Samsung,2070,49,Male,13,5,1
6380,Headphones,Apple,1388,63,Male,16,3,0
6381,Smartphones,Other Brands,2584,21,Female,18,1,0
6382,Headphones,HP,319,33,Female,7,2,1
6383,Headphones,Sony,1768,61,Female,1,3,1
6384,Smart Watches,Sony,2623,29,Male,9,1,0
6385,Tablets,HP,1199,65,Female,14,2,1
6386,Headphones,Other Brands,601,35,Female,6,2,1
6387,Tablets,Apple,2051,56,Female,11,4,1
6388,Tablets,Samsung,1700,40,Female,14,4,1
6389,Laptops,Apple,2320,41,Female,9,1,1
6390,Headphones,Samsung,1473,61,Female,13,4,1
6391,Laptops,Other Brands,419,66,Male,6,4,1
6392,Tablets,Sony,2053,29,Male,17,2,0
6393,Tablets,Sony,443,23,Male,2,2,0
6394,Smartphones,Sony,1465,43,Female,8,4,1
6395,Tablets,Sony,2129,48,Female,6,2,1
6396,Smartphones,Other Brands,2124,54,Male,10,1,0
6397,Smartphones,Samsung,2280,25,Female,18,4,1
6398,Tablets,Other Brands,2128,55,Male,1,4,1
6399,Tablets,Samsung,1670,41,Female,10,3,1
6400,Headphones,Sony,2068,44,Female,19,2,1
6401,Tablets,Apple,2775,38,Female,4,2,1
6402,Smartphones,Samsung,461,27,Female,10,1,0
6403,Tablets,HP,575,60,Male,9,5,1
6404,Tablets,Samsung,552,47,Female,8,2,1
6405,Smart Watches,Sony,215,69,Male,19,2,0
6406,Smartphones,Samsung,491,32,Female,5,4,1
6407,Laptops,Samsung,524,31,Female,5,1,1
6408,Headphones,Other Brands,2757,64,Female,15,3,1
6409,Smart Watches,Sony,2799,56,Male,13,2,0
6410,Headphones,HP,1114,49,Female,18,4,1
6411,Smartphones,Samsung,1179,66,Male,19,5,1
6412,Headphones,Samsung,625,69,Female,3,3,1
6413,Smartphones,Sony,2486,23,Female,13,4,1
6414,Laptops,Samsung,2868,21,Female,4,1,0
6415,Laptops,Sony,755,27,Female,2,3,0
6416,Smart Watches,Other Brands,2076,20,Male,12,1,0
6417,Headphones,Apple,2122,20,Male,6,3,0
6418,Smart Watches,Samsung,982,61,Male,17,3,0
6419,Headphones,Other Brands,779,23,Female,5,1,0
6420,Laptops,HP,1656,41,Female,11,4,1
6421,Laptops,Samsung,880,23,Male,15,4,0
6422,Tablets,Sony,541,63,Male,19,2,0
6423,Tablets,Apple,2619,69,Male,4,1,0
6424,Smartphones,Samsung,2251,32,Female,8,3,1
6425,Smart Watches,Apple,929,43,Female,8,2,1
6426,Smart Watches,Apple,436,24,Female,17,2,0
6427,Smartphones,HP,337,29,Male,8,1,0
6428,Smart Watches,Sony,2313,28,Female,19,3,0
6429,Laptops,Sony,827,51,Male,1,4,1
6430,Smart Watches,Other Brands,1644,60,Male,8,4,1
6431,Tablets,Sony,2684,66,Female,7,3,1
6432,Laptops,Apple,1709,40,Male,5,3,0
6433,Laptops,Other Brands,2341,18,Female,16,3,0
6434,Smartphones,Apple,637,34,Male,18,2,0
6435,Headphones,Apple,1448,29,Female,12,3,0
6436,Headphones,Sony,2972,28,Male,8,2,0
6437,Smartphones,Sony,1927,67,Female,6,3,1
6438,Smart Watches,HP,2993,55,Male,18,5,1
6439,Laptops,Other Brands,147,24,Male,10,5,0
6440,Smart Watches,HP,2886,43,Female,7,5,1
6441,Headphones,HP,1330,45,Male,19,4,1
6442,Tablets,Other Brands,1004,54,Male,7,1,0
6443,Smartphones,HP,475,45,Male,5,5,1
6444,Laptops,Sony,136,57,Female,5,2,1
6445,Smart Watches,Other Brands,432,54,Female,17,2,1
6446,Tablets,Samsung,2693,21,Female,10,1,0
6447,Laptops,Apple,2077,68,Male,19,5,1
6448,Headphones,Sony,2549,43,Male,2,4,1
6449,Smart Watches,Apple,1360,25,Male,11,4,0
6450,Tablets,HP,1602,53,Male,13,3,0
6451,Smartphones,Apple,2051,67,Female,6,4,1
6452,Smartphones,Apple,2576,63,Female,11,5,1
6453,Smartphones,Apple,818,43,Male,11,1,0
6454,Laptops,Samsung,2615,43,Male,5,2,0
6455,Smartphones,Apple,2220,32,Male,9,1,0
6456,Headphones,Apple,2192,33,Female,11,4,1
6457,Tablets,Sony,2911,60,Female,2,2,1
6458,Laptops,Other Brands,1303,22,Female,4,4,1
6459,Smartphones,Samsung,2003,69,Male,15,1,0
6460,Laptops,HP,317,50,Female,8,1,1
6461,Smart Watches,Apple,637,18,Female,16,5,1
6462,Headphones,Samsung,2461,35,Female,17,3,1
6463,Smartphones,HP,674,53,Female,4,2,1
6464,Smartphones,Other Brands,1911,25,Male,19,4,0
6465,Headphones,HP,1474,36,Male,1,4,1
6466,Tablets,HP,1763,65,Female,10,4,1
6467,Smart Watches,Samsung,696,69,Female,12,5,1
6468,Smart Watches,Other Brands,838,61,Female,2,3,1
6469,Smartphones,Other Brands,452,68,Female,18,2,1
6470,Laptops,HP,770,31,Male,3,5,1
6471,Smart Watches,Samsung,1881,50,Female,1,3,1
6472,Laptops,HP,494,62,Male,1,1,0
6473,Headphones,Apple,1016,37,Female,4,2,1
6474,Laptops,Other Brands,2238,51,Female,6,3,1
6475,Laptops,Samsung,1438,21,Female,11,3,0
6476,Headphones,Other Brands,882,51,Female,16,3,1
6477,Laptops,Sony,614,38,Male,10,1,0
6478,Headphones,Samsung,2666,38,Male,18,4,1
6479,Tablets,Samsung,552,49,Female,5,4,1
6480,Headphones,HP,594,49,Female,14,3,1
6481,Laptops,Sony,1590,38,Female,11,4,1
6482,Laptops,Sony,2447,45,Male,4,4,1
6483,Smart Watches,Sony,436,64,Male,5,1,0
6484,Laptops,Other Brands,1009,56,Female,12,4,1
6485,Smart Watches,Samsung,678,20,Male,10,3,0
6486,Smartphones,Samsung,1987,19,Male,12,2,0
6487,Smartphones,HP,967,21,Male,1,1,0
6488,Laptops,Sony,1576,66,Male,18,3,0
6489,Smart Watches,Samsung,1110,46,Female,4,5,1
6490,Smartphones,Samsung,2683,61,Male,2,2,0
6491,Laptops,Sony,1773,26,Female,4,4,1
6492,Smartphones,Other Brands,2050,65,Female,4,2,1
6493,Tablets,Other Brands,1636,58,Male,15,5,1
6494,Smartphones,HP,2112,61,Male,2,5,1
6495,Laptops,Sony,1805,38,Male,8,4,1
6496,Headphones,Samsung,1619,55,Female,12,5,1
6497,Tablets,Apple,1023,50,Male,13,3,0
6498,Smartphones,Samsung,2357,29,Female,10,2,0
6499,Headphones,HP,1872,56,Female,8,3,1
6500,Smartphones,HP,2856,33,Male,10,3,0
6501,Smart Watches,Other Brands,1518,54,Male,3,1,0
6502,Smart Watches,Sony,2239,54,Female,10,5,1
6503,Headphones,Sony,2809,30,Male,8,4,0
6504,Smartphones,Apple,317,27,Female,7,3,0
6505,Tablets,Sony,1724,69,Female,17,1,1
6506,Headphones,Sony,2285,33,Male,15,3,0
6507,Laptops,HP,2653,30,Male,5,1,0
6508,Smartphones,Samsung,1598,63,Male,6,5,1
6509,Laptops,Sony,1469,26,Male,8,3,0
6510,Laptops,Apple,674,49,Female,4,1,1
6511,Laptops,Apple,523,24,Female,2,4,1
6512,Laptops,Sony,1919,65,Female,14,5,1
6513,Laptops,Samsung,306,49,Male,5,4,1
6514,Tablets,Apple,1575,40,Male,7,3,0
6515,Laptops,Samsung,533,51,Female,1,2,1
6516,Laptops,HP,2584,63,Male,19,1,0
6517,Laptops,Other Brands,1587,42,Male,10,2,0
6518,Headphones,Apple,1024,33,Female,1,1,1
6519,Laptops,Samsung,1615,63,Female,8,5,1
6520,Laptops,HP,126,45,Male,8,5,1
6521,Laptops,Apple,167,45,Male,7,4,1
6522,Smartphones,Sony,2761,26,Female,7,5,1
6523,Headphones,HP,1653,31,Female,14,1,1
6524,Laptops,Other Brands,837,44,Male,16,5,1
6525,Laptops,Samsung,2151,41,Male,12,4,1
6526,Smart Watches,Other Brands,1789,54,Female,18,4,1
6527,Tablets,HP,2401,51,Female,9,2,1
6528,Laptops,Other Brands,121,58,Male,11,1,0
6529,Headphones,Other Brands,622,45,Female,2,1,1
6530,Smartphones,HP,2744,33,Male,19,1,0
6531,Laptops,Other Brands,584,21,Male,16,4,0
6532,Smartphones,Sony,2420,18,Male,8,5,0
6533,Smartphones,Sony,1118,61,Female,4,5,1
6534,Smart Watches,Samsung,903,68,Male,8,2,0
6535,Smartphones,Apple,2971,34,Female,19,5,1
6536,Smart Watches,Sony,2772,37,Male,15,3,0
6537,Headphones,Samsung,973,31,Female,15,5,1
6538,Smartphones,Sony,692,38,Female,4,1,1
6539,Tablets,Apple,123,29,Female,8,2,0
6540,Laptops,Other Brands,2806,63,Male,1,5,1
6541,Tablets,HP,2406,20,Female,3,2,0
6542,Smartphones,Sony,2563,43,Female,11,1,1
6543,Smartphones,Sony,2264,39,Female,1,1,1
6544,Laptops,Other Brands,2934,35,Female,16,2,1
6545,Headphones,Sony,1533,60,Male,10,5,1
6546,Headphones,Samsung,138,62,Male,16,1,0
6547,Smartphones,HP,1958,23,Male,3,3,0
6548,Tablets,Samsung,445,62,Male,3,2,0
6549,Headphones,Apple,2443,47,Female,11,5,1
6550,Smartphones,HP,2493,37,Male,12,5,1
6551,Smart Watches,HP,1372,48,Female,10,3,1
6552,Smartphones,Other Brands,1139,54,Male,10,4,1
6553,Tablets,Apple,1650,41,Male,4,3,0
6554,Smart Watches,Apple,1168,67,Female,19,4,1
6555,Tablets,Apple,730,23,Male,8,3,0
6556,Smartphones,Other Brands,701,69,Male,3,2,0
6557,Smartphones,Sony,188,18,Female,19,4,1
6558,Tablets,Apple,280,37,Female,4,1,1
6559,Smartphones,Other Brands,2384,27,Male,6,2,0
6560,Laptops,Samsung,621,43,Female,18,3,1
6561,Headphones,Samsung,1175,29,Male,14,2,0
6562,Smart Watches,Other Brands,863,60,Male,4,2,0
6563,Smart Watches,Sony,262,52,Male,13,4,1
6564,Smart Watches,Samsung,1447,33,Female,10,5,1
6565,Headphones,Apple,1192,65,Male,11,3,0
6566,Headphones,Sony,933,21,Female,7,3,0
6567,Headphones,Apple,434,63,Male,14,5,1
6568,Smart Watches,Sony,963,50,Female,4,5,1
6569,Headphones,Sony,366,21,Female,7,4,1
6570,Laptops,Sony,2334,48,Male,6,2,0
6571,Tablets,Sony,2302,18,Male,6,2,0
6572,Headphones,Apple,2329,34,Male,3,1,0
6573,Tablets,HP,603,51,Male,4,2,0
6574,Laptops,Apple,742,32,Female,7,4,1
6575,Laptops,Apple,1790,69,Male,1,5,1
6576,Smartphones,Apple,1396,65,Male,14,5,1
6577,Tablets,Samsung,625,51,Male,10,5,1
6578,Smartphones,Sony,1643,43,Male,12,3,0
6579,Headphones,Other Brands,2117,56,Female,1,2,1
6580,Smart Watches,Other Brands,1199,67,Female,2,1,1
6581,Laptops,Apple,943,23,Female,17,5,1
6582,Headphones,Samsung,1994,63,Female,12,3,1
6583,Laptops,HP,1193,22,Male,10,3,0
6584,Laptops,Other Brands,2357,60,Male,3,3,0
6585,Tablets,Samsung,1149,60,Male,13,2,0
6586,Smart Watches,Other Brands,1943,26,Male,2,2,0
6587,Headphones,Other Brands,546,51,Male,6,5,1
6588,Smart Watches,Samsung,2201,48,Female,19,4,1
6589,Smartphones,Samsung,1845,63,Female,8,4,1
6590,Tablets,Sony,2005,66,Male,16,4,1
6591,Smart Watches,HP,2464,64,Female,7,5,1
6592,Smart Watches,Samsung,776,43,Female,19,3,1
6593,Laptops,Sony,1159,50,Male,8,4,1
6594,Laptops,Other Brands,1079,64,Male,13,2,0
6595,Smartphones,HP,1428,42,Female,9,2,1
6596,Tablets,Sony,2195,39,Female,4,4,1
6597,Tablets,Apple,2040,20,Male,17,4,0
6598,Smartphones,Samsung,596,63,Male,8,1,0
6599,Laptops,Sony,2115,31,Female,14,5,1
6600,Smartphones,Apple,495,37,Male,8,1,0
6601,Smart Watches,Other Brands,865,44,Female,7,1,1
6602,Tablets,Sony,1746,59,Male,1,5,1
6603,Smart Watches,HP,417,47,Male,8,4,1
6604,Headphones,HP,878,35,Female,12,1,1
6605,Headphones,Samsung,2871,63,Male,5,3,0
6606,Smartphones,Samsung,2014,27,Female,13,3,0
6607,Smart Watches,Sony,1411,26,Female,3,3,0
6608,Smart Watches,Sony,1893,37,Female,4,1,1
6609,Laptops,Other Brands,814,65,Male,12,2,0
6610,Tablets,Sony,1012,37,Female,16,5,1
6611,Smart Watches,Samsung,2525,47,Male,7,5,1
6612,Smartphones,HP,1669,20,Male,4,3,0
6613,Laptops,Sony,461,19,Male,2,2,0
6614,Headphones,HP,960,31,Male,3,5,1
6615,Headphones,HP,1130,52,Male,15,1,0
6616,Smartphones,Other Brands,2856,30,Male,1,1,0
6617,Laptops,Apple,2575,62,Female,13,4,1
6618,Smart Watches,Other Brands,2958,40,Male,19,3,0
6619,Smartphones,Apple,2896,58,Female,12,4,1
6620,Laptops,Sony,657,40,Female,15,5,1
6621,Smart Watches,Sony,2364,65,Male,18,2,0
6622,Laptops,Apple,174,32,Female,8,4,1
6623,Tablets,Sony,1397,65,Male,4,1,0
6624,Tablets,Sony,2193,60,Female,15,1,1
6625,Tablets,Sony,284,57,Male,14,4,1
6626,Laptops,HP,2162,52,Male,14,5,1
6627,Laptops,Sony,2069,69,Male,12,4,1
6628,Headphones,Apple,1912,33,Male,12,4,1
6629,Laptops,Samsung,2527,23,Male,14,1,0
6630,Laptops,Other Brands,2714,24,Male,14,2,0
6631,Smartphones,Samsung,693,60,Male,8,4,1
6632,Laptops,Sony,1372,39,Male,16,4,1
6633,Smartphones,Sony,1492,56,Male,3,3,0
6634,Laptops,Samsung,1430,19,Female,19,2,0
6635,Headphones,Other Brands,2914,51,Female,19,4,1
6636,Headphones,Other Brands,1324,45,Male,4,4,1
6637,Smart Watches,Apple,1794,63,Female,9,3,1
6638,Smart Watches,Sony,2237,23,Male,11,4,0
6639,Tablets,Other Brands,1551,61,Male,2,1,0
6640,Smartphones,Samsung,726,22,Female,10,5,1
6641,Tablets,Apple,492,62,Male,13,4,1
6642,Headphones,HP,981,20,Male,19,2,0
6643,Smartphones,Sony,2103,27,Female,4,3,0
6644,Smart Watches,Samsung,1002,46,Male,9,1,0
6645,Tablets,Apple,984,57,Male,3,1,0
6646,Smartphones,HP,2023,38,Male,9,1,0
6647,Smartphones,HP,1918,40,Male,17,5,1
6648,Tablets,Apple,2193,50,Female,7,1,1
6649,Headphones,Sony,156,64,Male,15,5,1
6650,Laptops,Other Brands,2686,54,Male,13,3,0
6651,Laptops,Samsung,572,18,Female,13,2,0
6652,Laptops,HP,2728,54,Female,6,1,1
6653,Tablets,Samsung,1588,30,Female,18,3,0
6654,Laptops,HP,643,20,Male,5,2,0
6655,Laptops,Samsung,623,23,Female,19,1,0
6656,Tablets,HP,2903,24,Female,16,1,0
6657,Laptops,Other Brands,2327,45,Male,19,5,1
6658,Tablets,Samsung,2193,21,Female,5,3,0
6659,Smartphones,Other Brands,1808,66,Male,5,2,0
6660,Headphones,Samsung,2835,26,Male,7,5,0
6661,Laptops,Samsung,2923,39,Female,14,2,1
6662,Laptops,Other Brands,2802,55,Female,4,5,1
6663,Smartphones,Samsung,2690,67,Male,14,3,0
6664,Smartphones,Other Brands,2204,36,Male,17,5,1
6665,Smartphones,Apple,1368,36,Female,16,2,1
6666,Headphones,Other Brands,605,22,Female,19,1,0
6667,Smartphones,Apple,1942,28,Male,8,2,0
6668,Smart Watches,HP,1352,22,Male,12,3,0
6669,Tablets,Sony,348,69,Male,15,3,0
6670,Tablets,Sony,1601,19,Male,11,2,0
6671,Laptops,Apple,1096,19,Male,11,3,0
6672,Smart Watches,HP,2655,21,Male,13,3,0
6673,Smartphones,Sony,2973,32,Female,11,1,1
6674,Laptops,Sony,2380,60,Male,19,2,0
6675,Headphones,HP,636,42,Female,14,4,1
6676,Laptops,Apple,777,66,Female,7,3,1
6677,Smart Watches,HP,134,66,Female,13,1,1
6678,Headphones,HP,428,18,Male,15,4,0
6679,Smart Watches,Other Brands,821,37,Male,4,2,0
6680,Headphones,HP,193,55,Male,8,3,0
6681,Smart Watches,Samsung,2130,19,Female,10,5,1
6682,Smartphones,Sony,1682,42,Male,5,4,1
6683,Smartphones,Other Brands,825,59,Male,18,2,0
6684,Headphones,HP,2365,28,Female,17,5,1
6685,Headphones,Apple,971,24,Male,3,3,0
6686,Tablets,Apple,1422,33,Male,9,2,0
6687,Laptops,Sony,785,57,Male,6,3,0
6688,Smart Watches,Apple,1604,49,Female,19,5,1
6689,Headphones,Sony,1091,54,Male,17,3,0
6690,Laptops,HP,1935,44,Female,2,2,1
6691,Smart Watches,Samsung,1086,29,Female,12,2,0
6692,Smart Watches,Sony,2553,36,Male,5,5,1
6693,Smart Watches,Sony,2429,53,Male,9,1,0
6694,Smartphones,Sony,995,18,Male,15,1,0
6695,Headphones,Other Brands,1180,47,Female,15,5,1
6696,Tablets,Apple,1437,53,Female,2,5,1
6697,Tablets,HP,2082,61,Female,19,2,1
6698,Smartphones,Apple,2884,56,Male,3,2,0
6699,Headphones,Samsung,2899,61,Male,11,5,1
6700,Laptops,Other Brands,2744,31,Male,17,4,1
6701,Laptops,Samsung,710,48,Male,8,2,0
6702,Smartphones,Other Brands,2270,29,Female,6,4,1
6703,Tablets,Apple,160,42,Male,7,2,0
6704,Smart Watches,Other Brands,2001,50,Female,2,1,1
6705,Tablets,Other Brands,2311,25,Male,8,1,0
6706,Smartphones,Samsung,1666,18,Female,12,3,0
6707,Headphones,Apple,1065,31,Male,18,2,0
6708,Smart Watches,Samsung,732,21,Male,5,4,0
6709,Headphones,Other Brands,2364,43,Male,16,2,0
6710,Smartphones,Apple,1839,36,Male,7,1,0
6711,Smartphones,Apple,1706,61,Male,14,2,0
6712,Smart Watches,Sony,2163,29,Male,5,3,0
6713,Smart Watches,HP,1506,52,Male,13,3,0
6714,Smartphones,Samsung,1622,22,Female,7,5,1
6715,Tablets,Samsung,548,44,Male,12,4,1
6716,Headphones,Apple,1731,46,Male,14,4,1
6717,Smart Watches,Samsung,904,56,Female,7,5,1
6718,Laptops,Samsung,177,21,Male,19,4,0
6719,Smart Watches,Samsung,1506,48,Male,2,1,0
6720,Smartphones,HP,2169,69,Female,5,1,1
6721,Tablets,Apple,508,37,Female,5,1,1
6722,Tablets,Samsung,1656,68,Male,9,2,0
6723,Headphones,Other Brands,2622,46,Male,16,1,0
6724,Smartphones,Samsung,1670,67,Male,10,4,1
6725,Headphones,Samsung,2747,67,Male,5,2,0
6726,Tablets,Samsung,2772,29,Female,17,5,1
6727,Tablets,Apple,1652,47,Female,14,4,1
6728,Smart Watches,Apple,259,34,Female,18,2,1
6729,Tablets,Other Brands,948,27,Female,10,4,1
6730,Tablets,Other Brands,1672,46,Female,15,1,1
6731,Smart Watches,Other Brands,2374,54,Female,13,3,1
6732,Headphones,Sony,557,26,Male,19,3,0
6733,Laptops,Samsung,263,64,Female,13,1,1
6734,Laptops,Samsung,2445,38,Male,17,1,0
6735,Smartphones,HP,764,50,Male,13,2,0
6736,Tablets,Other Brands,1017,22,Male,11,3,0
6737,Laptops,Samsung,767,66,Male,15,1,0
6738,Smart Watches,Sony,916,34,Male,16,5,1
6739,Smartphones,Apple,1903,58,Female,14,3,1
6740,Laptops,HP,1622,43,Male,6,5,1
6741,Smart Watches,Sony,1716,38,Male,18,5,1
6742,Smartphones,Apple,1940,68,Male,8,3,0
6743,Smart Watches,Sony,2274,19,Female,14,5,1
6744,Laptops,Apple,1377,52,Female,5,5,1
6745,Smartphones,Other Brands,1983,25,Female,19,5,1
6746,Laptops,HP,1500,67,Female,4,2,1
6747,Tablets,Samsung,2766,32,Male,8,3,0
6748,Headphones,Other Brands,1172,41,Female,15,2,1
6749,Smart Watches,HP,691,54,Male,7,1,0
6750,Tablets,Apple,685,52,Male,8,1,0
6751,Smartphones,HP,761,18,Female,3,5,1
6752,Laptops,HP,1784,68,Female,3,2,1
6753,Headphones,Sony,601,24,Male,14,1,0
6754,Smartphones,Other Brands,674,56,Female,1,5,1
6755,Headphones,HP,1115,50,Male,3,4,1
6756,Headphones,Samsung,1153,38,Male,10,2,0
6757,Smartphones,HP,182,30,Female,8,1,0
6758,Laptops,Apple,1423,43,Male,1,1,0
6759,Smart Watches,Apple,396,41,Female,9,1,1
6760,Laptops,Sony,2894,23,Female,1,3,0
6761,Laptops,Other Brands,1544,64,Male,1,5,1
6762,Laptops,Apple,1141,61,Female,6,2,1
6763,Smart Watches,Samsung,1890,60,Female,9,4,1
6764,Headphones,Samsung,944,31,Male,9,5,1
6765,Tablets,Samsung,518,51,Female,7,2,1
6766,Smartphones,Other Brands,1848,33,Male,6,5,1
6767,Laptops,Apple,442,28,Female,5,1,0
6768,Smart Watches,HP,2765,54,Male,14,3,0
6769,Smartphones,Apple,2698,31,Female,14,5,1
6770,Headphones,Other Brands,1250,20,Female,16,3,0
6771,Laptops,HP,2894,62,Male,4,5,1
6772,Tablets,Other Brands,1340,28,Female,8,1,0
6773,Tablets,Apple,1843,39,Male,18,1,0
6774,Headphones,Other Brands,1928,50,Male,17,5,1
6775,Smartphones,Apple,400,20,Male,2,5,0
6776,Headphones,Sony,193,43,Female,17,5,1
6777,Laptops,HP,1015,59,Female,4,2,1
6778,Smart Watches,Sony,1353,49,Female,18,4,1
6779,Laptops,Apple,1225,60,Male,18,1,0
6780,Smartphones,Sony,621,45,Female,11,3,1
6781,Smart Watches,Other Brands,1847,66,Male,18,5,1
6782,Headphones,Samsung,2442,28,Female,6,3,0
6783,Smart Watches,Sony,2034,51,Female,1,5,1
6784,Smart Watches,Other Brands,2345,52,Male,3,2,0
6785,Laptops,Apple,849,30,Female,13,3,0
6786,Laptops,Other Brands,2447,59,Male,14,5,1
6787,Smart Watches,Samsung,2811,69,Male,17,5,1
6788,Smart Watches,Other Brands,1504,69,Male,14,1,0
6789,Smartphones,Sony,1905,69,Male,11,2,0
6790,Laptops,Other Brands,299,56,Female,1,2,1
6791,Headphones,Sony,2271,35,Male,19,5,1
6792,Tablets,Apple,2261,55,Female,1,4,1
6793,Smartphones,HP,2873,42,Female,19,1,1
6794,Laptops,Other Brands,2712,65,Male,16,5,1
6795,Headphones,HP,2523,47,Female,18,3,1
6796,Laptops,Apple,1376,37,Male,2,5,1
6797,Laptops,Sony,1640,64,Male,1,5,1
6798,Smartphones,Sony,405,38,Male,13,2,0
6799,Laptops,Samsung,2882,57,Female,9,4,1
6800,Headphones,HP,467,34,Female,13,2,1
6801,Smartphones,Other Brands,2991,20,Male,6,2,0
6802,Headphones,Apple,2548,64,Male,11,4,1
6803,Smart Watches,Apple,1047,49,Female,15,3,1
6804,Tablets,Samsung,994,66,Female,2,2,1
6805,Tablets,Sony,1647,66,Female,3,5,1
6806,Headphones,HP,2591,29,Female,1,3,0
6807,Headphones,Other Brands,579,25,Female,16,2,0
6808,Tablets,HP,600,61,Female,3,3,1
6809,Headphones,HP,1408,43,Female,2,5,1
6810,Laptops,Apple,673,56,Male,12,3,0
6811,Smartphones,Other Brands,2090,44,Female,19,5,1
6812,Tablets,HP,1581,58,Female,4,1,1
6813,Smartphones,Sony,826,36,Female,10,4,1
6814,Laptops,Apple,1956,58,Male,11,1,0
6815,Smartphones,HP,2706,59,Male,8,5,1
6816,Headphones,Other Brands,2235,28,Female,11,5,1
6817,Headphones,Samsung,2201,59,Female,3,5,1
6818,Headphones,Samsung,273,49,Female,4,5,1
6819,Laptops,Other Brands,485,18,Male,12,3,0
6820,Laptops,Sony,144,36,Female,2,3,1
6821,Smart Watches,HP,626,26,Female,5,3,0
6822,Headphones,HP,739,40,Male,8,3,0
6823,Smart Watches,Apple,484,32,Male,15,4,1
6824,Headphones,Apple,2808,60,Female,6,4,1
6825,Smartphones,HP,2108,33,Female,10,3,1
6826,Smart Watches,Sony,1720,47,Male,3,2,0
6827,Laptops,Samsung,1582,44,Male,13,4,1
6828,Headphones,HP,1963,63,Male,3,3,0
6829,Tablets,HP,658,22,Female,12,2,0
6830,Smartphones,HP,2400,47,Male,16,1,0
6831,Laptops,HP,212,37,Male,14,2,0
6832,Smart Watches,Samsung,937,57,Male,13,3,0
6833,Tablets,Other Brands,1008,24,Female,6,4,1
6834,Laptops,Apple,1121,69,Male,11,4,1
6835,Smartphones,Other Brands,743,19,Male,17,4,0
6836,Tablets,Sony,2620,64,Female,9,3,1
6837,Smartphones,Apple,2992,38,Female,15,2,1
6838,Smartphones,Apple,2596,23,Female,12,1,0
6839,Smart Watches,Apple,931,43,Female,2,3,1
6840,Headphones,Other Brands,2328,54,Male,11,1,0
6841,Tablets,Samsung,2956,45,Male,13,3,0
6842,Smartphones,Apple,2047,20,Female,7,3,0
6843,Smart Watches,Apple,332,54,Male,8,3,0
6844,Smart Watches,Apple,109,33,Female,11,4,1
6845,Tablets,Sony,2940,29,Female,7,3,0
6846,Smart Watches,Other Brands,977,23,Male,8,4,0
6847,Tablets,Samsung,655,23,Male,2,1,0
6848,Laptops,Sony,1905,24,Female,6,2,0
6849,Laptops,HP,789,21,Female,4,5,1
6850,Headphones,HP,1330,32,Female,1,2,1
6851,Headphones,HP,444,46,Male,18,4,1
6852,Headphones,Samsung,1504,19,Female,5,3,0
6853,Headphones,Other Brands,414,47,Female,10,4,1
6854,Headphones,Other Brands,556,44,Male,13,2,0
6855,Smartphones,HP,1602,57,Female,5,4,1
6856,Tablets,Other Brands,406,49,Female,12,2,1
6857,Tablets,HP,2217,55,Male,3,2,0
6858,Smartphones,Other Brands,2084,61,Male,9,5,1
6859,Tablets,Apple,391,54,Female,9,1,1
6860,Smart Watches,Apple,1925,23,Female,9,1,0
6861,Laptops,Sony,2017,51,Male,1,1,0
6862,Headphones,Other Brands,1224,62,Male,3,4,1
6863,Smart Watches,Sony,1841,30,Female,15,5,1
6864,Tablets,Apple,802,53,Female,7,1,1
6865,Laptops,HP,1323,40,Female,12,2,1
6866,Headphones,Sony,1475,62,Male,1,5,1
6867,Smart Watches,Other Brands,485,40,Male,4,1,0
6868,Headphones,HP,2896,31,Female,15,2,1
6869,Smart Watches,HP,2906,46,Female,9,3,1
6870,Headphones,Other Brands,2405,58,Female,8,2,1
6871,Smartphones,Other Brands,2369,27,Male,19,2,0
6872,Laptops,HP,1931,40,Male,7,5,1
6873,Headphones,Other Brands,1022,40,Male,5,1,0
6874,Smart Watches,HP,1963,54,Male,14,2,0
6875,Smartphones,HP,2654,32,Female,10,1,1
6876,Headphones,Sony,956,31,Male,3,2,0
6877,Laptops,Apple,2835,32,Male,15,3,0
6878,Smartphones,HP,1243,30,Female,1,5,1
6879,Smart Watches,Apple,1140,39,Male,16,2,0
6880,Smartphones,HP,671,54,Male,17,4,1
6881,Smartphones,Other Brands,1920,61,Male,9,2,0
6882,Smart Watches,Apple,1746,51,Male,18,1,0
6883,Tablets,Sony,1831,36,Female,11,4,1
6884,Laptops,Apple,1003,20,Male,11,4,0
6885,Headphones,HP,653,48,Male,3,4,1
6886,Smartphones,Apple,890,49,Female,15,3,1
6887,Tablets,Samsung,1373,39,Male,2,1,0
6888,Smartphones,Samsung,572,23,Female,16,3,0
6889,Smartphones,Sony,790,42,Female,1,5,1
6890,Smart Watches,Apple,2391,57,Female,14,4,1
6891,Smartphones,Samsung,1021,21,Female,1,2,0
6892,Smartphones,Other Brands,1710,21,Male,15,1,0
6893,Smartphones,HP,2632,66,Female,12,5,1
6894,Laptops,HP,1376,25,Male,18,3,0
6895,Smartphones,Other Brands,1671,34,Female,17,4,1
6896,Smart Watches,Other Brands,217,22,Male,5,2,0
6897,Smart Watches,Samsung,561,43,Male,1,3,0
6898,Smart Watches,Samsung,863,27,Male,16,1,0
6899,Tablets,Other Brands,1172,49,Female,11,2,1
6900,Smart Watches,Samsung,2657,19,Female,17,5,1
6901,Smartphones,Samsung,683,66,Male,7,5,1
6902,Smart Watches,HP,796,67,Female,14,3,1
6903,Headphones,Samsung,989,21,Male,18,3,0
6904,Tablets,Sony,1113,42,Male,13,3,0
6905,Headphones,Sony,1831,49,Female,12,4,1
6906,Tablets,Samsung,2825,34,Male,4,5,1
6907,Headphones,HP,2095,33,Male,5,5,1
6908,Headphones,Samsung,2891,68,Male,1,5,1
6909,Smart Watches,Apple,710,44,Male,4,2,0
6910,Smartphones,HP,1270,33,Male,15,4,1
6911,Tablets,Apple,1729,35,Female,5,5,1
6912,Smartphones,Sony,2362,30,Male,18,2,0
6913,Smartphones,Other Brands,109,35,Male,4,3,0
6914,Laptops,Apple,1738,61,Female,10,4,1
6915,Smartphones,Apple,2342,49,Female,7,1,1
6916,Laptops,Other Brands,715,39,Male,12,2,0
6917,Laptops,Apple,2280,38,Female,9,4,1
6918,Smart Watches,HP,1787,53,Male,8,5,1
6919,Smartphones,HP,207,66,Female,7,1,1
6920,Tablets,Sony,588,44,Male,4,2,0
6921,Laptops,Samsung,1997,52,Male,12,5,1
6922,Smartphones,Sony,645,49,Female,6,4,1
6923,Headphones,Samsung,2102,26,Male,17,2,0
6924,Smartphones,Apple,2213,45,Female,16,3,1
6925,Smart Watches,HP,1012,46,Male,8,5,1
6926,Headphones,Sony,1329,55,Male,3,4,1
6927,Headphones,Sony,1577,48,Female,6,2,1
6928,Smartphones,HP,1391,26,Male,18,5,0
6929,Smart Watches,Sony,1986,54,Male,11,3,0
6930,Tablets,Samsung,375,36,Male,11,3,0
6931,Smartphones,Sony,1947,31,Female,6,1,1
6932,Smart Watches,Samsung,1740,43,Female,19,4,1
6933,Smart Watches,Sony,313,28,Male,19,3,0
6934,Tablets,Apple,1005,41,Male,4,2,0
6935,Tablets,Apple,1171,28,Female,13,4,1
6936,Smart Watches,Samsung,1874,51,Female,7,1,1
6937,Smart Watches,Apple,1349,26,Female,15,4,1
6938,Smart Watches,Samsung,2141,58,Male,7,2,0
6939,Smart Watches,Samsung,2618,53,Female,12,1,1
6940,Smartphones,Sony,865,63,Female,12,1,1
6941,Laptops,Other Brands,1603,20,Female,8,1,0
6942,Laptops,Sony,1031,68,Female,2,5,1
6943,Headphones,HP,1747,61,Female,3,5,1
6944,Smartphones,Other Brands,2516,24,Male,5,2,0
6945,Laptops,Samsung,2774,25,Female,14,4,1
6946,Headphones,Apple,486,49,Female,12,5,1
6947,Laptops,Apple,891,56,Female,4,3,1
6948,Laptops,Samsung,645,21,Female,6,4,1
6949,Laptops,Sony,2488,32,Female,5,4,1
6950,Smart Watches,Sony,2610,50,Female,15,1,1
6951,Smartphones,Apple,1752,39,Female,18,2,1
6952,Smart Watches,Apple,1480,21,Female,18,4,1
6953,Laptops,HP,969,55,Male,8,3,0
6954,Headphones,Sony,261,44,Male,16,4,1
6955,Smartphones,HP,2528,53,Male,14,2,0
6956,Headphones,Apple,2801,54,Female,15,4,1
6957,Smartphones,HP,204,24,Male,5,5,0
6958,Laptops,Sony,877,67,Female,8,4,1
6959,Smart Watches,Other Brands,648,21,Female,3,2,0
6960,Smart Watches,Other Brands,663,26,Female,9,4,1
6961,Tablets,Samsung,1772,24,Female,10,1,0
6962,Tablets,Other Brands,2860,58,Male,19,4,1
6963,Smart Watches,Sony,1519,37,Male,17,1,0
6964,Smartphones,Other Brands,1048,61,Male,11,2,0
6965,Smart Watches,Sony,2887,36,Female,18,5,1
6966,Smart Watches,Other Brands,1917,32,Male,10,4,1
6967,Headphones,Sony,2318,64,Male,7,3,0
6968,Smart Watches,Apple,2936,47,Male,4,2,0
6969,Smartphones,Apple,736,59,Female,11,5,1
6970,Smartphones,HP,944,40,Female,18,4,1
6971,Tablets,Apple,2336,48,Male,3,1,0
6972,Smart Watches,HP,2114,60,Female,19,3,1
6973,Smartphones,Other Brands,1691,28,Female,11,1,0
6974,Tablets,Apple,411,64,Female,1,5,1
6975,Laptops,HP,442,26,Female,6,5,1
6976,Laptops,Samsung,1647,40,Male,1,5,1
6977,Smartphones,Apple,972,59,Male,4,1,0
6978,Smartphones,HP,666,29,Male,10,2,0
6979,Tablets,Other Brands,1035,62,Female,8,3,1
6980,Laptops,Other Brands,344,28,Female,12,4,1
6981,Tablets,HP,2417,66,Female,5,5,1
6982,Tablets,Apple,1381,41,Female,1,3,1
6983,Laptops,Samsung,2925,48,Female,15,3,1
6984,Smart Watches,Samsung,2858,63,Male,13,1,0
6985,Smart Watches,Sony,180,69,Female,5,1,1
6986,Headphones,HP,2253,42,Female,12,3,1
6987,Headphones,Samsung,2523,53,Female,9,1,1
6988,Tablets,Sony,799,20,Female,2,4,1
6989,Headphones,Sony,2018,63,Male,3,4,1
6990,Headphones,HP,1229,65,Male,15,1,0
6991,Tablets,Apple,1559,21,Female,15,2,0
6992,Smart Watches,Other Brands,1957,21,Male,3,4,0
6993,Headphones,Apple,2731,30,Male,17,3,0
6994,Smart Watches,Apple,2134,46,Male,13,1,0
6995,Laptops,Apple,1778,53,Female,8,2,1
6996,Smartphones,Sony,793,61,Male,3,3,0
6997,Smartphones,Sony,1500,58,Male,4,2,0
6998,Smartphones,Sony,761,19,Male,14,5,0
6999,Laptops,Other Brands,439,38,Female,7,3,1
7000,Headphones,Other Brands,558,38,Male,17,5,1
7001,Smart Watches,Samsung,260,62,Female,19,1,1
7002,Laptops,HP,469,55,Male,15,1,0
7003,Smartphones,HP,1126,29,Female,15,3,0
7004,Laptops,Apple,531,19,Female,4,2,0
7005,Smartphones,Sony,799,54,Male,19,1,0
7006,Laptops,Apple,2164,36,Female,16,5,1
7007,Smart Watches,HP,700,27,Female,7,2,0
7008,Smart Watches,Apple,1086,67,Male,1,3,0
7009,Smart Watches,Apple,1842,42,Female,3,1,1
7010,Tablets,Other Brands,585,59,Female,9,2,1
7011,Smartphones,HP,479,45,Female,1,2,1
7012,Tablets,Sony,312,50,Male,3,5,1
7013,Headphones,Other Brands,475,30,Female,16,5,1
7014,Smart Watches,Apple,1439,49,Female,17,5,1
7015,Headphones,Samsung,1172,32,Male,19,4,1
7016,Smart Watches,Samsung,2183,26,Male,15,4,0
7017,Laptops,Sony,2891,42,Male,15,4,1
7018,Laptops,Other Brands,2101,18,Male,5,2,0
7019,Tablets,HP,749,65,Male,10,5,1
7020,Headphones,HP,1302,51,Male,11,2,0
7021,Smart Watches,Sony,1028,42,Female,16,1,1
7022,Laptops,Other Brands,270,27,Male,15,5,0
7023,Tablets,Other Brands,1723,20,Male,16,5,0
7024,Tablets,Sony,2432,39,Male,4,2,0
7025,Smartphones,Other Brands,1192,44,Male,6,3,0
7026,Smart Watches,HP,1395,55,Female,15,1,1
7027,Smartphones,Other Brands,1850,33,Male,2,1,0
7028,Tablets,Other Brands,1014,28,Female,6,2,0
7029,Laptops,Samsung,2988,24,Male,16,3,0
7030,Laptops,Other Brands,244,62,Male,2,5,1
7031,Smartphones,Samsung,2571,54,Male,15,4,1
7032,Smart Watches,HP,2145,58,Male,10,5,1
7033,Smart Watches,Apple,727,23,Female,2,4,1
7034,Smart Watches,Samsung,2982,51,Female,7,2,1
7035,Laptops,HP,616,51,Male,9,2,0
7036,Smartphones,HP,1123,60,Female,4,5,1
7037,Smartphones,Apple,700,31,Female,10,2,1
7038,Smartphones,Apple,1523,21,Male,11,2,0
7039,Tablets,Samsung,2660,43,Male,12,3,0
7040,Tablets,HP,840,58,Male,2,3,0
7041,Tablets,HP,400,48,Male,4,3,0
7042,Tablets,Other Brands,2371,63,Male,6,1,0
7043,Smart Watches,HP,2197,31,Female,9,3,1
7044,Smartphones,Samsung,352,64,Female,18,4,1
7045,Tablets,Sony,980,23,Male,3,5,0
7046,Smart Watches,Other Brands,1194,67,Male,8,4,1
7047,Smart Watches,Other Brands,2758,47,Female,15,5,1
7048,Smartphones,Samsung,1916,60,Male,12,3,0
7049,Tablets,HP,1857,18,Male,13,5,0
7050,Laptops,Sony,2104,39,Female,9,3,1
7051,Tablets,Samsung,1152,43,Male,10,1,0
7052,Smart Watches,HP,2705,22,Male,5,2,0
7053,Tablets,Other Brands,1949,39,Female,5,1,1
7054,Headphones,Samsung,104,64,Female,9,1,1
7055,Smartphones,Apple,1201,58,Female,7,3,1
7056,Laptops,Samsung,297,42,Female,4,4,1
7057,Headphones,Sony,775,58,Female,13,4,1
7058,Headphones,Samsung,2136,30,Female,13,3,0
7059,Smartphones,Other Brands,1105,56,Male,4,5,1
7060,Headphones,Apple,2821,64,Female,15,4,1
7061,Tablets,Samsung,2220,60,Male,15,1,0
7062,Laptops,Other Brands,2779,52,Female,2,3,1
7063,Tablets,Other Brands,2171,67,Male,13,4,1
7064,Smart Watches,Samsung,2941,22,Male,5,2,0
7065,Laptops,HP,354,46,Female,7,1,1
7066,Smart Watches,Other Brands,882,58,Male,6,1,0
7067,Laptops,Sony,525,59,Male,19,4,1
7068,Tablets,HP,2699,33,Female,2,2,1
7069,Laptops,Sony,1426,33,Male,13,2,0
7070,Headphones,HP,991,57,Female,15,1,1
7071,Tablets,Apple,2335,21,Female,16,4,1
7072,Smart Watches,HP,2706,65,Male,10,3,0
7073,Laptops,Samsung,229,27,Male,5,5,0
7074,Smartphones,HP,2159,55,Female,8,2,1
7075,Smartphones,Other Brands,399,47,Male,17,2,0
7076,Smartphones,Apple,1339,40,Male,12,1,0
7077,Headphones,HP,1995,23,Male,6,1,0
7078,Tablets,HP,1180,68,Male,17,3,0
7079,Laptops,Apple,2344,54,Female,1,1,1
7080,Laptops,Other Brands,1352,29,Male,14,4,0
7081,Smart Watches,HP,1134,27,Male,14,1,0
7082,Laptops,Sony,982,61,Female,15,4,1
7083,Laptops,Sony,2616,25,Female,11,2,0
7084,Smart Watches,HP,2176,50,Male,6,4,1
7085,Smartphones,Samsung,926,40,Female,13,1,1
7086,Headphones,Sony,232,29,Male,16,5,0
7087,Smart Watches,HP,144,47,Female,13,3,1
7088,Smart Watches,Apple,2471,54,Male,19,3,0
7089,Tablets,Sony,2265,27,Female,15,2,0
7090,Smartphones,HP,2259,27,Male,18,5,0
7091,Headphones,Other Brands,2673,47,Female,11,5,1
7092,Smartphones,HP,1687,55,Male,10,1,0
7093,Smartphones,Other Brands,1180,64,Female,11,4,1
7094,Smartphones,Apple,2989,31,Female,14,5,1
7095,Tablets,Other Brands,2050,24,Female,6,3,0
7096,Laptops,Samsung,2070,29,Male,6,2,0
7097,Smartphones,Samsung,2015,31,Female,1,5,1
7098,Smartphones,Sony,1400,36,Female,11,2,1
7099,Tablets,HP,2087,44,Female,15,1,1
7100,Smart Watches,Samsung,2012,66,Male,10,1,0
7101,Tablets,Sony,2575,52,Female,6,1,1
7102,Laptops,Apple,396,48,Male,10,1,0
7103,Smart Watches,Other Brands,2298,31,Male,12,1,0
7104,Laptops,Samsung,812,27,Female,15,5,1
7105,Laptops,Sony,730,50,Male,19,2,0
7106,Smartphones,Other Brands,145,62,Female,5,2,1
7107,Smartphones,Apple,658,69,Female,6,1,1
7108,Headphones,Samsung,599,61,Female,15,1,1
7109,Smartphones,Samsung,727,19,Male,17,3,0
7110,Laptops,Other Brands,1535,27,Male,13,5,0
7111,Tablets,Apple,284,37,Female,5,2,1
7112,Tablets,Other Brands,2845,59,Female,11,3,1
7113,Smartphones,Sony,361,38,Male,3,1,0
7114,Laptops,Other Brands,1919,48,Male,4,2,0
7115,Smartphones,Other Brands,1772,65,Female,1,2,1
7116,Laptops,Apple,1603,23,Female,15,2,0
7117,Tablets,Samsung,2492,47,Female,14,4,1
7118,Smartphones,Apple,1075,63,Female,19,5,1
7119,Headphones,Sony,817,68,Male,6,2,0
7120,Tablets,Apple,199,26,Male,12,5,0
7121,Tablets,Samsung,482,52,Female,13,2,1
7122,Headphones,Apple,1525,48,Female,9,4,1
7123,Smartphones,Sony,692,69,Male,8,1,0
7124,Headphones,HP,1855,59,Female,12,5,1
7125,Laptops,Other Brands,1420,29,Male,1,4,0
7126,Smart Watches,HP,2023,20,Male,14,5,0
7127,Tablets,HP,1769,31,Female,4,2,1
7128,Tablets,Apple,2510,38,Female,12,3,1
7129,Headphones,Apple,842,60,Female,10,5,1
7130,Smart Watches,Samsung,1264,31,Female,19,2,1
7131,Smart Watches,Other Brands,2527,68,Female,6,3,1
7132,Laptops,HP,1897,25,Female,2,1,0
7133,Smart Watches,Apple,2002,44,Female,12,2,1
7134,Headphones,Samsung,1822,50,Female,13,1,1
7135,Laptops,Sony,895,38,Male,14,2,0
7136,Smart Watches,Sony,2036,38,Male,19,5,1
7137,Laptops,Other Brands,2568,58,Male,3,1,0
7138,Smartphones,Sony,2789,68,Male,19,5,1
7139,Tablets,HP,1008,21,Female,9,1,0
7140,Tablets,Other Brands,2331,21,Female,11,3,0
7141,Tablets,Samsung,2477,41,Male,17,4,1
7142,Smart Watches,Other Brands,1180,23,Female,12,1,0
7143,Tablets,Samsung,1719,28,Female,4,5,1
7144,Smart Watches,Samsung,456,40,Female,7,3,1
7145,Headphones,HP,2794,38,Female,6,1,1
7146,Smartphones,HP,1552,34,Male,10,2,0
7147,Laptops,Apple,1790,67,Male,6,2,0
7148,Headphones,HP,131,67,Female,12,4,1
7149,Laptops,Samsung,2099,40,Female,16,3,1
7150,Laptops,Samsung,1049,55,Male,19,1,0
7151,Laptops,Samsung,1597,48,Male,6,1,0
7152,Smartphones,Apple,372,30,Female,6,2,0
7153,Smartphones,Other Brands,2017,65,Female,19,5,1
7154,Laptops,Samsung,197,60,Female,18,5,1
7155,Tablets,Samsung,2423,32,Female,15,5,1
7156,Smartphones,HP,960,36,Male,6,4,1
7157,Laptops,Apple,2116,44,Male,5,1,0
7158,Tablets,HP,790,60,Female,3,1,1
7159,Headphones,Sony,2593,31,Male,4,1,0
7160,Laptops,Other Brands,713,39,Female,14,5,1
7161,Laptops,Samsung,536,44,Female,1,3,1
7162,Laptops,Sony,2198,24,Female,8,2,0
7163,Tablets,Apple,1111,51,Female,18,1,1
7164,Laptops,HP,1522,50,Female,19,2,1
7165,Laptops,HP,2374,43,Male,5,1,0
7166,Headphones,Sony,261,69,Female,8,2,1
7167,Laptops,Apple,1649,18,Female,12,1,0
7168,Tablets,HP,347,26,Female,7,2,0
7169,Laptops,HP,1042,62,Male,19,2,0
7170,Smartphones,Sony,866,23,Female,11,5,1
7171,Laptops,Apple,1827,38,Female,14,2,1
7172,Headphones,HP,2444,45,Male,19,5,1
7173,Smart Watches,Samsung,1053,20,Male,15,4,0
7174,Laptops,Sony,2870,43,Female,13,2,1
7175,Headphones,Sony,1940,44,Female,2,2,1
7176,Laptops,Other Brands,1910,39,Male,4,4,1
7177,Laptops,HP,2450,27,Male,5,5,0
7178,Laptops,Samsung,2948,36,Male,13,1,0
7179,Headphones,Other Brands,2160,59,Male,19,1,0
7180,Tablets,HP,982,52,Male,14,1,0
7181,Smart Watches,HP,309,27,Male,14,1,0
7182,Smartphones,Sony,2343,20,Male,5,2,0
7183,Laptops,HP,1492,56,Male,10,2,0
7184,Tablets,HP,664,36,Male,7,2,0
7185,Laptops,Samsung,430,38,Female,3,5,1
7186,Smartphones,Other Brands,2289,34,Male,4,1,0
7187,Smart Watches,HP,1126,36,Female,7,2,1
7188,Headphones,HP,2218,22,Female,4,1,0
7189,Tablets,Other Brands,255,44,Male,4,5,1
7190,Headphones,Other Brands,1214,42,Male,18,5,1
7191,Laptops,Other Brands,1403,63,Female,12,3,1
7192,Laptops,HP,1833,30,Male,3,1,0
7193,Smart Watches,Samsung,1420,60,Male,7,3,0
7194,Laptops,Sony,915,18,Female,19,5,1
7195,Smart Watches,Other Brands,1182,50,Male,8,5,1
7196,Laptops,Sony,1260,52,Female,2,4,1
7197,Headphones,HP,2159,31,Male,7,3,0
7198,Smart Watches,Sony,2538,61,Male,4,4,1
7199,Laptops,Other Brands,1802,23,Male,2,2,0
7200,Smartphones,Sony,343,22,Male,9,2,0
7201,Smartphones,Sony,2086,18,Female,13,5,1
7202,Tablets,Sony,202,57,Male,4,5,1
7203,Smartphones,HP,2957,42,Male,5,2,0
7204,Tablets,Apple,1530,30,Male,9,5,0
7205,Smartphones,Sony,679,48,Female,2,4,1
7206,Tablets,Other Brands,2776,51,Female,7,1,1
7207,Laptops,Apple,1717,52,Male,12,5,1
7208,Tablets,Apple,1867,36,Female,12,4,1
7209,Headphones,Sony,915,48,Female,14,1,1
7210,Smart Watches,HP,1988,68,Female,4,4,1
7211,Laptops,HP,2493,69,Female,2,2,1
7212,Tablets,Sony,386,32,Male,10,1,0
7213,Tablets,Sony,1471,18,Female,12,5,1
7214,Headphones,Samsung,328,41,Male,9,5,1
7215,Tablets,Other Brands,2255,28,Female,17,1,0
7216,Tablets,Samsung,1501,52,Male,15,3,0
7217,Smartphones,Sony,1345,25,Female,3,2,0
7218,Laptops,Samsung,1507,34,Male,18,2,0
7219,Headphones,Sony,2197,42,Male,14,4,1
7220,Headphones,Sony,162,26,Male,19,4,0
7221,Tablets,Apple,1739,39,Male,15,2,0
7222,Smart Watches,HP,2637,62,Female,19,4,1
7223,Laptops,Other Brands,2659,54,Male,5,3,0
7224,Smart Watches,Samsung,1749,24,Male,18,2,0
7225,Laptops,Apple,2006,62,Male,15,2,0
7226,Smart Watches,Other Brands,2708,49,Female,8,4,1
7227,Headphones,Other Brands,176,59,Male,7,5,1
7228,Headphones,Other Brands,1339,39,Male,17,4,1
7229,Laptops,Other Brands,1869,53,Female,12,3,1
7230,Smart Watches,Other Brands,621,40,Female,11,4,1
7231,Laptops,HP,2035,49,Male,3,3,0
7232,Tablets,Sony,773,21,Male,10,4,0
7233,Smartphones,Samsung,2545,62,Female,3,1,1
7234,Tablets,Sony,2377,21,Female,12,5,1
7235,Smart Watches,Other Brands,503,39,Female,14,4,1
7236,Smartphones,Other Brands,1078,23,Female,13,1,0
7237,Smart Watches,HP,1219,45,Male,7,4,1
7238,Tablets,Samsung,2825,61,Female,17,4,1
7239,Headphones,Samsung,2538,46,Male,3,1,0
7240,Smart Watches,Other Brands,1067,25,Male,9,4,0
7241,Tablets,Sony,732,54,Male,14,1,0
7242,Smartphones,Samsung,1592,43,Male,19,1,0
7243,Smartphones,Other Brands,2593,62,Male,15,4,1
7244,Smart Watches,Other Brands,1653,67,Female,8,5,1
7245,Tablets,Other Brands,537,24,Male,13,4,0
7246,Laptops,Samsung,476,28,Female,5,1,0
7247,Smartphones,Samsung,1899,69,Female,8,3,1
7248,Laptops,Sony,2485,62,Male,6,1,0
7249,Smartphones,HP,1330,51,Male,16,2,0
7250,Smartphones,Samsung,313,25,Female,8,1,0
7251,Tablets,Other Brands,2019,40,Female,12,2,1
7252,Tablets,Samsung,1981,23,Male,9,5,0
7253,Tablets,Apple,900,29,Female,18,1,0
7254,Laptops,HP,2107,49,Female,1,1,1
7255,Laptops,Other Brands,278,31,Male,12,2,0
7256,Tablets,HP,2239,51,Female,11,5,1
7257,Headphones,Apple,225,58,Female,13,4,1
7258,Headphones,Sony,324,59,Female,17,5,1
7259,Headphones,Samsung,2234,48,Female,5,3,1
7260,Tablets,HP,2825,35,Female,1,4,1
7261,Laptops,HP,2542,28,Female,16,2,0
7262,Smartphones,HP,333,20,Female,8,2,0
7263,Tablets,Apple,1759,20,Male,11,4,0
7264,Smartphones,Samsung,956,35,Male,8,1,0
7265,Tablets,Sony,103,65,Female,7,5,1
7266,Smartphones,Samsung,2276,40,Female,16,4,1
7267,Smart Watches,Apple,688,29,Female,7,3,0
7268,Smartphones,Samsung,2395,26,Male,17,5,0
7269,Tablets,Samsung,2588,37,Female,11,1,1
7270,Smartphones,Sony,376,67,Female,12,1,1
7271,Smartphones,HP,716,32,Female,12,5,1
7272,Smart Watches,Apple,1724,37,Female,17,3,1
7273,Smart Watches,Apple,1301,36,Male,3,5,1
7274,Smart Watches,Samsung,2170,49,Female,2,2,1
7275,Smart Watches,Other Brands,2690,29,Female,9,2,0
7276,Smart Watches,HP,2169,65,Female,8,4,1
7277,Smart Watches,Sony,2382,59,Male,7,2,0
7278,Smart Watches,Sony,2576,56,Male,8,3,0
7279,Smartphones,Other Brands,2066,33,Female,10,5,1
7280,Headphones,Sony,1674,50,Male,16,1,0
7281,Smart Watches,Sony,2146,49,Female,12,5,1
7282,Tablets,Samsung,435,37,Male,11,3,0
7283,Tablets,Apple,571,61,Female,1,4,1
7284,Smart Watches,Samsung,230,22,Female,7,4,1
7285,Smartphones,Apple,711,53,Male,14,2,0
7286,Laptops,Apple,1890,53,Male,7,2,0
7287,Laptops,Other Brands,1431,28,Female,17,1,0
7288,Smartphones,Sony,654,64,Female,17,3,1
7289,Tablets,Other Brands,421,65,Male,17,1,0
7290,Smart Watches,HP,2377,29,Male,12,4,0
7291,Smartphones,HP,653,38,Female,17,3,1
7292,Smart Watches,Samsung,2280,28,Female,9,2,0
7293,Tablets,HP,2628,39,Male,4,3,0
7294,Smart Watches,HP,1459,46,Female,7,5,1
7295,Smart Watches,HP,1914,57,Female,15,3,1
7296,Smart Watches,Sony,1897,42,Male,5,1,0
7297,Tablets,Samsung,1369,38,Female,7,3,1
7298,Smartphones,Samsung,916,69,Female,14,4,1
7299,Tablets,Other Brands,126,38,Male,18,5,1
7300,Smartphones,Apple,494,48,Male,11,5,1
7301,Laptops,Apple,1311,34,Male,6,2,0
7302,Smart Watches,Apple,1802,56,Male,12,3,0
7303,Smart Watches,Apple,543,50,Male,4,1,0
7304,Smartphones,Samsung,1190,66,Male,17,4,1
7305,Headphones,Sony,355,18,Male,2,4,0
7306,Smart Watches,Other Brands,2237,49,Female,8,2,1
7307,Smartphones,Apple,2469,29,Male,11,3,0
7308,Smart Watches,Other Brands,1212,67,Female,7,1,1
7309,Laptops,Sony,1830,59,Female,9,1,1
7310,Tablets,Apple,1861,18,Female,18,4,1
7311,Headphones,HP,1217,52,Male,11,3,0
7312,Smartphones,Apple,2030,63,Female,15,1,1
7313,Headphones,HP,236,26,Female,7,5,1
7314,Laptops,Sony,2121,19,Male,11,3,0
7315,Tablets,HP,145,64,Female,18,2,1
7316,Smart Watches,Apple,493,63,Female,9,1,1
7317,Laptops,Sony,260,48,Female,5,2,1
7318,Smart Watches,Samsung,2509,38,Female,8,3,1
7319,Smartphones,Apple,316,35,Female,14,5,1
7320,Laptops,HP,402,24,Male,12,4,0
7321,Laptops,Apple,2786,51,Male,8,1,0
7322,Laptops,Apple,207,66,Male,16,4,1
7323,Smart Watches,Samsung,2135,43,Female,2,1,1
7324,Smartphones,Other Brands,2529,56,Female,7,4,1
7325,Smart Watches,HP,1620,47,Male,13,1,0
7326,Laptops,Other Brands,2683,47,Female,14,3,1
7327,Laptops,HP,2449,45,Male,1,5,1
7328,Laptops,Apple,1979,59,Male,5,5,1
7329,Smartphones,Sony,371,39,Female,13,5,1
7330,Smart Watches,Other Brands,232,55,Male,5,3,0
7331,Smartphones,Samsung,311,67,Female,6,1,1
7332,Smartphones,Other Brands,2029,66,Male,4,5,1
7333,Smartphones,HP,871,69,Female,4,5,1
7334,Smartphones,Sony,713,32,Male,9,1,0
7335,Tablets,Other Brands,641,54,Male,4,5,1
7336,Laptops,Apple,1184,56,Female,11,3,1
7337,Tablets,Other Brands,520,58,Female,17,3,1
7338,Smartphones,Other Brands,1608,36,Male,1,4,1
7339,Headphones,Samsung,1965,44,Female,6,1,1
7340,Laptops,Apple,1262,46,Female,18,4,1
7341,Tablets,Apple,1325,25,Male,6,2,0
7342,Headphones,Samsung,990,59,Female,19,4,1
7343,Smartphones,Other Brands,1796,37,Male,5,1,0
7344,Smartphones,HP,2597,49,Male,15,4,1
7345,Tablets,Sony,2037,58,Male,3,2,0
7346,Laptops,Other Brands,1291,50,Female,19,5,1
7347,Laptops,HP,1817,30,Male,16,2,0
7348,Headphones,Other Brands,591,46,Female,17,3,1
7349,Laptops,HP,559,47,Male,7,5,1
7350,Smart Watches,Other Brands,1673,57,Female,17,3,1
7351,Smart Watches,Sony,491,39,Male,18,3,0
7352,Smartphones,Apple,1904,38,Male,14,5,1
7353,Smart Watches,Samsung,916,42,Male,6,5,1
7354,Tablets,Samsung,1294,30,Female,15,1,0
7355,Tablets,HP,454,52,Female,14,1,1
7356,Smartphones,Sony,1996,60,Male,17,2,0
7357,Smart Watches,Sony,1032,46,Female,16,3,1
7358,Smart Watches,Sony,1987,18,Female,9,4,1
7359,Tablets,Other Brands,2362,21,Male,12,1,0
7360,Smart Watches,Apple,2869,67,Male,16,4,1
7361,Headphones,HP,2949,47,Male,18,3,0
7362,Smart Watches,HP,1596,34,Female,9,4,1
7363,Laptops,Apple,162,54,Female,2,4,1
7364,Tablets,Other Brands,171,29,Male,13,1,0
7365,Laptops,Apple,2407,44,Female,11,2,1
7366,Smart Watches,Sony,1513,34,Male,11,3,0
7367,Smartphones,Other Brands,2721,63,Male,5,2,0
7368,Headphones,Apple,2019,61,Female,18,3,1
7369,Smartphones,Sony,2061,29,Female,1,1,0
7370,Smartphones,Sony,587,27,Female,13,5,1
7371,Tablets,Apple,116,23,Male,8,2,0
7372,Smart Watches,HP,187,19,Male,8,4,0
7373,Tablets,Samsung,1453,69,Female,4,3,1
7374,Headphones,Samsung,511,18,Female,9,4,1
7375,Tablets,Apple,462,57,Male,9,2,0
7376,Headphones,Samsung,1146,43,Male,4,5,1
7377,Laptops,HP,1050,69,Male,11,1,0
7378,Laptops,Sony,1691,59,Female,11,1,1
7379,Headphones,Apple,2556,67,Female,7,1,1
7380,Smart Watches,HP,2103,30,Female,6,5,1
7381,Tablets,Other Brands,2947,18,Female,18,2,0
7382,Smartphones,Sony,2702,20,Male,2,2,0
7383,Laptops,HP,2380,40,Female,11,5,1
7384,Headphones,Sony,979,26,Male,16,1,0
7385,Tablets,Sony,861,51,Female,11,3,1
7386,Headphones,Other Brands,1350,42,Male,6,2,0
7387,Headphones,Other Brands,1682,58,Male,9,4,1
7388,Tablets,Samsung,2289,36,Male,2,5,1
7389,Headphones,HP,446,30,Male,19,1,0
7390,Smartphones,Apple,1349,57,Female,6,5,1
7391,Smartphones,Sony,215,54,Female,8,2,1
7392,Tablets,HP,1618,57,Female,3,3,1
7393,Tablets,HP,2118,53,Female,1,4,1
7394,Tablets,Other Brands,2120,28,Male,10,3,0
7395,Smartphones,Sony,1047,45,Female,9,4,1
7396,Laptops,Samsung,1022,65,Female,6,3,1
7397,Tablets,Samsung,2053,64,Female,13,4,1
7398,Tablets,Sony,2594,36,Male,19,2,0
7399,Tablets,Apple,2316,39,Female,9,4,1
7400,Headphones,Other Brands,1020,22,Female,13,4,1
7401,Smartphones,Sony,781,53,Female,3,3,1
7402,Tablets,Other Brands,2205,57,Female,13,5,1
7403,Tablets,Samsung,1475,25,Male,3,5,0
7404,Headphones,Sony,2119,34,Female,17,1,1
7405,Headphones,Apple,1229,38,Male,1,5,1
7406,Tablets,Samsung,113,26,Male,6,5,0
7407,Headphones,HP,1458,40,Female,13,1,1
7408,Smart Watches,Sony,1548,56,Female,4,3,1
7409,Laptops,Other Brands,1977,58,Male,3,3,0
7410,Tablets,Sony,2115,48,Male,18,5,1
7411,Tablets,Sony,2878,52,Female,6,3,1
7412,Smartphones,Sony,2765,38,Male,9,3,0
7413,Smartphones,Other Brands,213,30,Female,5,1,0
7414,Tablets,Other Brands,827,23,Female,8,5,1
7415,Smart Watches,HP,1398,67,Male,5,2,0
7416,Tablets,HP,2066,57,Male,1,3,0
7417,Smartphones,Apple,611,28,Female,7,5,1
7418,Headphones,HP,616,68,Female,8,1,1
7419,Headphones,HP,2327,30,Male,10,5,0
7420,Smart Watches,Apple,1020,23,Male,11,1,0
7421,Tablets,Sony,948,27,Male,13,5,0
7422,Tablets,Sony,154,31,Male,11,4,1
7423,Tablets,Samsung,2136,51,Female,4,2,1
7424,Smart Watches,Sony,1585,39,Female,16,1,1
7425,Smartphones,Sony,1056,21,Male,1,2,0
7426,Headphones,Samsung,1949,25,Male,15,3,0
7427,Headphones,Other Brands,2013,27,Female,4,5,1
7428,Tablets,HP,2880,58,Male,9,1,0
7429,Laptops,HP,2151,25,Female,19,2,0
7430,Smartphones,Other Brands,1678,32,Male,9,4,1
7431,Smart Watches,Other Brands,581,54,Female,14,3,1
7432,Smartphones,Apple,2890,26,Female,10,3,0
7433,Tablets,Samsung,885,40,Male,12,4,1
7434,Laptops,Other Brands,905,35,Male,7,5,1
7435,Laptops,Other Brands,718,60,Male,17,4,1
7436,Headphones,Other Brands,2671,45,Female,2,2,1
7437,Tablets,HP,2551,39,Male,3,2,0
7438,Laptops,Other Brands,811,34,Female,9,4,1
7439,Smartphones,HP,154,35,Male,4,4,1
7440,Tablets,Samsung,1687,18,Male,2,4,0
7441,Laptops,Sony,947,53,Male,5,1,0
7442,Smart Watches,HP,1009,60,Female,17,1,1
7443,Smart Watches,Other Brands,316,22,Male,8,5,0
7444,Tablets,HP,325,45,Female,15,3,1
7445,Smart Watches,HP,2421,40,Female,7,4,1
7446,Headphones,Other Brands,1145,58,Male,9,3,0
7447,Smartphones,HP,1366,63,Male,7,5,1
7448,Smart Watches,Other Brands,596,58,Male,3,1,0
7449,Smart Watches,HP,780,19,Male,8,1,0
7450,Smartphones,Samsung,1091,50,Female,15,1,1
7451,Headphones,Other Brands,1217,40,Female,16,2,1
7452,Laptops,HP,1025,63,Female,5,1,1
7453,Tablets,Other Brands,509,53,Male,7,3,0
7454,Laptops,Apple,221,43,Male,18,3,0
7455,Laptops,Samsung,1731,44,Female,13,4,1
7456,Tablets,Samsung,635,25,Male,14,3,0
7457,Laptops,Other Brands,599,65,Male,14,4,1
7458,Tablets,Apple,2740,35,Female,7,3,1
7459,Headphones,Apple,2332,55,Male,2,5,1
7460,Tablets,Apple,956,38,Male,4,5,1
7461,Smartphones,Other Brands,2764,19,Female,4,3,0
7462,Laptops,Apple,840,67,Female,18,1,1
7463,Smartphones,HP,1968,23,Male,14,4,0
7464,Smart Watches,Other Brands,186,19,Female,19,1,0
7465,Laptops,HP,199,50,Male,17,5,1
7466,Smart Watches,Samsung,1450,57,Female,16,2,1
7467,Smartphones,Other Brands,700,52,Male,11,4,1
7468,Laptops,Other Brands,2309,26,Male,5,3,0
7469,Headphones,HP,2209,25,Female,10,3,0
7470,Smartphones,Sony,232,33,Female,15,2,1
7471,Smartphones,Sony,1260,69,Male,8,1,0
7472,Headphones,Apple,1538,65,Female,14,1,1
7473,Smart Watches,HP,2598,50,Male,13,2,0
7474,Laptops,Samsung,675,29,Female,1,3,0
7475,Smartphones,HP,1228,33,Male,4,5,1
7476,Smartphones,Sony,178,38,Male,18,5,1
7477,Laptops,HP,2182,36,Female,13,5,1
7478,Smart Watches,Samsung,2027,63,Female,11,1,1
7479,Tablets,HP,352,54,Male,14,3,0
7480,Smart Watches,Sony,895,40,Female,7,5,1
7481,Smartphones,Apple,1948,57,Female,2,4,1
7482,Smartphones,Other Brands,1165,61,Female,18,2,1
7483,Smartphones,Other Brands,2305,56,Male,1,3,0
7484,Smart Watches,Sony,1180,48,Male,6,1,0
7485,Smart Watches,HP,356,20,Male,1,1,0
7486,Laptops,Other Brands,2455,35,Female,14,5,1
7487,Tablets,HP,1448,29,Male,16,5,0
7488,Smart Watches,HP,123,46,Male,10,4,1
7489,Tablets,HP,739,48,Female,1,2,1
7490,Headphones,Sony,1481,37,Male,6,4,1
7491,Smartphones,Apple,994,43,Female,4,2,1
7492,Laptops,Samsung,393,24,Male,9,1,0
7493,Smartphones,Apple,1904,65,Female,17,4,1
7494,Laptops,Sony,323,69,Male,11,2,0
7495,Tablets,HP,749,51,Male,7,5,1
7496,Smartphones,Sony,1638,57,Male,3,4,1
7497,Headphones,Apple,2147,30,Female,7,5,1
7498,Tablets,Apple,1452,50,Female,10,2,1
7499,Laptops,HP,1144,43,Female,15,4,1
7500,Tablets,Apple,997,22,Female,3,2,0
7501,Tablets,Sony,314,40,Male,19,1,0
7502,Smartphones,Samsung,473,39,Female,3,2,1
7503,Headphones,Sony,2180,39,Female,2,2,1
7504,Tablets,HP,831,45,Female,10,1,1
7505,Smart Watches,Sony,2542,29,Male,5,4,0
7506,Smart Watches,HP,1182,30,Female,19,5,1
7507,Tablets,Apple,504,54,Female,4,4,1
7508,Headphones,Apple,576,35,Male,7,4,1
7509,Tablets,Samsung,1808,34,Male,7,3,0
7510,Laptops,Sony,2731,26,Male,11,5,0
7511,Laptops,Samsung,2984,24,Female,5,1,0
7512,Smartphones,HP,1443,39,Male,6,5,1
7513,Headphones,Apple,533,23,Male,5,1,0
7514,Headphones,Other Brands,2167,57,Male,11,1,0
7515,Smartphones,Sony,1447,66,Male,10,3,0
7516,Headphones,Samsung,886,39,Female,15,1,1
7517,Smart Watches,Sony,1874,53,Female,14,3,1
7518,Headphones,HP,815,50,Male,7,3,0
7519,Headphones,Samsung,561,69,Male,11,2,0
7520,Tablets,Other Brands,1930,32,Female,3,5,1
7521,Smart Watches,Sony,512,39,Female,7,1,1
7522,Laptops,Samsung,2840,63,Female,11,1,1
7523,Smart Watches,Samsung,1523,34,Female,19,4,1
7524,Smartphones,Apple,296,59,Male,11,2,0
7525,Headphones,Apple,1710,69,Male,14,1,0
7526,Tablets,HP,2288,27,Female,4,4,1
7527,Tablets,Samsung,2765,34,Female,12,4,1
7528,Smart Watches,HP,2465,65,Male,10,1,0
7529,Smartphones,Apple,2355,19,Male,15,5,0
7530,Smartphones,Samsung,591,24,Female,16,3,0
7531,Laptops,Other Brands,562,55,Male,18,5,1
7532,Headphones,HP,2506,21,Female,15,4,1
7533,Laptops,Sony,1446,26,Male,7,1,0
7534,Headphones,Sony,2800,24,Female,17,3,0
7535,Laptops,HP,216,32,Male,15,4,1
7536,Smartphones,Other Brands,415,25,Male,13,4,0
7537,Tablets,HP,2830,60,Female,19,5,1
7538,Tablets,Apple,765,41,Male,15,3,0
7539,Smart Watches,Other Brands,131,55,Female,17,1,1
7540,Headphones,Sony,2256,69,Female,11,2,1
7541,Smart Watches,Other Brands,2366,46,Male,11,1,0
7542,Laptops,Samsung,213,61,Female,6,2,1
7543,Tablets,Sony,599,56,Male,14,3,0
7544,Laptops,Samsung,964,44,Male,18,5,1
7545,Headphones,Sony,2360,35,Female,19,5,1
7546,Headphones,Apple,2316,58,Female,19,3,1
7547,Smart Watches,Other Brands,1054,60,Male,14,5,1
7548,Laptops,HP,2480,18,Female,11,5,1
7549,Smartphones,Other Brands,1269,66,Female,15,2,1
7550,Laptops,Sony,850,51,Male,16,1,0
7551,Headphones,HP,1804,18,Female,12,5,1
7552,Smart Watches,Samsung,1030,33,Female,4,2,1
7553,Headphones,HP,957,33,Male,13,5,1
7554,Smartphones,HP,814,27,Female,4,4,1
7555,Smart Watches,Samsung,2782,62,Male,17,1,0
7556,Tablets,HP,1214,40,Male,3,5,1
7557,Smartphones,Other Brands,173,44,Male,7,3,0
7558,Tablets,Samsung,1453,47,Female,10,4,1
7559,Laptops,Other Brands,2316,35,Male,1,5,1
7560,Smartphones,Other Brands,1333,46,Female,10,4,1
7561,Headphones,HP,1662,59,Female,17,2,1
7562,Headphones,Samsung,1162,62,Female,14,2,1
7563,Smartphones,HP,1464,57,Female,12,5,1
7564,Tablets,Samsung,2517,51,Male,6,2,0
7565,Smart Watches,Samsung,1903,60,Female,14,4,1
7566,Laptops,Other Brands,1981,20,Female,4,2,0
7567,Laptops,Other Brands,103,49,Female,1,2,1
7568,Headphones,HP,2400,61,Male,11,5,1
7569,Headphones,Apple,1612,49,Female,15,2,1
7570,Tablets,Other Brands,704,68,Female,19,5,1
7571,Tablets,Apple,2308,65,Male,13,1,0
7572,Tablets,Samsung,1521,22,Male,5,2,0
7573,Smart Watches,Samsung,1760,54,Female,5,2,1
7574,Smart Watches,Samsung,246,62,Male,17,1,0
7575,Tablets,HP,250,38,Male,1,4,1
7576,Headphones,Apple,2269,49,Male,5,1,0
7577,Laptops,Other Brands,538,35,Male,9,3,0
7578,Smart Watches,Samsung,2090,40,Male,19,1,0
7579,Smart Watches,Other Brands,2757,44,Male,15,3,0
7580,Laptops,Other Brands,1934,41,Male,10,2,0
7581,Smart Watches,HP,2908,62,Male,12,4,1
7582,Smart Watches,Sony,2313,68,Male,16,1,0
7583,Headphones,Sony,2255,62,Female,15,2,1
7584,Smart Watches,Other Brands,1764,62,Male,11,4,1
7585,Headphones,Sony,1538,20,Male,1,5,0
7586,Tablets,Samsung,2235,63,Female,7,3,1
7587,Headphones,Sony,672,49,Male,19,5,1
7588,Headphones,Sony,2923,34,Female,5,3,1
7589,Smartphones,Samsung,573,66,Female,6,3,1
7590,Laptops,HP,2971,59,Female,8,4,1
7591,Smart Watches,Samsung,1921,62,Female,4,4,1
7592,Headphones,Other Brands,420,19,Female,3,3,0
7593,Tablets,Sony,2625,53,Female,14,1,1
7594,Tablets,HP,1636,35,Female,8,3,1
7595,Tablets,Samsung,1693,52,Male,13,3,0
7596,Laptops,HP,2007,66,Male,1,1,0
7597,Headphones,Samsung,2676,26,Male,13,2,0
7598,Tablets,Samsung,1946,63,Female,14,1,1
7599,Tablets,HP,1883,66,Female,10,2,1
7600,Smartphones,Apple,2369,69,Male,10,3,0
7601,Smart Watches,Samsung,629,30,Female,6,1,0
7602,Smart Watches,Samsung,727,24,Female,17,4,1
7603,Smartphones,Samsung,2727,32,Female,14,3,1
7604,Tablets,Other Brands,452,26,Female,13,3,0
7605,Smartphones,Other Brands,355,18,Male,16,4,0
7606,Smartphones,Apple,1609,22,Male,2,4,0
7607,Laptops,Other Brands,879,48,Female,5,1,1
7608,Smartphones,Apple,723,26,Male,18,1,0
7609,Headphones,Samsung,1268,45,Female,7,4,1
7610,Smartphones,Apple,1062,30,Female,10,3,0
7611,Laptops,Apple,2069,45,Female,9,2,1
7612,Laptops,Other Brands,1385,56,Male,14,3,0
7613,Smart Watches,Apple,1841,45,Female,12,3,1
7614,Smart Watches,Samsung,1156,69,Female,12,3,1
7615,Smartphones,Sony,2108,67,Male,12,1,0
7616,Headphones,HP,777,69,Female,17,5,1
7617,Smart Watches,HP,2202,67,Male,17,3,0
7618,Smart Watches,Apple,1694,69,Male,19,4,1
7619,Smart Watches,Apple,1717,54,Male,18,4,1
7620,Headphones,Sony,675,51,Female,18,2,1
7621,Laptops,HP,2342,31,Female,9,4,1
7622,Headphones,HP,2591,28,Female,6,5,1
7623,Laptops,HP,1625,66,Male,1,5,1
7624,Tablets,Sony,2710,56,Female,17,5,1
7625,Laptops,Samsung,884,61,Male,7,5,1
7626,Tablets,HP,1989,66,Male,12,4,1
7627,Headphones,Apple,346,35,Female,9,5,1
7628,Smartphones,Other Brands,1061,47,Female,10,2,1
7629,Smartphones,Other Brands,1718,66,Female,19,2,1
7630,Smart Watches,HP,2315,54,Male,15,1,0
7631,Headphones,HP,653,41,Male,11,5,1
7632,Smartphones,Apple,1026,46,Female,3,3,1
7633,Headphones,Apple,498,69,Female,5,5,1
7634,Smart Watches,Sony,2375,23,Female,13,4,1
7635,Smart Watches,HP,2364,68,Male,14,4,1
7636,Smartphones,HP,2884,19,Female,3,3,0
7637,Smartphones,Apple,286,62,Female,16,4,1
7638,Smartphones,Sony,457,42,Female,4,5,1
7639,Laptops,Samsung,2280,29,Female,17,3,0
7640,Tablets,HP,244,69,Male,2,1,0
7641,Smartphones,Sony,935,55,Female,5,1,1
7642,Smartphones,Apple,1230,39,Male,12,2,0
7643,Smart Watches,HP,428,48,Female,7,5,1
7644,Laptops,Other Brands,943,58,Female,8,1,1
7645,Smartphones,Apple,2044,46,Male,16,5,1
7646,Smart Watches,Sony,1844,48,Female,19,5,1
7647,Smart Watches,HP,2941,69,Male,5,2,0
7648,Smart Watches,Sony,2973,48,Female,17,4,1
7649,Laptops,HP,1639,44,Male,17,4,1
7650,Headphones,Apple,1418,51,Male,13,1,0
7651,Tablets,HP,1738,69,Female,10,3,1
7652,Smart Watches,Samsung,1719,27,Female,2,2,0
7653,Tablets,Samsung,2232,26,Female,17,2,0
7654,Laptops,HP,557,59,Female,1,3,1
7655,Smart Watches,Apple,213,62,Female,17,4,1
7656,Tablets,HP,762,53,Male,13,4,1
7657,Tablets,Apple,650,66,Female,10,4,1
7658,Tablets,Apple,474,39,Female,3,2,1
7659,Smartphones,HP,981,65,Female,3,2,1
7660,Headphones,Samsung,1478,41,Male,5,5,1
7661,Headphones,Samsung,2082,60,Male,13,5,1
7662,Laptops,Other Brands,577,42,Male,17,1,0
7663,Smart Watches,Other Brands,1526,33,Female,13,4,1
7664,Tablets,Samsung,2934,48,Female,14,5,1
7665,Laptops,Apple,1048,47,Female,12,5,1
7666,Smart Watches,Samsung,2909,37,Female,3,1,1
7667,Laptops,Apple,1503,23,Male,2,3,0
7668,Tablets,Samsung,2267,65,Male,15,4,1
7669,Tablets,HP,1784,27,Male,17,3,0
7670,Smartphones,Other Brands,1998,61,Female,11,2,1
7671,Headphones,HP,630,63,Female,14,1,1
7672,Headphones,Sony,1732,69,Female,18,4,1
7673,Laptops,Apple,1840,22,Male,17,2,0
7674,Tablets,Other Brands,2720,47,Male,10,4,1
7675,Laptops,Sony,2902,23,Female,11,3,0
7676,Tablets,Sony,2248,28,Female,18,2,0
7677,Headphones,HP,2518,28,Male,15,5,0
7678,Headphones,Apple,206,53,Male,5,2,0
7679,Laptops,HP,1311,58,Female,9,2,1
7680,Laptops,Apple,2204,59,Female,19,5,1
7681,Headphones,HP,2363,60,Male,9,1,0
7682,Tablets,Sony,2684,59,Male,15,5,1
7683,Headphones,HP,590,58,Female,5,4,1
7684,Laptops,Sony,2027,30,Female,8,1,0
7685,Smartphones,Samsung,2296,30,Male,4,2,0
7686,Smart Watches,Samsung,2078,67,Male,12,2,0
7687,Headphones,Other Brands,1458,50,Male,19,3,0
7688,Smartphones,Other Brands,334,25,Female,13,3,0
7689,Laptops,HP,642,35,Female,3,2,1
7690,Smartphones,Sony,2359,57,Male,7,2,0
7691,Laptops,Samsung,558,19,Male,7,2,0
7692,Laptops,Sony,846,37,Male,16,5,1
7693,Tablets,Apple,1199,51,Male,16,3,0
7694,Smart Watches,Samsung,2580,45,Male,8,1,0
7695,Smartphones,Apple,2398,50,Male,18,5,1
7696,Smartphones,Samsung,1474,54,Female,15,2,1
7697,Headphones,HP,2538,37,Female,9,5,1
7698,Tablets,Sony,2680,32,Male,4,4,1
7699,Headphones,Other Brands,511,53,Male,11,4,1
7700,Headphones,HP,2455,56,Female,14,1,1
7701,Laptops,Samsung,207,43,Female,15,1,1
7702,Laptops,Other Brands,2389,67,Female,18,5,1
7703,Headphones,HP,139,22,Female,6,1,0
7704,Smart Watches,Apple,666,24,Male,9,4,0
7705,Tablets,Samsung,1421,19,Female,8,3,0
7706,Laptops,Sony,972,53,Male,16,4,1
7707,Smart Watches,Other Brands,2093,68,Male,2,4,1
7708,Laptops,HP,1561,62,Female,12,1,1
7709,Smartphones,Samsung,2846,49,Male,1,2,0
7710,Smart Watches,Sony,1861,26,Female,9,3,0
7711,Laptops,Apple,1640,50,Female,14,3,1
7712,Laptops,Samsung,1607,27,Female,4,5,1
7713,Smart Watches,Samsung,1329,48,Male,6,5,1
7714,Laptops,Other Brands,2302,52,Male,9,1,0
7715,Tablets,Samsung,160,40,Male,3,2,0
7716,Headphones,Samsung,1382,66,Female,4,3,1
7717,Laptops,Samsung,1389,18,Female,5,2,0
7718,Headphones,Sony,752,42,Male,8,5,1
7719,Headphones,Apple,560,32,Male,14,1,0
7720,Smart Watches,HP,2331,47,Female,16,4,1
7721,Tablets,HP,898,20,Male,3,4,0
7722,Smartphones,Sony,749,65,Female,16,5,1
7723,Smart Watches,Sony,2959,30,Female,18,4,1
7724,Headphones,Apple,2536,22,Female,3,5,1
7725,Headphones,Apple,2439,18,Female,17,2,0
7726,Smart Watches,Samsung,728,22,Male,13,1,0
7727,Headphones,HP,698,57,Female,14,1,1
7728,Laptops,Apple,482,20,Female,2,2,0
7729,Laptops,HP,1729,38,Female,6,2,1
7730,Smart Watches,Other Brands,1955,29,Male,16,2,0
7731,Smart Watches,HP,1839,55,Female,13,5,1
7732,Tablets,Samsung,1848,34,Male,9,5,1
7733,Headphones,Samsung,531,48,Female,3,2,1
7734,Tablets,Sony,1740,50,Male,18,5,1
7735,Tablets,Samsung,2057,44,Male,17,4,1
7736,Smartphones,HP,2694,24,Male,6,5,0
7737,Laptops,Apple,885,25,Female,15,2,0
7738,Headphones,Apple,972,58,Male,12,5,1
7739,Tablets,Other Brands,1455,63,Male,12,4,1
7740,Laptops,Other Brands,359,41,Female,5,5,1
7741,Smartphones,Sony,179,66,Male,3,4,1
7742,Smartphones,Other Brands,2326,55,Male,6,5,1
7743,Laptops,Samsung,502,32,Male,6,1,0
7744,Laptops,Sony,110,33,Female,5,1,1
7745,Smartphones,Other Brands,710,62,Female,12,2,1
7746,Tablets,HP,639,30,Male,10,3,0
7747,Tablets,Samsung,2203,27,Female,7,4,1
7748,Smart Watches,Samsung,176,58,Female,1,4,1
7749,Smart Watches,Sony,580,32,Female,5,3,1
7750,Tablets,Apple,2665,18,Female,11,4,1
7751,Smartphones,Apple,2643,68,Female,14,2,1
7752,Tablets,Other Brands,2912,68,Female,18,4,1
7753,Smartphones,Apple,2928,42,Female,3,5,1
7754,Laptops,Other Brands,2429,36,Male,2,5,1
7755,Smart Watches,HP,1170,59,Female,10,3,1
7756,Headphones,Other Brands,629,30,Male,10,5,0
7757,Headphones,Apple,586,62,Male,6,2,0
7758,Smartphones,Apple,212,26,Male,12,4,0
7759,Smartphones,Sony,871,44,Male,1,3,0
7760,Laptops,Samsung,2080,28,Female,8,1,0
7761,Smart Watches,Other Brands,2845,38,Male,5,5,1
7762,Headphones,Sony,317,37,Male,16,5,1
7763,Tablets,Sony,987,48,Male,15,1,0
7764,Smart Watches,Other Brands,2933,56,Female,9,3,1
7765,Smart Watches,HP,2114,45,Female,9,4,1
7766,Headphones,Samsung,832,58,Female,12,2,1
7767,Smart Watches,Samsung,1537,49,Female,16,3,1
7768,Headphones,HP,2754,18,Male,16,1,0
7769,Laptops,Samsung,2944,64,Female,5,4,1
7770,Headphones,Apple,1258,67,Female,11,2,1
7771,Headphones,Sony,2954,42,Male,3,4,1
7772,Tablets,Sony,2672,46,Male,11,1,0
7773,Smart Watches,Sony,1327,32,Female,7,3,1
7774,Smartphones,Other Brands,2644,63,Female,13,4,1
7775,Smartphones,Samsung,2164,66,Male,10,4,1
7776,Headphones,Apple,2286,22,Male,8,2,0
7777,Tablets,Other Brands,2163,32,Female,15,5,1
7778,Tablets,Apple,579,65,Male,7,4,1
7779,Headphones,Sony,2226,26,Male,18,2,0
7780,Headphones,Other Brands,164,36,Male,14,5,1
7781,Tablets,Other Brands,635,36,Female,4,5,1
7782,Smart Watches,Samsung,1076,53,Male,5,3,0
7783,Tablets,Sony,2201,43,Female,4,3,1
7784,Headphones,Samsung,1769,22,Female,10,5,1
7785,Headphones,Apple,2891,26,Male,11,1,0
7786,Laptops,Samsung,1401,23,Female,9,2,0
7787,Tablets,HP,2870,46,Male,1,4,1
7788,Tablets,Other Brands,341,35,Male,2,1,0
7789,Smart Watches,Samsung,577,30,Male,3,3,0
7790,Headphones,Sony,733,40,Male,6,5,1
7791,Smart Watches,Sony,2809,33,Male,1,4,1
7792,Smart Watches,Other Brands,1535,51,Female,14,3,1
7793,Tablets,Other Brands,1093,60,Male,16,3,0
7794,Smart Watches,Apple,531,41,Female,9,5,1
7795,Smartphones,HP,1384,62,Female,1,4,1
7796,Headphones,HP,2633,41,Male,18,4,1
7797,Laptops,Samsung,454,25,Male,5,5,0
7798,Laptops,Sony,1719,52,Male,5,5,1
7799,Laptops,Sony,2284,32,Male,19,4,1
7800,Smart Watches,HP,1479,30,Female,10,2,0
7801,Headphones,Samsung,2587,31,Male,19,4,1
7802,Laptops,Apple,1127,41,Female,15,1,1
7803,Tablets,Apple,2344,64,Female,1,1,1
7804,Tablets,Sony,556,39,Female,12,1,1
7805,Smart Watches,HP,323,52,Female,3,3,1
7806,Laptops,Other Brands,515,26,Male,12,5,0
7807,Smartphones,Apple,437,65,Female,2,1,1
7808,Smartphones,Samsung,2171,54,Male,10,3,0
7809,Tablets,Samsung,1091,25,Male,15,5,0
7810,Smartphones,Apple,734,56,Female,4,4,1
7811,Headphones,Other Brands,1736,48,Male,9,1,0
7812,Smartphones,Apple,620,28,Male,8,5,0
7813,Smart Watches,Apple,2028,67,Male,9,3,0
7814,Headphones,Samsung,1471,65,Female,15,3,1
7815,Laptops,HP,1094,44,Male,19,2,0
7816,Headphones,Samsung,2384,21,Male,1,2,0
7817,Smartphones,HP,1000,55,Female,1,1,1
7818,Laptops,Apple,1635,27,Male,4,5,0
7819,Smart Watches,Other Brands,226,39,Male,7,4,1
7820,Tablets,HP,797,59,Female,2,3,1
7821,Smartphones,Sony,1020,60,Male,17,4,1
7822,Smartphones,HP,1715,44,Male,1,3,0
7823,Laptops,Samsung,1242,55,Female,6,5,1
7824,Smart Watches,Samsung,719,19,Male,7,3,0
7825,Headphones,Sony,2925,21,Female,7,4,1
7826,Smartphones,Samsung,1011,30,Female,12,3,0
7827,Smartphones,Samsung,2680,56,Male,10,1,0
7828,Smartphones,Apple,2782,69,Male,10,2,0
7829,Headphones,Other Brands,837,46,Female,4,2,1
7830,Tablets,Other Brands,1404,66,Male,5,3,0
7831,Smart Watches,Apple,2410,69,Female,15,4,1
7832,Laptops,Samsung,2981,22,Male,17,2,0
7833,Tablets,Apple,2452,67,Female,13,1,1
7834,Smartphones,Apple,2398,39,Male,19,2,0
7835,Smartphones,Sony,1588,52,Male,5,2,0
7836,Tablets,Apple,846,27,Female,11,3,0
7837,Laptops,Apple,1295,21,Male,16,5,0
7838,Headphones,Samsung,2131,64,Male,17,5,1
7839,Smart Watches,Apple,1251,46,Male,11,4,1
7840,Headphones,Other Brands,2733,34,Female,12,5,1
7841,Smartphones,Sony,2643,32,Male,19,2,0
7842,Laptops,Apple,1449,22,Male,6,5,0
7843,Smartphones,Other Brands,797,59,Male,15,2,0
7844,Tablets,Apple,1444,56,Male,5,3,0
7845,Laptops,Sony,1415,59,Female,8,1,1
7846,Laptops,Samsung,1819,34,Male,17,1,0
7847,Headphones,HP,694,55,Female,14,2,1
7848,Smart Watches,HP,957,40,Male,6,1,0
7849,Tablets,Apple,387,43,Male,7,3,0
7850,Tablets,Apple,1501,33,Female,4,2,1
7851,Smartphones,Samsung,683,30,Male,12,1,0
7852,Smartphones,HP,2931,21,Male,13,5,0
7853,Headphones,Samsung,570,41,Male,16,4,1
7854,Laptops,Samsung,2865,52,Female,12,5,1
7855,Tablets,Sony,2854,66,Male,5,4,1
7856,Tablets,HP,1482,42,Female,4,3,1
7857,Smart Watches,Other Brands,2722,34,Female,17,3,1
7858,Laptops,Samsung,1235,53,Male,10,5,1
7859,Tablets,Other Brands,2270,53,Male,15,2,0
7860,Smart Watches,Apple,2499,63,Male,4,2,0
7861,Smartphones,Other Brands,2090,43,Male,6,5,1
7862,Smart Watches,Sony,1840,65,Male,4,3,0
7863,Laptops,Sony,2561,65,Female,12,2,1
7864,Smartphones,Samsung,1975,45,Male,13,2,0
7865,Headphones,HP,1191,55,Male,18,3,0
7866,Laptops,HP,1432,31,Male,5,1,0
7867,Smartphones,Sony,1426,67,Male,18,3,0
7868,Headphones,Samsung,125,62,Female,6,3,1
7869,Laptops,Other Brands,1549,51,Male,17,1,0
7870,Laptops,HP,2862,24,Female,18,3,0
7871,Laptops,Samsung,2682,55,Female,5,3,1
7872,Smart Watches,Samsung,392,69,Male,1,1,0
7873,Smartphones,Apple,466,26,Male,9,4,0
7874,Tablets,Samsung,2281,52,Female,2,5,1
7875,Tablets,HP,802,39,Male,3,3,0
7876,Smart Watches,Samsung,1205,28,Female,4,1,0
7877,Tablets,Samsung,1843,42,Male,11,3,0
7878,Smartphones,Samsung,2240,64,Female,12,3,1
7879,Smartphones,Samsung,512,18,Male,5,2,0
7880,Headphones,Apple,1927,44,Male,19,3,0
7881,Smartphones,Apple,299,51,Female,5,5,1
7882,Smartphones,Other Brands,2528,36,Female,4,3,1
7883,Headphones,HP,428,64,Male,11,3,0
7884,Headphones,Apple,2860,58,Male,12,3,0
7885,Tablets,HP,792,26,Female,6,5,1
7886,Headphones,Samsung,2148,32,Male,2,1,0
7887,Smartphones,HP,899,56,Female,5,3,1
7888,Laptops,Sony,2769,39,Female,18,2,1
7889,Headphones,Samsung,176,53,Female,14,1,1
7890,Smartphones,HP,2889,37,Male,9,3,0
7891,Smartphones,HP,2048,45,Male,18,2,0
7892,Headphones,Apple,2163,40,Male,18,5,1
7893,Tablets,Apple,2283,54,Female,18,4,1
7894,Tablets,Samsung,1636,36,Female,13,4,1
7895,Smart Watches,Samsung,980,22,Female,11,2,0
7896,Smartphones,Samsung,2812,55,Male,14,1,0
7897,Laptops,Sony,1452,32,Male,13,1,0
7898,Smart Watches,Apple,2995,27,Male,10,5,0
7899,Smartphones,Other Brands,801,66,Female,12,3,1
7900,Headphones,Other Brands,1232,44,Female,17,4,1
7901,Laptops,Apple,2603,68,Male,1,2,0
7902,Laptops,Apple,2308,48,Female,5,5,1
7903,Laptops,Sony,2620,25,Male,13,3,0
7904,Headphones,Other Brands,1358,64,Male,6,1,0
7905,Smartphones,Apple,1512,44,Male,14,3,0
7906,Tablets,Samsung,556,21,Male,6,5,0
7907,Smart Watches,Samsung,666,58,Female,19,3,1
7908,Laptops,Samsung,1270,19,Female,10,3,0
7909,Smart Watches,Samsung,1470,27,Female,18,4,1
7910,Headphones,Other Brands,460,43,Male,5,4,1
7911,Headphones,HP,2424,39,Male,8,2,0
7912,Smartphones,HP,1517,21,Female,15,2,0
7913,Laptops,Samsung,2662,44,Female,15,3,1
7914,Smartphones,Apple,165,21,Male,5,1,0
7915,Smart Watches,HP,1187,45,Female,9,4,1
7916,Smartphones,HP,186,22,Male,17,5,0
7917,Tablets,HP,2346,60,Female,6,3,1
7918,Smartphones,Other Brands,2178,21,Female,8,4,1
7919,Headphones,Apple,247,23,Female,3,3,0
7920,Laptops,HP,1882,25,Male,13,3,0
7921,Smart Watches,Samsung,2174,18,Male,8,5,0
7922,Laptops,Samsung,1466,46,Female,14,5,1
7923,Laptops,Apple,2044,53,Female,8,5,1
7924,Smartphones,HP,999,59,Male,16,2,0
7925,Headphones,Apple,1875,69,Male,16,3,0
7926,Headphones,Other Brands,2618,22,Female,9,5,1
7927,Smart Watches,Other Brands,180,28,Female,1,3,0
7928,Headphones,Other Brands,602,58,Male,14,5,1
7929,Smartphones,Other Brands,1414,40,Male,19,4,1
7930,Tablets,Apple,2410,53,Female,6,3,1
7931,Headphones,Apple,2660,18,Male,18,1,0
7932,Smart Watches,Sony,2571,65,Female,7,4,1
7933,Smart Watches,Other Brands,1347,30,Female,19,1,0
7934,Tablets,Samsung,2221,20,Male,13,4,0
7935,Tablets,HP,244,34,Female,1,3,1
7936,Smartphones,Samsung,1785,42,Female,5,1,1
7937,Tablets,Sony,2305,62,Male,9,2,0
7938,Headphones,Samsung,1451,59,Male,12,5,1
7939,Tablets,Samsung,1340,56,Male,11,1,0
7940,Smartphones,Samsung,520,21,Female,6,2,0
7941,Laptops,Sony,1208,32,Female,4,5,1
7942,Tablets,Other Brands,1391,28,Male,11,1,0
7943,Headphones,Apple,821,31,Female,3,1,1
7944,Smart Watches,Apple,1230,52,Female,14,4,1
7945,Smart Watches,HP,1171,62,Female,1,3,1
7946,Smart Watches,Sony,1070,56,Male,14,4,1
7947,Headphones,Apple,712,67,Female,5,3,1
7948,Smart Watches,Sony,781,62,Male,3,1,0
7949,Smart Watches,Sony,2529,63,Male,17,5,1
7950,Laptops,Apple,800,65,Female,12,5,1
7951,Tablets,Other Brands,2497,35,Female,17,3,1
7952,Smart Watches,Apple,2849,46,Female,19,5,1
7953,Smart Watches,Apple,2011,46,Female,2,3,1
7954,Smart Watches,Sony,260,23,Male,18,3,0
7955,Smartphones,Other Brands,104,62,Male,13,4,1
7956,Smartphones,Apple,2960,41,Female,4,4,1
7957,Smartphones,Other Brands,1188,27,Male,15,2,0
7958,Tablets,HP,2067,34,Male,7,3,0
7959,Laptops,Other Brands,2566,44,Female,3,1,1
7960,Laptops,Samsung,2187,32,Male,8,3,0
7961,Smart Watches,Other Brands,654,21,Male,16,1,0
7962,Smartphones,Sony,1796,46,Female,6,1,1
7963,Laptops,Sony,161,19,Male,14,2,0
7964,Smart Watches,HP,2670,53,Male,2,4,1
7965,Laptops,Sony,356,35,Female,2,1,1
7966,Laptops,Samsung,1989,25,Male,5,1,0
7967,Tablets,Apple,2503,23,Male,9,5,0
7968,Tablets,HP,1818,34,Female,6,5,1
7969,Smartphones,Samsung,2599,55,Male,6,1,0
7970,Smart Watches,Other Brands,2675,60,Female,13,1,1
7971,Headphones,Apple,1035,30,Female,11,2,0
7972,Tablets,Samsung,2318,43,Female,5,3,1
7973,Smartphones,Sony,1365,39,Female,5,3,1
7974,Laptops,Apple,2748,36,Female,9,3,1
7975,Tablets,Sony,1119,60,Male,8,2,0
7976,Headphones,Samsung,1450,69,Female,12,5,1
7977,Smart Watches,Apple,634,26,Female,15,5,1
7978,Laptops,Sony,2749,35,Male,15,2,0
7979,Tablets,Sony,1210,19,Female,5,3,0
7980,Headphones,Apple,1319,69,Female,19,3,1
7981,Smartphones,HP,1235,65,Female,10,5,1
7982,Tablets,Apple,2627,33,Male,9,1,0
7983,Smartphones,Samsung,1028,56,Male,15,4,1
7984,Tablets,HP,1310,38,Female,18,3,1
7985,Headphones,Apple,1379,18,Female,14,5,1
7986,Smart Watches,HP,894,58,Male,12,4,1
7987,Smart Watches,Apple,1202,62,Female,5,2,1
7988,Smart Watches,Samsung,2031,32,Female,7,1,1
7989,Headphones,Samsung,933,41,Female,5,4,1
7990,Laptops,Samsung,2394,61,Male,18,4,1
7991,Smart Watches,Sony,2545,47,Male,2,2,0
7992,Laptops,Samsung,874,51,Male,18,2,0
7993,Laptops,Sony,1693,37,Male,14,2,0
7994,Smart Watches,Sony,1975,55,Male,1,1,0
7995,Smartphones,Sony,705,56,Female,7,5,1
7996,Smartphones,Apple,760,66,Male,14,3,0
7997,Headphones,Other Brands,1753,30,Female,11,2,0
7998,Smart Watches,Other Brands,1504,18,Female,12,2,0
7999,Headphones,HP,2586,25,Female,17,1,0
8000,Smartphones,HP,844,40,Female,5,1,1
8001,Smartphones,HP,1509,53,Female,2,2,1
8002,Headphones,Apple,907,36,Female,16,2,1
8003,Smartphones,Apple,2033,60,Male,16,4,1
8004,Smart Watches,Samsung,434,63,Male,17,2,0
8005,Smart Watches,Other Brands,2396,48,Female,6,4,1
8006,Smartphones,Apple,1061,22,Male,12,3,0
8007,Laptops,Other Brands,1255,23,Male,12,5,0
8008,Smartphones,Samsung,2045,31,Male,15,4,1
8009,Smart Watches,Samsung,769,44,Male,12,4,1
8010,Laptops,Samsung,166,40,Female,5,2,1
8011,Smart Watches,Sony,1985,64,Female,6,1,1
8012,Headphones,HP,2213,18,Female,7,5,1
8013,Tablets,Samsung,994,45,Female,1,3,1
8014,Tablets,Apple,2583,59,Female,6,3,1
8015,Tablets,Sony,1530,46,Male,12,3,0
8016,Smartphones,HP,1896,26,Male,17,5,0
8017,Tablets,Sony,850,35,Female,15,4,1
8018,Headphones,Other Brands,847,69,Male,18,3,0
8019,Headphones,Other Brands,2162,32,Female,11,5,1
8020,Tablets,HP,457,61,Male,8,1,0
8021,Smartphones,Samsung,791,32,Male,19,3,0
8022,Tablets,Sony,1727,34,Female,10,2,1
8023,Headphones,Apple,2136,69,Male,8,4,1
8024,Smart Watches,Samsung,2451,37,Male,9,4,1
8025,Smart Watches,HP,2616,21,Male,14,3,0
8026,Smartphones,Sony,645,55,Female,15,2,1
8027,Headphones,Other Brands,1373,53,Male,1,1,0
8028,Headphones,HP,1153,42,Male,5,4,1
8029,Smartphones,HP,1599,54,Female,7,3,1
8030,Headphones,Sony,1278,48,Female,15,1,1
8031,Tablets,HP,172,62,Male,8,5,1
8032,Smartphones,Apple,894,26,Male,11,3,0
8033,Headphones,HP,2360,25,Male,8,3,0
8034,Tablets,HP,475,42,Male,11,3,0
8035,Laptops,Samsung,960,39,Female,13,4,1
8036,Tablets,Apple,1233,66,Male,2,1,0
8037,Laptops,Samsung,1402,50,Female,16,1,1
8038,Headphones,Samsung,2654,64,Female,8,3,1
8039,Tablets,Other Brands,2345,50,Male,1,4,1
8040,Smart Watches,Samsung,2590,38,Female,14,2,1
8041,Headphones,Sony,2725,25,Female,5,1,0
8042,Headphones,Other Brands,554,31,Female,13,3,1
8043,Headphones,Other Brands,508,39,Female,9,5,1
8044,Laptops,Sony,2607,44,Male,4,1,0
8045,Smart Watches,Samsung,512,49,Female,1,2,1
8046,Headphones,Sony,2033,25,Male,7,4,0
8047,Tablets,Samsung,566,19,Male,6,1,0
8048,Laptops,HP,682,26,Female,16,5,1
8049,Headphones,Samsung,449,61,Female,12,1,1
8050,Smart Watches,HP,1030,46,Female,13,3,1
8051,Headphones,HP,495,58,Male,4,4,1
8052,Headphones,HP,2056,50,Male,5,4,1
8053,Smart Watches,Samsung,699,64,Male,7,5,1
8054,Smart Watches,Apple,782,60,Male,4,2,0
8055,Smartphones,Apple,2354,53,Male,12,1,0
8056,Headphones,Samsung,1951,37,Male,9,2,0
8057,Headphones,Sony,2928,27,Female,3,2,0
8058,Smart Watches,HP,1273,62,Male,17,2,0
8059,Tablets,Samsung,2076,21,Male,14,2,0
8060,Smart Watches,Sony,192,20,Male,6,3,0
8061,Smart Watches,Other Brands,160,64,Female,2,3,1
8062,Headphones,Apple,2939,48,Male,12,3,0
8063,Smart Watches,HP,630,44,Male,2,2,0
8064,Smartphones,Sony,2254,60,Male,9,3,0
8065,Tablets,HP,1156,62,Male,9,2,0
8066,Smartphones,Sony,407,64,Male,3,4,1
8067,Laptops,Sony,918,55,Female,3,5,1
8068,Headphones,Other Brands,449,42,Female,7,1,1
8069,Laptops,Samsung,2054,39,Male,11,3,0
8070,Smartphones,Other Brands,2972,47,Male,8,5,1
8071,Smartphones,Other Brands,2218,56,Female,6,4,1
8072,Smartphones,Samsung,636,25,Female,4,5,1
8073,Smart Watches,Sony,505,68,Male,1,1,0
8074,Smart Watches,Sony,134,25,Male,4,2,0
8075,Laptops,HP,1554,60,Male,19,3,0
8076,Headphones,HP,2761,59,Female,13,4,1
8077,Tablets,Samsung,1809,58,Female,18,2,1
8078,Laptops,Sony,1350,44,Male,4,4,1
8079,Smart Watches,Other Brands,433,30,Female,19,5,1
8080,Tablets,Apple,2162,23,Female,11,3,0
8081,Headphones,Apple,377,58,Male,11,4,1
8082,Tablets,Samsung,350,22,Female,4,5,1
8083,Laptops,Samsung,2339,39,Female,12,3,1
8084,Laptops,Other Brands,2075,52,Female,8,4,1
8085,Tablets,Samsung,1696,39,Male,3,1,0
8086,Headphones,Sony,2541,24,Male,9,5,0
8087,Tablets,Samsung,2877,26,Male,7,2,0
8088,Smart Watches,Sony,397,39,Male,1,4,1
8089,Headphones,Sony,1515,52,Male,4,4,1
8090,Smart Watches,Other Brands,1657,62,Male,13,4,1
8091,Headphones,Sony,1535,29,Female,12,3,0
8092,Smartphones,Other Brands,1167,30,Male,8,5,0
8093,Smart Watches,HP,649,31,Male,8,4,1
8094,Headphones,Sony,942,41,Female,12,1,1
8095,Smart Watches,Other Brands,1068,59,Male,2,2,0
8096,Smart Watches,Apple,2081,41,Female,7,3,1
8097,Smart Watches,HP,2083,60,Female,17,3,1
8098,Tablets,Other Brands,2057,41,Female,10,1,1
8099,Laptops,HP,1837,41,Female,4,2,1
8100,Tablets,HP,1419,29,Female,12,3,0
8101,Smart Watches,Apple,265,45,Male,2,1,0
8102,Laptops,Sony,2267,25,Female,14,1,0
8103,Laptops,HP,693,33,Male,7,1,0
8104,Laptops,Samsung,1020,56,Female,2,4,1
8105,Laptops,HP,226,42,Female,10,3,1
8106,Tablets,Other Brands,1447,45,Male,1,3,0
8107,Laptops,Apple,2215,41,Female,3,2,1
8108,Smartphones,Other Brands,1989,29,Male,16,2,0
8109,Tablets,Samsung,335,63,Male,1,1,0
8110,Headphones,Samsung,2419,41,Male,10,4,1
8111,Smartphones,Samsung,1403,31,Female,13,2,1
8112,Headphones,HP,1405,64,Female,15,4,1
8113,Headphones,Other Brands,1438,33,Female,4,2,1
8114,Smart Watches,Apple,2175,66,Male,13,3,0
8115,Laptops,Other Brands,1436,32,Female,15,3,1
8116,Smartphones,Other Brands,974,53,Male,13,3,0
8117,Smartphones,Apple,1090,53,Male,7,1,0
8118,Laptops,Other Brands,2886,43,Male,15,4,1
8119,Smart Watches,Sony,1900,20,Male,8,3,0
8120,Smartphones,Sony,2149,40,Male,5,3,0
8121,Laptops,Apple,1818,68,Female,5,4,1
8122,Headphones,Sony,1650,50,Male,7,3,0
8123,Headphones,Other Brands,902,20,Female,16,5,1
8124,Tablets,Other Brands,1628,54,Male,12,2,0
8125,Laptops,Sony,2168,23,Female,17,5,1
8126,Headphones,Other Brands,534,68,Male,5,5,1
8127,Smartphones,Sony,1056,64,Female,18,5,1
8128,Headphones,Samsung,2822,19,Male,9,2,0
8129,Laptops,Samsung,1346,23,Female,19,5,1
8130,Headphones,Other Brands,398,62,Female,11,5,1
8131,Tablets,Sony,1763,30,Female,11,4,1
8132,Smartphones,Apple,2238,62,Female,10,3,1
8133,Laptops,Other Brands,1676,55,Male,17,2,0
8134,Headphones,Other Brands,2468,37,Female,9,4,1
8135,Smart Watches,Sony,2155,60,Male,10,1,0
8136,Tablets,Samsung,2310,19,Female,1,5,1
8137,Tablets,Samsung,2680,67,Male,12,5,1
8138,Headphones,Samsung,1835,23,Female,19,1,0
8139,Tablets,HP,1182,65,Female,13,2,1
8140,Laptops,Sony,1989,23,Male,1,2,0
8141,Headphones,Apple,2016,46,Male,11,2,0
8142,Headphones,HP,2738,20,Female,14,2,0
8143,Tablets,Other Brands,707,59,Male,16,5,1
8144,Smart Watches,Sony,1269,24,Male,10,2,0
8145,Laptops,Sony,595,47,Male,6,1,0
8146,Smart Watches,Sony,2336,21,Male,11,2,0
8147,Smartphones,Sony,2435,65,Male,5,5,1
8148,Laptops,Apple,550,33,Female,2,3,1
8149,Tablets,Samsung,2154,25,Female,14,3,0
8150,Smartphones,Apple,1589,20,Female,8,5,1
8151,Smart Watches,Sony,111,40,Female,10,2,1
8152,Smart Watches,Apple,285,34,Female,5,5,1
8153,Headphones,Sony,602,49,Female,17,3,1
8154,Smart Watches,Apple,2175,45,Female,18,1,1
8155,Tablets,Other Brands,2599,41,Male,8,5,1
8156,Headphones,Sony,2300,22,Male,7,5,0
8157,Smartphones,HP,760,40,Male,17,3,0
8158,Laptops,Other Brands,2303,50,Male,5,5,1
8159,Smartphones,Samsung,1512,24,Male,14,5,0
8160,Laptops,Apple,876,34,Male,16,1,0
8161,Headphones,Sony,977,20,Male,18,5,0
8162,Tablets,Apple,631,53,Male,15,3,0
8163,Smart Watches,Other Brands,1810,54,Female,19,5,1
8164,Smartphones,Samsung,708,62,Male,14,5,1
8165,Headphones,HP,2404,53,Male,10,1,0
8166,Smart Watches,Apple,526,56,Female,15,5,1
8167,Smart Watches,HP,1629,51,Male,10,1,0
8168,Headphones,Samsung,2114,52,Female,15,3,1
8169,Smart Watches,Samsung,1618,33,Male,6,5,1
8170,Smartphones,Apple,1318,40,Male,10,2,0
8171,Laptops,Other Brands,763,62,Male,17,1,0
8172,Tablets,Apple,701,56,Female,10,4,1
8173,Smartphones,HP,819,69,Male,5,3,0
8174,Smart Watches,Apple,1042,51,Female,9,1,1
8175,Smartphones,Samsung,2364,21,Male,16,1,0
8176,Headphones,Samsung,1540,49,Male,16,1,0
8177,Tablets,HP,2865,41,Male,8,4,1
8178,Tablets,Apple,2933,65,Male,18,4,1
8179,Smart Watches,Samsung,1207,33,Male,10,4,1
8180,Tablets,Other Brands,1343,64,Male,11,2,0
8181,Smart Watches,Samsung,2625,23,Female,16,3,0
8182,Smart Watches,Other Brands,2194,18,Female,4,5,1
8183,Headphones,Other Brands,461,66,Female,7,1,1
8184,Smart Watches,Samsung,364,43,Male,9,3,0
8185,Laptops,Other Brands,1342,29,Male,2,5,0
8186,Headphones,Apple,504,54,Male,17,4,1
8187,Tablets,Other Brands,2970,67,Male,1,5,1
8188,Smartphones,Apple,2518,54,Female,13,3,1
8189,Laptops,Other Brands,1165,26,Male,2,1,0
8190,Tablets,Sony,268,63,Male,19,1,0
8191,Headphones,Apple,753,47,Female,16,5,1
8192,Laptops,HP,1107,49,Male,17,2,0
8193,Smartphones,Apple,333,40,Male,19,3,0
8194,Laptops,Apple,1820,59,Male,14,5,1
8195,Smartphones,HP,2029,48,Female,6,5,1
8196,Smart Watches,Apple,2263,48,Female,8,4,1
8197,Headphones,Sony,705,44,Male,15,5,1
8198,Smartphones,Apple,274,41,Male,9,5,1
8199,Laptops,Sony,881,41,Male,17,4,1
8200,Smart Watches,Apple,444,62,Male,14,4,1
8201,Laptops,Apple,2385,35,Female,17,4,1
8202,Tablets,Apple,1236,45,Male,3,2,0
8203,Smart Watches,Other Brands,950,19,Male,6,3,0
8204,Smart Watches,Apple,953,41,Female,13,2,1
8205,Tablets,HP,1729,45,Male,7,1,0
8206,Laptops,Other Brands,277,53,Male,3,3,0
8207,Tablets,Samsung,2488,40,Male,16,1,0
8208,Tablets,Sony,2381,26,Female,18,4,1
8209,Smart Watches,HP,587,25,Female,16,1,0
8210,Smartphones,HP,2640,23,Female,1,1,0
8211,Smartphones,Samsung,1570,55,Female,4,1,1
8212,Headphones,Sony,2612,40,Male,9,1,0
8213,Laptops,Sony,2481,52,Female,11,3,1
8214,Smart Watches,Sony,2326,26,Female,11,1,0
8215,Smartphones,Apple,1503,23,Male,17,1,0
8216,Laptops,Other Brands,2797,43,Female,13,2,1
8217,Smart Watches,Samsung,765,68,Male,7,2,0
8218,Smartphones,HP,603,59,Female,18,1,1
8219,Smart Watches,Other Brands,634,30,Male,8,1,0
8220,Smart Watches,Other Brands,327,32,Male,8,4,1
8221,Smartphones,Samsung,868,52,Female,3,5,1
8222,Laptops,Sony,2001,56,Female,14,2,1
8223,Smart Watches,Apple,1292,20,Male,15,2,0
8224,Tablets,HP,2927,67,Female,9,2,1
8225,Tablets,Other Brands,2543,53,Male,1,4,1
8226,Headphones,Other Brands,2887,68,Male,19,2,0
8227,Smartphones,Sony,949,58,Female,15,4,1
8228,Laptops,HP,2585,64,Male,13,2,0
8229,Laptops,Apple,2635,69,Male,7,5,1
8230,Smartphones,HP,1998,29,Male,15,2,0
8231,Smart Watches,Apple,1865,50,Male,19,4,1
8232,Tablets,Sony,1665,33,Female,9,3,1
8233,Smartphones,Samsung,2619,54,Male,10,4,1
8234,Smartphones,Other Brands,2585,49,Male,19,5,1
8235,Smartphones,HP,398,51,Female,14,4,1
8236,Smartphones,HP,1721,35,Male,18,3,0
8237,Laptops,Sony,393,35,Female,5,1,1
8238,Smartphones,Samsung,1073,63,Female,19,4,1
8239,Tablets,Apple,319,20,Male,6,3,0
8240,Headphones,Samsung,1648,68,Male,6,2,0
8241,Laptops,HP,389,38,Male,6,3,0
8242,Tablets,Apple,1903,63,Male,12,2,0
8243,Laptops,HP,2163,66,Male,18,1,0
8244,Laptops,Samsung,853,26,Male,3,4,0
8245,Smart Watches,Samsung,1800,48,Male,12,1,0
8246,Laptops,Other Brands,767,31,Female,8,4,1
8247,Smart Watches,Samsung,2789,65,Female,15,3,1
8248,Smart Watches,Samsung,2970,35,Female,11,3,1
8249,Headphones,Apple,320,44,Female,15,4,1
8250,Laptops,Other Brands,1482,63,Female,2,3,1
8251,Headphones,Sony,1654,57,Male,12,3,0
8252,Headphones,Sony,2434,21,Female,19,5,1
8253,Laptops,Samsung,310,47,Female,12,4,1
8254,Smartphones,Other Brands,2903,65,Male,13,5,1
8255,Smartphones,Apple,2126,28,Female,10,3,0
8256,Smart Watches,HP,2692,27,Female,2,4,1
8257,Tablets,Apple,323,22,Female,12,1,0
8258,Smartphones,Other Brands,2426,51,Male,6,1,0
8259,Tablets,Samsung,458,22,Male,17,4,0
8260,Smartphones,HP,181,21,Female,7,2,0
8261,Laptops,HP,922,60,Female,10,3,1
8262,Smartphones,Apple,2050,61,Male,8,1,0
8263,Smart Watches,Sony,2780,45,Female,11,1,1
8264,Smart Watches,Other Brands,1405,67,Female,8,5,1
8265,Tablets,Samsung,1658,40,Female,14,4,1
8266,Smartphones,Other Brands,1537,36,Male,18,5,1
8267,Tablets,Sony,169,24,Male,11,1,0
8268,Smartphones,Other Brands,883,45,Female,9,1,1
8269,Headphones,Sony,2488,22,Female,18,1,0
8270,Tablets,HP,1729,18,Male,15,1,0
8271,Headphones,HP,2628,45,Male,19,4,1
8272,Tablets,Apple,2968,19,Male,5,5,0
8273,Headphones,Sony,1815,42,Female,16,3,1
8274,Smartphones,Samsung,1140,46,Male,6,5,1
8275,Laptops,Apple,245,50,Female,2,2,1
8276,Headphones,Other Brands,2971,60,Female,12,2,1
8277,Headphones,Apple,1713,61,Male,7,3,0
8278,Tablets,HP,1378,57,Male,5,2,0
8279,Tablets,HP,2765,30,Female,6,1,0
8280,Laptops,HP,118,37,Male,18,2,0
8281,Laptops,Samsung,2840,20,Female,13,1,0
8282,Headphones,Sony,532,29,Female,12,1,0
8283,Smartphones,Apple,765,42,Male,3,5,1
8284,Smart Watches,Sony,2681,22,Female,7,2,0
8285,Tablets,HP,888,21,Male,5,3,0
8286,Smartphones,Apple,243,51,Female,14,5,1
8287,Smart Watches,HP,1173,63,Female,14,3,1
8288,Smart Watches,Apple,888,24,Female,5,1,0
8289,Laptops,Other Brands,570,20,Female,9,2,0
8290,Smart Watches,Apple,2967,66,Female,13,2,1
8291,Tablets,Other Brands,914,54,Male,12,4,1
8292,Tablets,Samsung,2186,18,Female,5,4,1
8293,Smartphones,Apple,2495,65,Male,12,5,1
8294,Smart Watches,Apple,213,49,Female,10,5,1
8295,Tablets,HP,1769,65,Female,6,5,1
8296,Smart Watches,Sony,2434,61,Male,6,3,0
8297,Laptops,HP,103,69,Female,15,1,1
8298,Headphones,Other Brands,2080,62,Male,19,2,0
8299,Smart Watches,Apple,2769,57,Male,10,5,1
8300,Tablets,Samsung,2872,45,Male,5,3,0
8301,Smartphones,HP,131,65,Male,15,5,1
8302,Smart Watches,Samsung,2569,46,Male,12,2,0
8303,Headphones,Sony,2007,59,Female,9,3,1
8304,Smartphones,Sony,307,53,Male,10,2,0
8305,Smartphones,HP,1564,24,Male,12,5,0
8306,Laptops,HP,1358,41,Male,1,5,1
8307,Headphones,Sony,1319,26,Female,11,5,1
8308,Laptops,Apple,867,57,Male,4,4,1
8309,Headphones,Samsung,1189,41,Male,14,3,0
8310,Smart Watches,Other Brands,308,37,Female,16,5,1
8311,Smartphones,Other Brands,466,56,Male,19,3,0
8312,Smartphones,Samsung,1648,39,Male,4,3,0
8313,Laptops,Sony,1954,36,Female,5,3,1
8314,Tablets,Other Brands,1961,68,Male,3,2,0
8315,Smartphones,Samsung,188,52,Female,12,3,1
8316,Tablets,Apple,257,58,Male,2,5,1
8317,Laptops,Apple,2545,53,Female,1,2,1
8318,Laptops,Apple,940,53,Female,17,4,1
8319,Smartphones,Other Brands,2492,37,Female,7,3,1
8320,Smart Watches,HP,107,27,Male,12,4,0
8321,Headphones,Sony,308,37,Male,14,3,0
8322,Tablets,Other Brands,483,46,Male,15,3,0
8323,Smart Watches,Other Brands,642,27,Male,6,1,0
8324,Smart Watches,Sony,1788,35,Female,19,3,1
8325,Tablets,Sony,1527,45,Male,18,3,0
8326,Headphones,Apple,348,44,Female,19,4,1
8327,Laptops,HP,2423,46,Male,17,4,1
8328,Smart Watches,Sony,962,20,Female,9,3,0
8329,Laptops,Sony,2850,24,Female,17,4,1
8330,Smart Watches,HP,2364,55,Male,3,4,1
8331,Smartphones,Samsung,1956,65,Female,6,2,1
8332,Tablets,Other Brands,466,48,Male,9,5,1
8333,Smart Watches,Samsung,401,56,Female,1,2,1
8334,Smart Watches,Sony,403,32,Female,2,2,1
8335,Headphones,Samsung,653,28,Female,16,4,1
8336,Headphones,Samsung,2651,66,Male,4,5,1
8337,Laptops,Samsung,1181,32,Male,19,2,0
8338,Smartphones,Samsung,1318,29,Female,9,3,0
8339,Smartphones,Sony,2134,69,Female,7,4,1
8340,Headphones,Other Brands,1155,36,Female,19,3,1
8341,Laptops,HP,1461,24,Male,13,1,0
8342,Smart Watches,Other Brands,2547,56,Female,12,3,1
8343,Tablets,Apple,1174,56,Male,13,3,0
8344,Laptops,HP,1904,33,Male,15,2,0
8345,Laptops,Other Brands,2861,50,Female,13,4,1
8346,Laptops,Sony,2899,62,Male,12,1,0
8347,Laptops,Apple,391,45,Female,10,5,1
8348,Smart Watches,Samsung,2519,67,Male,5,4,1
8349,Tablets,HP,705,67,Female,10,4,1
8350,Smart Watches,HP,2043,34,Male,4,2,0
8351,Tablets,HP,664,59,Female,18,4,1
8352,Headphones,HP,1366,52,Male,5,3,0
8353,Headphones,Sony,2721,40,Female,6,1,1
8354,Tablets,Sony,1139,29,Female,8,5,1
8355,Tablets,HP,1829,44,Female,9,2,1
8356,Tablets,Other Brands,1718,33,Female,8,3,1
8357,Smart Watches,Other Brands,2714,61,Female,16,2,1
8358,Smart Watches,Apple,933,63,Male,3,1,0
8359,Laptops,HP,2904,24,Female,18,3,0
8360,Laptops,Other Brands,1353,30,Male,16,4,0
8361,Laptops,HP,696,26,Male,7,1,0
8362,Smartphones,Apple,1480,20,Male,2,2,0
8363,Tablets,Other Brands,840,60,Male,6,1,0
8364,Laptops,HP,2152,19,Female,17,5,1
8365,Tablets,HP,872,34,Female,2,5,1
8366,Smart Watches,HP,692,39,Female,3,4,1
8367,Tablets,Apple,2202,35,Female,2,4,1
8368,Headphones,Apple,2291,37,Female,1,5,1
8369,Laptops,Other Brands,1082,59,Female,12,3,1
8370,Smartphones,Samsung,1754,69,Female,1,5,1
8371,Tablets,Sony,613,49,Male,9,4,1
8372,Headphones,Sony,863,63,Female,19,3,1
8373,Laptops,Apple,199,51,Male,13,3,0
8374,Laptops,HP,1697,49,Male,12,1,0
8375,Smart Watches,HP,105,18,Female,8,3,0
8376,Headphones,Samsung,665,67,Female,18,4,1
8377,Headphones,HP,2767,43,Female,3,2,1
8378,Smartphones,Sony,203,31,Male,17,5,1
8379,Smart Watches,Apple,753,50,Female,2,1,1
8380,Tablets,Sony,2950,45,Male,15,1,0
8381,Headphones,Sony,2539,21,Male,12,2,0
8382,Headphones,Other Brands,726,60,Female,2,2,1
8383,Tablets,Apple,2008,19,Male,16,1,0
8384,Smartphones,Sony,2628,44,Male,15,5,1
8385,Smartphones,HP,744,24,Female,15,2,0
8386,Tablets,Apple,435,39,Female,15,3,1
8387,Smart Watches,HP,682,60,Female,11,1,1
8388,Laptops,Sony,680,53,Male,2,1,0
8389,Tablets,Samsung,2819,41,Male,15,5,1
8390,Smartphones,Samsung,2982,51,Female,12,5,1
8391,Laptops,Apple,2810,18,Female,9,2,0
8392,Smartphones,Other Brands,231,54,Female,2,2,1
8393,Tablets,Apple,1995,64,Male,8,5,1
8394,Laptops,HP,2753,26,Male,6,1,0
8395,Laptops,Apple,2837,27,Male,18,3,0
8396,Smartphones,HP,668,45,Female,5,1,1
8397,Smart Watches,Apple,940,31,Female,6,2,1
8398,Headphones,Sony,528,45,Male,8,2,0
8399,Smart Watches,HP,2499,41,Female,13,2,1
8400,Headphones,Apple,817,31,Female,19,4,1
8401,Smartphones,Samsung,902,57,Male,13,4,1
8402,Laptops,HP,2502,49,Female,14,3,1
8403,Smartphones,Apple,1784,64,Male,19,2,0
8404,Laptops,Apple,2476,20,Female,8,2,0
8405,Tablets,Sony,1950,25,Male,9,4,0
8406,Laptops,Samsung,1459,50,Female,10,2,1
8407,Smart Watches,Sony,1435,51,Male,16,2,0
8408,Laptops,Samsung,1323,19,Male,12,5,0
8409,Smart Watches,Apple,1858,65,Male,6,3,0
8410,Smart Watches,HP,2409,48,Male,7,4,1
8411,Headphones,Apple,2734,32,Male,11,3,0
8412,Laptops,Other Brands,1206,23,Female,13,5,1
8413,Smartphones,HP,585,65,Male,7,3,0
8414,Smartphones,Apple,617,61,Female,4,4,1
8415,Headphones,Samsung,2098,67,Male,1,1,0
8416,Smartphones,Samsung,1399,38,Female,8,4,1
8417,Headphones,HP,1026,55,Male,18,1,0
8418,Smart Watches,HP,2847,48,Male,7,3,0
8419,Headphones,Apple,863,21,Male,11,3,0
8420,Headphones,HP,551,37,Male,8,5,1
8421,Headphones,Sony,2758,43,Male,15,4,1
8422,Laptops,Apple,1732,45,Male,17,4,1
8423,Headphones,HP,2121,27,Male,17,5,0
8424,Headphones,Sony,1862,55,Female,3,1,1
8425,Laptops,Other Brands,1075,34,Female,4,2,1
8426,Tablets,Other Brands,566,38,Male,13,5,1
8427,Smart Watches,Sony,1718,32,Male,11,2,0
8428,Smartphones,Samsung,1019,20,Female,2,5,1
8429,Headphones,Other Brands,1722,29,Female,8,3,0
8430,Headphones,Sony,2226,60,Male,16,3,0
8431,Laptops,HP,2178,44,Female,11,4,1
8432,Headphones,Other Brands,2173,46,Male,8,5,1
8433,Tablets,Apple,2133,33,Female,15,5,1
8434,Headphones,Other Brands,2421,66,Male,3,2,0
8435,Smart Watches,Other Brands,1789,63,Male,15,1,0
8436,Smartphones,Sony,1164,45,Male,13,5,1
8437,Laptops,Apple,1160,53,Female,16,2,1
8438,Smart Watches,Other Brands,830,45,Female,10,2,1
8439,Smart Watches,Apple,1361,35,Male,4,3,0
8440,Smartphones,Apple,2157,39,Male,6,4,1
8441,Headphones,HP,1402,61,Female,10,1,1
8442,Smart Watches,Samsung,2596,23,Male,17,4,0
8443,Laptops,Other Brands,698,34,Female,15,2,1
8444,Tablets,Apple,148,32,Male,5,5,1
8445,Tablets,Apple,1005,18,Male,11,3,0
8446,Headphones,Sony,2244,33,Female,4,4,1
8447,Headphones,Apple,1813,62,Male,9,2,0
8448,Headphones,Apple,100,35,Female,8,2,1
8449,Smartphones,Apple,193,68,Female,8,3,1
8450,Smartphones,HP,359,47,Female,1,1,1
8451,Smart Watches,Samsung,147,60,Female,9,5,1
8452,Smart Watches,HP,1924,32,Male,17,5,1
8453,Smartphones,HP,2149,35,Female,19,4,1
8454,Smartphones,Sony,1418,51,Male,2,1,0
8455,Tablets,Apple,2760,25,Female,18,2,0
8456,Headphones,Apple,1396,30,Female,5,2,0
8457,Headphones,Other Brands,1843,65,Male,13,4,1
8458,Laptops,Other Brands,2760,54,Female,19,4,1
8459,Tablets,Other Brands,512,44,Male,5,2,0
8460,Headphones,Other Brands,1345,60,Female,11,1,1
8461,Smartphones,Samsung,1062,31,Female,13,4,1
8462,Smartphones,Sony,2959,46,Male,2,2,0
8463,Smart Watches,Apple,2852,45,Female,12,1,1
8464,Smart Watches,HP,2971,45,Male,3,5,1
8465,Smart Watches,Other Brands,2125,69,Male,18,4,1
8466,Laptops,Sony,2019,43,Male,18,1,0
8467,Smart Watches,Apple,104,19,Female,12,4,1
8468,Tablets,HP,2919,67,Male,1,5,1
8469,Tablets,Other Brands,2168,49,Female,11,5,1
8470,Laptops,Samsung,2553,44,Male,9,5,1
8471,Tablets,Samsung,977,53,Female,13,4,1
8472,Laptops,Other Brands,1851,33,Male,8,2,0
8473,Laptops,Sony,2754,23,Male,4,1,0
8474,Laptops,Samsung,811,25,Male,9,2,0
8475,Laptops,Other Brands,1738,50,Female,16,5,1
8476,Smartphones,Samsung,2657,49,Female,14,3,1
8477,Smartphones,Other Brands,2882,39,Female,1,4,1
8478,Laptops,Other Brands,821,69,Female,16,4,1
8479,Tablets,Other Brands,1010,69,Male,15,4,1
8480,Headphones,Samsung,1396,34,Male,15,2,0
8481,Headphones,Samsung,625,61,Female,17,3,1
8482,Smart Watches,Samsung,2719,51,Female,5,1,1
8483,Headphones,Apple,1011,32,Female,10,4,1
8484,Smartphones,Samsung,1693,58,Female,11,5,1
8485,Smartphones,Apple,142,50,Female,12,3,1
8486,Headphones,Other Brands,769,39,Male,13,2,0
8487,Smartphones,Sony,2420,58,Male,2,3,0
8488,Tablets,Sony,658,21,Male,16,3,0
8489,Headphones,Samsung,1036,64,Male,12,1,0
8490,Laptops,Samsung,265,43,Male,19,1,0
8491,Smartphones,Sony,1833,60,Male,18,2,0
8492,Headphones,HP,2772,25,Female,12,3,0
8493,Tablets,Apple,1952,51,Male,12,4,1
8494,Laptops,HP,1250,39,Female,4,5,1
8495,Laptops,Sony,320,32,Female,9,2,1
8496,Laptops,Sony,289,18,Male,17,2,0
8497,Headphones,HP,988,35,Male,5,3,0
8498,Laptops,HP,335,31,Female,14,4,1
8499,Smart Watches,Samsung,2265,36,Female,19,1,1
8500,Tablets,HP,1094,61,Female,15,5,1
8501,Smartphones,Apple,1817,23,Female,7,2,0
8502,Tablets,Samsung,2366,31,Female,7,5,1
8503,Smartphones,HP,282,44,Male,12,1,0
8504,Headphones,Sony,381,39,Male,19,1,0
8505,Smartphones,Samsung,1599,57,Female,4,3,1
8506,Laptops,Sony,744,24,Female,17,2,0
8507,Laptops,Apple,1300,33,Male,17,3,0
8508,Smartphones,Other Brands,1157,42,Male,11,3,0
8509,Smart Watches,Samsung,2059,60,Female,11,2,1
8510,Laptops,Other Brands,695,19,Male,11,5,0
8511,Smartphones,Apple,1161,59,Male,12,3,0
8512,Laptops,Other Brands,2944,45,Male,12,1,0
8513,Smart Watches,Sony,2943,45,Male,19,3,0
8514,Tablets,HP,2933,22,Female,1,2,0
8515,Laptops,Other Brands,1246,27,Male,13,3,0
8516,Headphones,Samsung,223,23,Female,14,2,0
8517,Tablets,Samsung,433,69,Male,10,4,1
8518,Laptops,Apple,2824,62,Female,1,4,1
8519,Smart Watches,HP,1200,51,Male,7,3,0
8520,Smartphones,HP,1561,48,Female,17,1,1
8521,Headphones,Sony,1330,68,Female,3,5,1
8522,Headphones,Sony,1276,27,Male,19,5,0
8523,Smartphones,Sony,2871,55,Male,7,5,1
8524,Smart Watches,Other Brands,254,30,Male,10,3,0
8525,Smart Watches,Apple,2979,23,Female,13,3,0
8526,Headphones,Apple,2287,33,Female,5,5,1
8527,Smart Watches,Sony,431,32,Male,5,2,0
8528,Headphones,HP,279,46,Male,10,2,0
8529,Headphones,Sony,1670,55,Male,13,1,0
8530,Smart Watches,Samsung,516,56,Male,1,5,1
8531,Smartphones,Samsung,2117,22,Male,18,2,0
8532,Smart Watches,Sony,2179,27,Male,14,1,0
8533,Smart Watches,Sony,2846,31,Female,3,4,1
8534,Smartphones,Samsung,2242,61,Female,16,4,1
8535,Headphones,Other Brands,1978,23,Male,10,4,0
8536,Smartphones,Apple,1601,66,Female,2,5,1
8537,Headphones,Sony,2541,31,Female,6,4,1
8538,Tablets,Apple,2802,38,Female,14,2,1
8539,Laptops,Samsung,1827,58,Male,7,3,0
8540,Smartphones,Samsung,1952,31,Female,18,5,1
8541,Smart Watches,Other Brands,995,33,Male,13,3,0
8542,Smart Watches,Other Brands,2288,27,Female,3,3,0
8543,Laptops,Sony,553,64,Female,7,5,1
8544,Headphones,Samsung,982,22,Female,9,1,0
8545,Tablets,Apple,1755,68,Male,13,3,0
8546,Smartphones,Samsung,1143,50,Male,1,5,1
8547,Smartphones,HP,2461,22,Female,3,2,0
8548,Smartphones,Sony,1777,52,Female,19,4,1
8549,Laptops,Samsung,1952,27,Male,15,3,0
8550,Smartphones,Other Brands,845,29,Male,11,3,0
8551,Tablets,Other Brands,2605,30,Female,9,1,0
8552,Laptops,HP,2233,69,Female,11,2,1
8553,Tablets,HP,343,46,Male,5,4,1
8554,Smartphones,Sony,212,47,Female,12,4,1
8555,Laptops,Samsung,2919,37,Male,11,4,1
8556,Smart Watches,Sony,249,28,Male,7,4,0
8557,Laptops,Apple,1372,35,Male,17,2,0
8558,Smart Watches,Apple,2273,39,Female,7,2,1
8559,Smartphones,Other Brands,210,46,Male,17,3,0
8560,Tablets,HP,1242,55,Female,7,3,1
8561,Headphones,Sony,521,52,Male,2,3,0
8562,Smart Watches,Samsung,866,61,Female,1,1,1
8563,Tablets,Apple,2516,61,Female,17,5,1
8564,Tablets,Sony,1010,32,Male,12,4,1
8565,Smartphones,HP,883,36,Female,10,4,1
8566,Laptops,Sony,897,63,Male,13,2,0
8567,Laptops,Apple,2086,34,Female,2,4,1
8568,Tablets,HP,2420,20,Female,8,2,0
8569,Tablets,Samsung,980,33,Female,4,1,1
8570,Laptops,HP,1697,36,Male,10,4,1
8571,Smart Watches,Apple,364,42,Female,8,2,1
8572,Tablets,Sony,2847,42,Female,11,1,1
8573,Laptops,HP,2275,27,Male,13,1,0
8574,Smartphones,Sony,2056,33,Male,13,1,0
8575,Smart Watches,Other Brands,646,32,Male,11,5,1
8576,Headphones,Sony,2164,66,Female,14,4,1
8577,Smartphones,HP,1475,50,Male,6,2,0
8578,Headphones,HP,1381,63,Male,10,3,0
8579,Laptops,Apple,1414,48,Male,16,2,0
8580,Smartphones,HP,1973,23,Female,18,5,1
8581,Tablets,Other Brands,215,61,Male,10,3,0
8582,Smartphones,Samsung,781,56,Female,16,1,1
8583,Headphones,Apple,1742,43,Female,2,3,1
8584,Laptops,HP,2957,38,Female,4,4,1
8585,Laptops,Other Brands,1846,26,Male,14,3,0
8586,Tablets,Samsung,1290,25,Female,9,2,0
8587,Headphones,Samsung,609,48,Female,6,4,1
8588,Smart Watches,HP,1213,62,Female,11,4,1
8589,Laptops,Sony,695,53,Male,14,2,0
8590,Headphones,Samsung,1115,36,Male,3,2,0
8591,Smartphones,Apple,1003,67,Male,16,2,0
8592,Tablets,Other Brands,2959,26,Male,7,4,0
8593,Headphones,HP,1779,41,Male,17,4,1
8594,Laptops,Samsung,2375,26,Female,6,2,0
8595,Smartphones,Samsung,825,59,Female,10,2,1
8596,Smartphones,HP,2364,33,Male,19,1,0
8597,Smartphones,HP,2064,31,Male,7,2,0
8598,Laptops,HP,1618,60,Female,6,2,1
8599,Laptops,Samsung,2149,25,Male,3,2,0
8600,Laptops,Other Brands,539,43,Female,16,5,1
8601,Laptops,Other Brands,519,43,Male,9,3,0
8602,Smartphones,Samsung,2339,55,Female,10,3,1
8603,Laptops,HP,1923,38,Female,11,1,1
8604,Headphones,Sony,228,36,Female,8,3,1
8605,Smart Watches,Apple,1094,23,Male,2,1,0
8606,Laptops,Other Brands,2793,38,Female,4,3,1
8607,Tablets,Sony,614,43,Male,13,1,0
8608,Smart Watches,HP,2082,64,Male,3,4,1
8609,Tablets,HP,1339,29,Female,4,2,0
8610,Tablets,Other Brands,1155,66,Female,5,3,1
8611,Tablets,Samsung,932,53,Male,17,5,1
8612,Tablets,Sony,2738,59,Male,10,4,1
8613,Smartphones,Samsung,859,37,Male,14,4,1
8614,Headphones,Samsung,2379,35,Female,15,4,1
8615,Smart Watches,Sony,1119,28,Male,16,5,0
8616,Headphones,HP,2579,23,Female,10,5,1
8617,Smartphones,Other Brands,116,24,Female,2,1,0
8618,Tablets,HP,2874,67,Male,13,5,1
8619,Laptops,Sony,1322,53,Male,10,4,1
8620,Tablets,Apple,1994,31,Male,10,4,1
8621,Laptops,HP,1333,27,Male,10,2,0
8622,Headphones,Sony,2874,42,Male,1,4,1
8623,Smart Watches,HP,1399,42,Female,2,2,1
8624,Tablets,Sony,999,45,Female,7,1,1
8625,Smartphones,Apple,600,18,Male,6,1,0
8626,Smart Watches,Samsung,1256,67,Female,6,4,1
8627,Smartphones,Sony,1083,59,Male,17,3,0
8628,Smartphones,Other Brands,1540,52,Male,3,4,1
8629,Headphones,Sony,2061,57,Female,9,1,1
8630,Smart Watches,Samsung,2701,38,Female,14,4,1
8631,Tablets,Sony,2341,67,Male,2,4,1
8632,Tablets,Samsung,1921,65,Male,18,3,0
8633,Smart Watches,Other Brands,2870,18,Male,7,4,0
8634,Laptops,Other Brands,1238,31,Male,12,4,1
8635,Tablets,Other Brands,402,69,Male,12,5,1
8636,Smart Watches,Other Brands,2263,50,Male,8,5,1
8637,Tablets,Sony,640,63,Female,8,1,1
8638,Laptops,Other Brands,2822,28,Female,5,3,0
8639,Tablets,HP,2630,60,Male,2,4,1
8640,Tablets,Other Brands,322,54,Female,2,5,1
8641,Laptops,Sony,1724,63,Male,10,2,0
8642,Headphones,HP,1263,64,Female,1,2,1
8643,Tablets,Samsung,2737,61,Female,12,5,1
8644,Smartphones,Other Brands,2782,23,Male,18,5,0
8645,Tablets,Sony,1852,19,Female,15,5,1
8646,Laptops,Other Brands,1475,19,Female,16,3,0
8647,Laptops,Apple,2512,58,Male,12,2,0
8648,Tablets,Apple,144,18,Male,6,3,0
8649,Smartphones,Samsung,2322,40,Male,5,3,0
8650,Headphones,Sony,1691,67,Female,18,4,1
8651,Headphones,Samsung,533,61,Male,6,4,1
8652,Smartphones,Other Brands,1070,59,Male,12,5,1
8653,Laptops,Apple,109,25,Male,18,1,0
8654,Laptops,Samsung,1978,36,Female,2,1,1
8655,Smart Watches,Samsung,1433,49,Female,12,3,1
8656,Smartphones,Other Brands,1704,59,Female,3,3,1
8657,Tablets,Sony,1992,53,Male,13,1,0
8658,Laptops,Apple,1630,23,Female,15,4,1
8659,Smartphones,Other Brands,2599,53,Female,5,4,1
8660,Laptops,Samsung,2654,63,Male,5,1,0
8661,Smartphones,Samsung,2511,34,Male,2,4,1
8662,Headphones,HP,2218,38,Male,11,2,0
8663,Tablets,Samsung,1347,39,Male,19,4,1
8664,Laptops,HP,1582,20,Male,2,4,0
8665,Smartphones,Apple,540,22,Female,1,2,0
8666,Tablets,Apple,740,41,Male,4,2,0
8667,Tablets,Other Brands,1297,48,Male,19,1,0
8668,Tablets,Apple,2324,22,Female,18,3,0
8669,Laptops,HP,1285,65,Female,11,1,1
8670,Smartphones,Sony,351,56,Male,12,1,0
8671,Smartphones,Samsung,869,64,Male,5,2,0
8672,Laptops,Sony,2834,51,Male,12,3,0
8673,Laptops,Sony,885,52,Male,2,4,1
8674,Headphones,HP,2895,63,Male,10,5,1
8675,Smart Watches,Apple,519,61,Female,1,3,1
8676,Headphones,Apple,1865,60,Male,15,2,0
8677,Smart Watches,HP,819,38,Male,5,5,1
8678,Smartphones,Apple,841,34,Female,15,4,1
8679,Laptops,Sony,525,40,Male,19,5,1
8680,Headphones,Sony,1015,23,Male,1,5,0
8681,Smart Watches,HP,2297,59,Male,8,2,0
8682,Laptops,Other Brands,996,52,Male,1,3,0
8683,Smartphones,Samsung,2082,18,Female,18,1,0
8684,Smartphones,Apple,1863,34,Female,19,2,1
8685,Laptops,Samsung,1075,64,Female,13,2,1
8686,Smartphones,Samsung,2055,45,Female,4,5,1
8687,Smartphones,Other Brands,575,53,Male,13,3,0
8688,Tablets,Samsung,2794,30,Male,17,2,0
8689,Smart Watches,HP,209,51,Male,16,2,0
8690,Smart Watches,Samsung,1965,31,Female,6,5,1
8691,Tablets,HP,233,42,Female,1,4,1
8692,Laptops,HP,1455,56,Female,2,3,1
8693,Tablets,Other Brands,2359,51,Female,15,3,1
8694,Laptops,Samsung,648,61,Male,3,5,1
8695,Laptops,Other Brands,2161,50,Male,12,3,0
8696,Tablets,HP,493,64,Female,10,2,1
8697,Smartphones,Other Brands,1896,53,Male,2,3,0
8698,Smartphones,Apple,1574,36,Male,10,3,0
8699,Laptops,Samsung,2684,65,Female,8,5,1
8700,Tablets,HP,378,45,Male,7,3,0
8701,Tablets,Sony,1640,36,Female,18,4,1
8702,Laptops,HP,1197,33,Male,10,3,0
8703,Headphones,HP,791,60,Male,8,5,1
8704,Smart Watches,HP,2248,61,Female,17,2,1
8705,Smart Watches,Sony,1090,32,Female,18,3,1
8706,Headphones,Sony,2234,62,Male,9,4,1
8707,Smart Watches,Samsung,1089,24,Female,5,5,1
8708,Laptops,HP,1786,43,Male,15,5,1
8709,Tablets,HP,747,67,Male,12,3,0
8710,Laptops,Other Brands,1962,48,Male,14,2,0
8711,Smartphones,Samsung,1190,38,Male,10,1,0
8712,Smart Watches,Samsung,995,62,Male,2,2,0
8713,Smart Watches,Other Brands,2460,52,Male,18,5,1
8714,Smartphones,Other Brands,1153,33,Male,15,3,0
8715,Tablets,Apple,2079,62,Male,18,2,0
8716,Laptops,Sony,1633,35,Female,6,3,1
8717,Smart Watches,Other Brands,563,50,Female,8,2,1
8718,Smart Watches,Samsung,421,18,Male,13,3,0
8719,Smartphones,Apple,1242,21,Female,6,1,0
8720,Laptops,Samsung,1144,52,Male,2,4,1
8721,Laptops,Samsung,1995,37,Female,10,5,1
8722,Tablets,HP,808,58,Female,14,3,1
8723,Smart Watches,Samsung,1869,41,Male,18,1,0
8724,Tablets,Apple,2506,60,Male,15,5,1
8725,Laptops,Samsung,175,59,Female,14,4,1
8726,Smartphones,HP,2569,58,Male,5,4,1
8727,Laptops,Apple,513,60,Female,11,5,1
8728,Smart Watches,Samsung,466,58,Female,5,1,1
8729,Smart Watches,HP,2434,62,Male,2,4,1
8730,Tablets,Samsung,2692,30,Female,11,2,0
8731,Headphones,Samsung,2959,48,Male,3,3,0
8732,Tablets,Other Brands,1961,44,Female,19,5,1
8733,Smart Watches,HP,2382,62,Male,18,5,1
8734,Laptops,Other Brands,2967,23,Male,6,1,0
8735,Tablets,Samsung,253,23,Female,19,1,0
8736,Laptops,Other Brands,1359,50,Male,11,2,0
8737,Smart Watches,HP,153,50,Female,12,4,1
8738,Smartphones,Samsung,1351,34,Female,13,4,1
8739,Tablets,HP,2417,24,Female,17,3,0
8740,Laptops,HP,2358,54,Female,14,5,1
8741,Headphones,Other Brands,1154,66,Female,2,2,1
8742,Laptops,Samsung,2447,42,Female,15,1,1
8743,Laptops,HP,646,21,Female,11,4,1
8744,Smartphones,Samsung,1940,39,Male,8,2,0
8745,Tablets,Other Brands,2198,55,Female,19,3,1
8746,Laptops,HP,2580,41,Male,1,1,0
8747,Tablets,Apple,2316,32,Male,13,2,0
8748,Smart Watches,HP,2426,53,Female,9,3,1
8749,Tablets,Sony,890,42,Female,16,4,1
8750,Smart Watches,Sony,1063,40,Female,8,2,1
8751,Laptops,Samsung,811,60,Female,9,5,1
8752,Smartphones,Apple,1992,40,Male,8,5,1
8753,Smartphones,Samsung,1688,51,Male,3,5,1
8754,Tablets,Apple,404,52,Male,1,5,1
8755,Smartphones,Other Brands,765,37,Male,4,1,0
8756,Smartphones,Other Brands,323,27,Female,17,2,0
8757,Tablets,HP,1722,42,Female,15,4,1
8758,Smartphones,HP,569,37,Male,5,4,1
8759,Smart Watches,Apple,1197,60,Female,2,3,1
8760,Headphones,Samsung,383,68,Male,1,4,1
8761,Tablets,HP,2427,23,Male,11,1,0
8762,Smartphones,Samsung,950,29,Female,8,4,1
8763,Smart Watches,Samsung,400,19,Male,5,1,0
8764,Smartphones,HP,1702,68,Male,6,3,0
8765,Smartphones,Other Brands,1798,42,Female,1,4,1
8766,Laptops,Apple,892,46,Male,6,5,1
8767,Laptops,Sony,2693,51,Female,10,2,1
8768,Laptops,Sony,1265,48,Female,17,5,1
8769,Smart Watches,Sony,595,21,Female,11,5,1
8770,Smartphones,Other Brands,704,61,Male,10,5,1
8771,Smartphones,Apple,1368,58,Female,8,2,1
8772,Tablets,Sony,384,64,Female,4,3,1
8773,Headphones,Apple,1969,18,Female,3,1,0
8774,Headphones,Samsung,2159,31,Female,19,2,1
8775,Headphones,Other Brands,2076,63,Male,2,3,0
8776,Headphones,HP,221,21,Female,4,5,1
8777,Laptops,Samsung,2331,24,Male,19,4,0
8778,Smart Watches,Other Brands,266,35,Female,12,5,1
8779,Smart Watches,Samsung,2447,41,Male,1,4,1
8780,Smartphones,Samsung,2258,62,Male,7,2,0
8781,Headphones,Other Brands,104,27,Male,2,1,0
8782,Headphones,Sony,2882,37,Female,19,2,1
8783,Laptops,Samsung,689,63,Female,16,2,1
8784,Tablets,Other Brands,2004,33,Male,9,5,1
8785,Laptops,Apple,2682,61,Female,8,1,1
8786,Smartphones,Samsung,1014,43,Female,7,1,1
8787,Laptops,Samsung,1488,42,Female,19,5,1
8788,Smart Watches,HP,1801,63,Male,7,2,0
8789,Smart Watches,HP,2918,50,Female,9,3,1
8790,Smartphones,Samsung,672,46,Female,7,3,1
8791,Tablets,Other Brands,2741,43,Male,12,5,1
8792,Smartphones,Samsung,2688,26,Female,16,5,1
8793,Headphones,Sony,1584,31,Female,14,4,1
8794,Tablets,Sony,1539,43,Female,8,3,1
8795,Headphones,Sony,2728,38,Female,10,1,1
8796,Smart Watches,HP,2831,50,Female,12,5,1
8797,Smart Watches,Apple,1063,41,Female,3,2,1
8798,Laptops,Sony,231,24,Male,16,1,0
8799,Laptops,Apple,2673,19,Male,11,2,0
8800,Headphones,Other Brands,1878,25,Female,7,5,1
8801,Laptops,Apple,176,49,Male,10,1,0
8802,Tablets,Sony,2086,52,Female,12,3,1
8803,Headphones,Apple,2608,60,Male,18,3,0
8804,Laptops,Other Brands,1050,32,Female,17,3,1
8805,Laptops,Sony,2029,20,Male,14,1,0
8806,Smart Watches,Other Brands,185,26,Female,7,5,1
8807,Laptops,Samsung,1565,54,Female,3,5,1
8808,Headphones,Apple,1867,19,Female,17,3,0
8809,Laptops,Apple,468,31,Male,19,2,0
8810,Smartphones,Apple,1328,32,Male,4,4,1
8811,Smart Watches,Other Brands,1700,21,Male,4,1,0
8812,Laptops,Other Brands,1615,43,Male,2,1,0
8813,Smart Watches,Apple,1723,24,Female,13,5,1
8814,Tablets,Sony,2835,45,Female,19,1,1
8815,Laptops,HP,2790,30,Female,7,1,0
8816,Smart Watches,Apple,2595,35,Male,13,5,1
8817,Smartphones,Sony,1062,23,Male,19,2,0
8818,Tablets,HP,1348,58,Female,18,3,1
8819,Smart Watches,Other Brands,2603,62,Female,3,3,1
8820,Tablets,Apple,1631,29,Male,5,1,0
8821,Headphones,Other Brands,1322,18,Female,3,2,0
8822,Laptops,Samsung,395,32,Female,17,5,1
8823,Smart Watches,Apple,2130,61,Female,4,1,1
8824,Smart Watches,Other Brands,2875,27,Male,9,3,0
8825,Headphones,Samsung,2444,27,Male,11,4,0
8826,Tablets,Other Brands,2462,41,Female,13,2,1
8827,Laptops,HP,1278,24,Female,1,3,0
8828,Tablets,Apple,1248,20,Male,10,3,0
8829,Laptops,Apple,1460,39,Female,14,3,1
8830,Smartphones,Other Brands,906,27,Female,5,5,1
8831,Tablets,Apple,1021,39,Female,17,2,1
8832,Laptops,Apple,2904,53,Male,1,4,1
8833,Smartphones,Apple,181,19,Female,3,4,1
8834,Smartphones,Apple,1208,38,Female,10,4,1
8835,Tablets,Other Brands,275,31,Female,7,1,1
8836,Laptops,Samsung,126,48,Male,18,2,0
8837,Smartphones,Samsung,2091,42,Male,11,5,1
8838,Headphones,HP,1353,24,Female,4,5,1
8839,Headphones,Samsung,566,49,Male,14,4,1
8840,Smart Watches,Samsung,1541,46,Female,16,5,1
8841,Laptops,Samsung,1954,23,Male,14,4,0
8842,Tablets,Other Brands,1591,26,Male,6,4,0
8843,Smart Watches,HP,905,43,Male,3,2,0
8844,Headphones,HP,791,42,Male,2,4,1
8845,Tablets,Other Brands,658,42,Female,1,1,1
8846,Smart Watches,HP,1667,27,Female,2,5,1
8847,Laptops,Other Brands,2181,62,Male,17,5,1
8848,Smart Watches,Apple,2488,28,Male,7,5,0
8849,Tablets,Apple,2525,47,Female,4,2,1
8850,Smart Watches,HP,1899,43,Female,10,5,1
8851,Smart Watches,Samsung,414,30,Male,5,4,0
8852,Headphones,Samsung,1759,42,Male,16,3,0
8853,Headphones,Apple,814,52,Female,5,4,1
8854,Smartphones,Other Brands,1375,39,Male,5,1,0
8855,Headphones,HP,176,32,Female,4,1,1
8856,Laptops,Apple,1215,33,Male,16,5,1
8857,Headphones,Other Brands,155,47,Male,17,2,0
8858,Headphones,Apple,1807,28,Male,13,3,0
8859,Laptops,Apple,806,28,Male,2,5,0
8860,Smartphones,Other Brands,513,57,Male,14,2,0
8861,Tablets,Samsung,1390,19,Female,4,2,0
8862,Tablets,Samsung,2856,34,Male,5,2,0
8863,Laptops,HP,412,51,Male,3,1,0
8864,Tablets,Other Brands,553,25,Female,16,1,0
8865,Smart Watches,HP,471,51,Female,7,3,1
8866,Tablets,HP,812,32,Male,13,3,0
8867,Smart Watches,Sony,2213,58,Male,6,1,0
8868,Laptops,Apple,2876,49,Male,10,3,0
8869,Smart Watches,Apple,518,48,Female,12,1,1
8870,Tablets,Other Brands,2103,23,Female,19,2,0
8871,Tablets,Other Brands,2924,44,Male,7,3,0
8872,Smart Watches,Samsung,2383,50,Male,12,3,0
8873,Headphones,Samsung,864,18,Male,15,3,0
8874,Headphones,Samsung,1760,37,Female,13,2,1
8875,Smartphones,Sony,451,59,Male,17,1,0
8876,Smartphones,Sony,1589,69,Female,13,4,1
8877,Smart Watches,Apple,318,52,Male,4,3,0
8878,Smartphones,Samsung,1300,68,Male,2,4,1
8879,Tablets,Other Brands,1436,50,Female,11,2,1
8880,Laptops,HP,2599,54,Male,8,3,0
8881,Smartphones,Sony,2025,33,Female,8,1,1
8882,Smart Watches,Samsung,1810,44,Male,8,1,0
8883,Tablets,Samsung,1771,53,Female,16,1,1
8884,Smartphones,HP,2626,23,Female,7,4,1
8885,Headphones,Samsung,2347,36,Female,10,3,1
8886,Tablets,Other Brands,2588,39,Female,17,4,1
8887,Smartphones,HP,2657,67,Female,4,2,1
8888,Smartphones,HP,2038,60,Male,6,2,0
8889,Smart Watches,HP,233,54,Male,13,1,0
8890,Laptops,HP,2421,29,Female,2,2,0
8891,Tablets,Apple,2741,36,Female,13,5,1
8892,Headphones,Samsung,2617,42,Female,14,5,1
8893,Tablets,Samsung,769,28,Female,13,2,0
8894,Headphones,Other Brands,2056,36,Male,19,2,0
8895,Smart Watches,HP,979,32,Female,17,3,1
8896,Laptops,Sony,1507,57,Female,3,3,1
8897,Tablets,Samsung,132,22,Female,9,1,0
8898,Laptops,Other Brands,547,59,Male,15,3,0
8899,Smartphones,Sony,2075,37,Female,12,1,1
8900,Laptops,Samsung,1348,52,Female,12,2,1
8901,Headphones,Other Brands,1075,36,Male,12,1,0
8902,Smart Watches,Sony,389,52,Female,1,4,1
8903,Smartphones,Samsung,2434,65,Male,3,3,0
8904,Smartphones,Sony,2698,66,Male,9,2,0
8905,Laptops,Apple,2173,30,Male,7,5,0
8906,Headphones,Sony,2125,67,Male,16,1,0
8907,Smartphones,Sony,913,46,Male,10,5,1
8908,Headphones,Samsung,2758,20,Male,4,1,0
8909,Tablets,Apple,788,54,Male,9,4,1
8910,Laptops,Samsung,2358,58,Female,10,5,1
8911,Headphones,Apple,1202,59,Female,19,3,1
8912,Smartphones,Other Brands,1744,30,Male,6,3,0
8913,Tablets,HP,2917,48,Male,16,4,1
8914,Smartphones,Samsung,1491,36,Female,7,1,1
8915,Smart Watches,HP,2196,47,Female,12,3,1
8916,Laptops,Other Brands,2532,18,Male,8,3,0
8917,Smart Watches,HP,1266,48,Male,3,2,0
8918,Headphones,Apple,1075,67,Male,19,3,0
8919,Smartphones,Sony,533,24,Female,2,4,1
8920,Headphones,Samsung,557,56,Male,7,1,0
8921,Smartphones,Other Brands,1428,21,Female,19,5,1
8922,Headphones,HP,1562,58,Female,12,2,1
8923,Smart Watches,Sony,1065,50,Female,6,4,1
8924,Smart Watches,Apple,2804,25,Male,7,1,0
8925,Laptops,Other Brands,2366,37,Male,10,1,0
8926,Headphones,Samsung,381,50,Male,18,2,0
8927,Smartphones,Sony,834,18,Female,16,5,1
8928,Smart Watches,Sony,2078,33,Male,19,3,0
8929,Laptops,Sony,2904,69,Male,9,4,1
8930,Laptops,Samsung,2653,41,Male,8,4,1
8931,Tablets,Other Brands,276,57,Female,5,4,1
8932,Smart Watches,Apple,2887,38,Female,18,1,1
8933,Laptops,Other Brands,484,48,Female,11,2,1
8934,Smartphones,Samsung,207,21,Female,15,5,1
8935,Smartphones,Apple,1838,19,Male,14,3,0
8936,Smartphones,Samsung,2549,36,Female,19,1,1
8937,Headphones,Samsung,1285,25,Male,9,5,0
8938,Smart Watches,Apple,1942,34,Male,11,4,1
8939,Smart Watches,HP,2528,32,Male,14,5,1
8940,Headphones,Sony,2741,19,Female,4,3,0
8941,Headphones,Samsung,2160,58,Female,15,5,1
8942,Smartphones,Samsung,268,45,Female,16,5,1
8943,Smart Watches,Samsung,1452,43,Male,5,2,0
8944,Smartphones,HP,770,30,Female,14,2,0
8945,Smart Watches,HP,2731,49,Male,12,3,0
8946,Smart Watches,Apple,794,46,Female,9,3,1
8947,Tablets,Apple,2971,54,Female,17,3,1
8948,Smart Watches,HP,1945,46,Male,6,1,0
8949,Laptops,HP,1739,31,Female,15,4,1
8950,Headphones,HP,382,53,Female,2,2,1
8951,Tablets,HP,2516,38,Female,8,3,1
8952,Smart Watches,HP,528,27,Female,8,3,0
8953,Tablets,Samsung,1903,34,Male,10,1,0
8954,Tablets,Sony,500,63,Female,3,3,1
8955,Tablets,Other Brands,1458,54,Female,17,4,1
8956,Smart Watches,Other Brands,2688,32,Male,6,2,0
8957,Smartphones,Sony,1226,50,Male,10,4,1
8958,Headphones,Other Brands,841,23,Female,1,5,1
8959,Headphones,Sony,814,48,Male,15,1,0
8960,Smart Watches,Other Brands,1248,62,Male,5,5,1
8961,Laptops,HP,121,19,Female,2,4,1
8962,Tablets,Other Brands,2559,20,Male,7,3,0
8963,Smartphones,Apple,1206,29,Female,7,5,1
8964,Smartphones,Other Brands,1224,33,Male,12,3,0
8965,Headphones,Other Brands,2485,22,Male,8,3,0
8966,Laptops,Other Brands,1758,63,Male,12,3,0
8967,Tablets,Samsung,2960,30,Female,2,5,1
8968,Headphones,Sony,289,21,Female,11,3,0
8969,Smartphones,Other Brands,800,63,Male,10,1,0
8970,Laptops,Sony,1779,41,Male,3,5,1
8971,Headphones,Samsung,2712,48,Female,13,3,1
8972,Laptops,Samsung,1409,45,Male,17,2,0
8973,Headphones,HP,147,52,Male,12,1,0
8974,Smart Watches,Samsung,1950,53,Male,11,5,1
8975,Tablets,Other Brands,850,38,Male,10,4,1
8976,Headphones,Sony,1262,42,Male,7,2,0
8977,Smart Watches,HP,1429,59,Male,6,2,0
8978,Headphones,Apple,1072,19,Male,5,2,0
8979,Smart Watches,Other Brands,532,31,Female,8,2,1
8980,Smart Watches,Apple,519,41,Male,8,4,1
8981,Smart Watches,Samsung,519,30,Male,16,1,0
8982,Laptops,Apple,859,62,Female,6,1,1
8983,Tablets,Sony,1536,54,Female,13,1,1
8984,Tablets,Apple,925,55,Male,9,5,1
8985,Tablets,Sony,2166,65,Male,17,4,1
8986,Headphones,HP,125,42,Female,3,2,1
8987,Smartphones,Other Brands,438,57,Male,6,5,1
8988,Headphones,Samsung,2846,23,Male,10,5,0
8989,Smartphones,Sony,2386,69,Female,9,1,1
8990,Tablets,Samsung,1380,29,Male,12,2,0
8991,Smartphones,Samsung,1087,57,Male,11,1,0
8992,Headphones,Sony,290,38,Male,15,4,1
8993,Smart Watches,Samsung,1273,41,Female,4,4,1
8994,Smart Watches,Sony,1628,38,Male,4,1,0
8995,Headphones,Samsung,2966,64,Female,17,5,1
8996,Smart Watches,Sony,1580,28,Female,9,3,0
8997,Tablets,Apple,2829,45,Male,7,5,1
8998,Laptops,HP,2268,50,Male,6,1,0
8999,Headphones,Samsung,1475,20,Male,17,4,0
9000,Tablets,HP,1385,51,Male,8,1,0
9001,Laptops,Other Brands,463,61,Male,16,5,1
9002,Tablets,Apple,2846,26,Female,13,1,0
9003,Laptops,Sony,1436,64,Female,15,3,1
9004,Smartphones,Sony,1783,35,Male,19,5,1
9005,Tablets,Apple,289,65,Female,6,3,1
9006,Laptops,HP,1594,24,Male,4,4,0
9007,Smart Watches,HP,2147,68,Female,15,5,1
9008,Smart Watches,Other Brands,431,36,Female,19,5,1
9009,Tablets,Apple,1401,22,Female,15,5,1
9010,Headphones,Apple,2716,22,Female,11,2,0
9011,Tablets,Samsung,1273,43,Male,7,2,0
9012,Headphones,Sony,699,22,Female,9,3,0
9013,Smartphones,Samsung,2818,46,Male,17,3,0
9014,Smart Watches,Samsung,1130,21,Male,12,5,0
9015,Tablets,Apple,1649,57,Female,4,4,1
9016,Headphones,HP,2614,64,Male,9,4,1
9017,Smart Watches,Sony,2267,58,Female,4,4,1
9018,Tablets,Sony,1439,24,Female,16,1,0
9019,Laptops,Sony,1796,29,Female,12,4,1
9020,Smart Watches,HP,2550,58,Female,14,2,1
9021,Tablets,Other Brands,2361,56,Male,16,1,0
9022,Smart Watches,Sony,1236,19,Female,5,4,1
9023,Smartphones,Other Brands,391,55,Male,7,3,0
9024,Smartphones,Sony,1531,69,Male,9,4,1
9025,Smartphones,Apple,2048,54,Male,16,5,1
9026,Tablets,Apple,633,27,Female,8,3,0
9027,Headphones,HP,1819,19,Female,4,2,0
9028,Laptops,Samsung,896,30,Female,16,5,1
9029,Headphones,Other Brands,1178,51,Male,1,4,1
9030,Smart Watches,HP,2631,42,Female,19,1,1
9031,Smart Watches,HP,1963,55,Female,5,4,1
9032,Tablets,HP,649,35,Male,10,2,0
9033,Laptops,HP,1661,33,Male,3,5,1
9034,Smartphones,Sony,228,46,Female,17,3,1
9035,Tablets,HP,1906,63,Female,16,4,1
9036,Laptops,Sony,2255,40,Female,11,3,1
9037,Smartphones,Sony,1874,23,Male,15,4,0
9038,Laptops,Apple,111,33,Female,10,3,1
9039,Headphones,Apple,1981,39,Male,8,1,0
9040,Headphones,Apple,1523,60,Male,9,1,0
9041,Smartphones,Other Brands,509,37,Female,18,3,1
9042,Smartphones,Samsung,801,31,Female,10,5,1
9043,Tablets,HP,351,53,Male,17,2,0
9044,Smartphones,Other Brands,2239,51,Male,13,2,0
9045,Tablets,Sony,1532,33,Male,18,4,1
9046,Smartphones,Other Brands,573,63,Female,12,3,1
9047,Smartphones,Other Brands,1559,23,Female,10,3,0
9048,Smartphones,Apple,609,29,Male,3,5,0
9049,Smart Watches,Other Brands,604,61,Female,2,1,1
9050,Laptops,Sony,847,45,Male,17,1,0
9051,Laptops,Other Brands,2090,59,Male,7,2,0
9052,Headphones,Sony,2655,58,Female,3,4,1
9053,Laptops,Apple,2641,62,Male,3,5,1
9054,Smartphones,Samsung,507,48,Male,6,1,0
9055,Smartphones,Other Brands,1739,63,Male,1,1,0
9056,Laptops,HP,1604,20,Male,1,5,0
9057,Smartphones,HP,2519,26,Female,7,4,1
9058,Headphones,Other Brands,1372,37,Male,6,5,1
9059,Smartphones,Samsung,2710,48,Male,18,5,1
9060,Smartphones,Samsung,440,19,Female,4,2,0
9061,Laptops,Samsung,210,22,Female,9,1,0
9062,Smartphones,Other Brands,1135,43,Female,9,2,1
9063,Laptops,Other Brands,2843,68,Male,15,3,0
9064,Tablets,Samsung,1234,65,Female,5,2,1
9065,Smart Watches,HP,1176,29,Male,2,3,0
9066,Smartphones,HP,1167,40,Female,1,2,1
9067,Smartphones,Samsung,1517,63,Female,4,5,1
9068,Smartphones,Sony,493,64,Female,12,1,1
9069,Smartphones,Sony,2505,47,Female,15,5,1
9070,Smart Watches,HP,1615,50,Male,3,3,0
9071,Laptops,Other Brands,174,57,Female,18,4,1
9072,Smartphones,Other Brands,2448,26,Female,17,2,0
9073,Smart Watches,Other Brands,2538,39,Female,2,3,1
9074,Smartphones,Apple,619,57,Female,15,3,1
9075,Smart Watches,HP,624,28,Female,19,1,0
9076,Tablets,Samsung,2597,46,Female,2,1,1
9077,Laptops,Sony,2212,45,Male,15,2,0
9078,Headphones,Other Brands,1307,24,Female,8,5,1
9079,Laptops,HP,2631,57,Male,9,5,1
9080,Headphones,Sony,2726,44,Female,9,2,1
9081,Tablets,Apple,2986,28,Male,6,4,0
9082,Headphones,Apple,1843,21,Female,13,2,0
9083,Smart Watches,Sony,2410,58,Female,16,4,1
9084,Headphones,Samsung,191,38,Female,9,1,1
9085,Smartphones,Samsung,2460,55,Female,8,2,1
9086,Smart Watches,Sony,1126,63,Female,12,4,1
9087,Smartphones,HP,2916,28,Female,8,5,1
9088,Headphones,Sony,2402,50,Male,19,1,0
9089,Tablets,Apple,1536,23,Male,18,3,0
9090,Smart Watches,HP,2077,18,Male,17,4,0
9091,Smartphones,Apple,1804,20,Male,19,3,0
9092,Smart Watches,Other Brands,511,64,Female,7,2,1
9093,Smartphones,Apple,2115,50,Male,18,4,1
9094,Laptops,Other Brands,2300,53,Male,12,2,0
9095,Smartphones,Other Brands,2258,68,Male,7,5,1
9096,Laptops,HP,2220,56,Male,14,1,0
9097,Tablets,Apple,1803,61,Female,13,1,1
9098,Headphones,Other Brands,2944,56,Female,3,4,1
9099,Smartphones,Samsung,2238,43,Female,7,2,1
9100,Headphones,Samsung,2584,69,Female,19,1,1
9101,Smart Watches,HP,1558,65,Female,5,3,1
9102,Laptops,Samsung,2102,43,Male,10,4,1
9103,Headphones,Samsung,2321,57,Female,7,2,1
9104,Smart Watches,Apple,698,22,Male,6,5,0
9105,Laptops,Other Brands,2870,54,Male,8,5,1
9106,Smartphones,HP,2683,38,Female,11,2,1
9107,Smart Watches,Sony,1007,62,Female,2,2,1
9108,Tablets,Other Brands,2651,31,Male,4,3,0
9109,Tablets,Samsung,1798,29,Female,17,5,1
9110,Laptops,Apple,1984,41,Male,13,4,1
9111,Tablets,Other Brands,2230,65,Female,3,5,1
9112,Smart Watches,Sony,1339,47,Male,18,4,1
9113,Headphones,Other Brands,833,50,Female,6,1,1
9114,Smart Watches,Other Brands,2817,69,Male,12,1,0
9115,Tablets,Sony,941,35,Male,13,2,0
9116,Headphones,Samsung,402,20,Male,10,3,0
9117,Laptops,HP,2274,23,Female,9,3,0
9118,Laptops,Sony,319,22,Male,10,5,0
9119,Smartphones,Sony,1737,43,Female,5,1,1
9120,Smart Watches,Samsung,948,68,Female,2,5,1
9121,Headphones,HP,1571,49,Female,4,4,1
9122,Tablets,HP,1374,38,Male,14,1,0
9123,Smartphones,Apple,1929,41,Female,17,3,1
9124,Laptops,HP,2644,60,Male,13,2,0
9125,Smart Watches,Other Brands,2760,65,Female,7,1,1
9126,Tablets,HP,531,18,Male,18,4,0
9127,Smartphones,Apple,2934,32,Female,4,4,1
9128,Smart Watches,Sony,2097,45,Female,9,4,1
9129,Laptops,Other Brands,1688,46,Male,14,5,1
9130,Smart Watches,Apple,569,34,Female,4,5,1
9131,Headphones,Apple,493,54,Female,12,5,1
9132,Laptops,Other Brands,909,61,Male,1,3,0
9133,Laptops,Apple,1835,20,Female,4,2,0
9134,Tablets,Other Brands,1680,29,Male,13,1,0
9135,Laptops,Other Brands,2012,63,Male,8,3,0
9136,Laptops,Samsung,2485,36,Female,18,2,1
9137,Smartphones,Sony,1057,65,Female,12,5,1
9138,Headphones,Samsung,2588,26,Female,1,3,0
9139,Laptops,Apple,616,56,Male,5,1,0
9140,Headphones,Sony,1762,54,Female,15,4,1
9141,Smart Watches,Apple,2364,19,Male,17,1,0
9142,Headphones,Samsung,1455,24,Male,14,1,0
9143,Laptops,Samsung,1096,48,Female,2,1,1
9144,Laptops,Apple,780,66,Female,6,4,1
9145,Smartphones,Sony,1659,36,Male,14,2,0
9146,Tablets,Apple,1995,23,Male,18,4,0
9147,Headphones,Apple,285,43,Female,18,4,1
9148,Laptops,Samsung,1478,23,Female,18,2,0
9149,Smartphones,Samsung,1530,37,Female,14,2,1
9150,Smartphones,HP,640,32,Female,5,1,1
9151,Headphones,Apple,664,22,Female,3,2,0
9152,Smart Watches,Samsung,643,38,Female,6,1,1
9153,Laptops,Samsung,507,60,Female,7,2,1
9154,Smartphones,Apple,2895,47,Female,13,5,1
9155,Laptops,Sony,553,42,Female,10,5,1
9156,Smartphones,Samsung,2626,66,Female,14,5,1
9157,Smart Watches,Other Brands,1829,44,Male,11,2,0
9158,Headphones,Samsung,2427,54,Male,9,1,0
9159,Laptops,Other Brands,1846,55,Female,16,2,1
9160,Headphones,Sony,1572,27,Male,7,5,0
9161,Tablets,Sony,1681,52,Female,2,4,1
9162,Tablets,HP,1882,35,Female,7,4,1
9163,Smart Watches,Samsung,729,43,Male,14,3,0
9164,Laptops,Samsung,1399,51,Female,19,3,1
9165,Smart Watches,Apple,2961,45,Female,11,1,1
9166,Headphones,Apple,104,55,Male,12,5,1
9167,Headphones,Other Brands,2387,63,Male,7,1,0
9168,Tablets,Apple,141,22,Male,9,1,0
9169,Smart Watches,Sony,1149,51,Female,7,1,1
9170,Laptops,Samsung,1313,69,Male,16,1,0
9171,Laptops,Samsung,2204,43,Male,7,5,1
9172,Laptops,HP,1561,66,Female,9,5,1
9173,Headphones,Apple,2357,46,Male,14,3,0
9174,Tablets,Samsung,805,39,Female,19,4,1
9175,Smart Watches,Sony,1793,69,Female,4,4,1
9176,Smart Watches,Samsung,898,69,Female,14,4,1
9177,Tablets,Apple,314,64,Female,12,3,1
9178,Smart Watches,HP,258,62,Female,8,2,1
9179,Laptops,HP,2503,57,Female,5,1,1
9180,Tablets,Sony,1080,31,Male,10,1,0
9181,Headphones,Other Brands,907,40,Female,12,2,1
9182,Laptops,HP,519,57,Female,12,3,1
9183,Headphones,Other Brands,1098,33,Male,15,3,0
9184,Headphones,HP,536,40,Male,13,3,0
9185,Laptops,Sony,104,25,Male,11,4,0
9186,Smartphones,Samsung,2720,55,Male,1,1,0
9187,Headphones,Other Brands,669,30,Male,1,3,0
9188,Smart Watches,Apple,1786,36,Female,17,1,1
9189,Headphones,Apple,870,68,Female,16,1,1
9190,Smart Watches,Samsung,2291,47,Male,15,1,0
9191,Laptops,Sony,2215,30,Male,16,1,0
9192,Headphones,Sony,477,37,Male,5,2,0
9193,Smart Watches,Other Brands,1507,68,Male,8,1,0
9194,Laptops,Other Brands,2803,46,Male,7,3,0
9195,Tablets,Other Brands,1835,44,Male,4,1,0
9196,Tablets,Other Brands,981,53,Female,5,4,1
9197,Laptops,Samsung,1801,21,Male,13,5,0
9198,Headphones,Apple,2410,22,Male,4,5,0
9199,Smart Watches,Apple,2886,33,Female,6,5,1
9200,Laptops,HP,1174,51,Male,11,5,1
9201,Laptops,Other Brands,1572,44,Male,14,3,0
9202,Smart Watches,Other Brands,213,57,Male,4,2,0
9203,Tablets,Other Brands,1741,69,Female,12,2,1
9204,Tablets,HP,106,54,Female,19,3,1
9205,Smart Watches,Apple,2053,20,Male,10,4,0
9206,Tablets,Samsung,2237,63,Male,5,3,0
9207,Smart Watches,Apple,1325,49,Female,10,1,1
9208,Tablets,Sony,667,45,Male,13,3,0
9209,Tablets,Other Brands,1342,27,Female,9,5,1
9210,Tablets,Sony,2724,61,Female,6,3,1
9211,Smartphones,Sony,300,60,Male,18,5,1
9212,Smart Watches,Sony,2116,64,Female,3,1,1
9213,Smart Watches,Other Brands,1035,53,Female,7,4,1
9214,Headphones,HP,880,30,Male,9,5,0
9215,Smart Watches,Other Brands,686,30,Male,3,2,0
9216,Tablets,Other Brands,363,22,Male,11,1,0
9217,Laptops,Apple,355,30,Male,18,3,0
9218,Tablets,Apple,473,58,Female,16,3,1
9219,Laptops,Other Brands,1705,42,Male,18,2,0
9220,Laptops,Apple,223,20,Female,19,4,1
9221,Smart Watches,HP,2473,64,Male,4,2,0
9222,Tablets,HP,1252,46,Male,19,2,0
9223,Smartphones,Samsung,1867,31,Female,1,1,1
9224,Tablets,Sony,2991,67,Male,16,5,1
9225,Smart Watches,Other Brands,1789,34,Male,8,5,1
9226,Smart Watches,Apple,1067,33,Male,8,5,1
9227,Smartphones,Samsung,2820,35,Male,12,3,0
9228,Laptops,Apple,746,24,Male,1,2,0
9229,Tablets,HP,1823,53,Female,12,4,1
9230,Smartphones,Samsung,560,40,Male,7,3,0
9231,Smart Watches,Apple,207,65,Male,12,1,0
9232,Headphones,HP,572,30,Male,16,2,0
9233,Tablets,Apple,892,43,Female,4,3,1
9234,Laptops,Other Brands,1131,42,Male,15,1,0
9235,Tablets,Apple,2287,64,Male,15,4,1
9236,Smart Watches,Sony,2419,47,Male,11,1,0
9237,Smart Watches,Apple,2368,52,Female,18,5,1
9238,Headphones,Sony,726,59,Female,19,1,1
9239,Laptops,Apple,2841,38,Male,5,4,1
9240,Tablets,Apple,1071,40,Female,10,1,1
9241,Laptops,Other Brands,1810,57,Male,4,1,0
9242,Laptops,HP,1423,60,Female,3,4,1
9243,Tablets,Other Brands,589,20,Male,19,3,0
9244,Laptops,Other Brands,911,49,Female,17,4,1
9245,Laptops,HP,1272,25,Female,10,5,1
9246,Headphones,Other Brands,110,34,Male,19,3,0
9247,Tablets,Other Brands,1998,51,Female,19,4,1
9248,Smart Watches,HP,460,62,Female,15,5,1
9249,Laptops,HP,2454,57,Male,5,3,0
9250,Smart Watches,Apple,149,61,Male,13,2,0
9251,Tablets,HP,2007,38,Female,19,3,1
9252,Headphones,Sony,1099,50,Male,3,5,1
9253,Headphones,Sony,1860,61,Female,14,1,1
9254,Headphones,Apple,1563,60,Female,15,4,1
9255,Tablets,Samsung,318,51,Male,4,4,1
9256,Smart Watches,Apple,938,44,Male,16,2,0
9257,Tablets,Apple,133,19,Male,16,5,0
9258,Headphones,HP,2961,43,Male,19,4,1
9259,Laptops,Other Brands,1073,29,Male,8,3,0
9260,Smart Watches,Apple,1298,29,Male,3,3,0
9261,Laptops,Apple,958,35,Female,3,4,1
9262,Tablets,Apple,1225,67,Female,7,5,1
9263,Tablets,Other Brands,1970,68,Male,7,4,1
9264,Tablets,Samsung,1082,28,Male,3,1,0
9265,Tablets,Other Brands,1547,66,Female,7,2,1
9266,Tablets,Sony,1189,30,Male,15,1,0
9267,Headphones,Samsung,2322,21,Female,18,5,1
9268,Laptops,Samsung,1673,26,Female,16,2,0
9269,Tablets,Apple,345,38,Male,11,3,0
9270,Tablets,Sony,2319,37,Male,19,2,0
9271,Headphones,HP,676,41,Female,2,5,1
9272,Headphones,Other Brands,1865,23,Female,8,1,0
9273,Tablets,HP,1603,62,Female,4,2,1
9274,Smartphones,Samsung,419,24,Male,16,5,0
9275,Smart Watches,Sony,1627,25,Female,18,5,1
9276,Tablets,Apple,2390,31,Male,6,1,0
9277,Smart Watches,Other Brands,1160,34,Male,5,4,1
9278,Tablets,HP,626,52,Male,4,4,1
9279,Smart Watches,Sony,2381,41,Male,1,5,1
9280,Laptops,HP,1820,66,Female,12,5,1
9281,Tablets,Apple,2641,51,Male,14,2,0
9282,Tablets,Samsung,1583,23,Male,2,4,0
9283,Smartphones,Other Brands,311,23,Female,12,5,1
9284,Smart Watches,Samsung,2912,19,Female,1,1,0
9285,Laptops,Sony,2344,31,Female,11,4,1
9286,Smartphones,Apple,767,57,Male,14,4,1
9287,Headphones,Other Brands,2730,62,Female,7,3,1
9288,Smartphones,Samsung,1134,53,Female,16,4,1
9289,Smartphones,Other Brands,1268,20,Male,4,5,0
9290,Laptops,Sony,1532,39,Male,19,3,0
9291,Smart Watches,Sony,336,24,Female,15,2,0
9292,Tablets,Other Brands,2390,44,Female,15,2,1
9293,Smartphones,Sony,2777,36,Female,2,4,1
9294,Smartphones,Apple,163,26,Female,7,5,1
9295,Headphones,HP,585,20,Male,16,1,0
9296,Laptops,HP,792,56,Female,18,5,1
9297,Smart Watches,Apple,142,27,Female,3,5,1
9298,Smart Watches,Other Brands,667,30,Female,3,5,1
9299,Smartphones,Apple,756,38,Male,7,3,0
9300,Smartphones,Samsung,2141,52,Female,4,3,1
9301,Tablets,Sony,980,66,Male,3,4,1
9302,Smartphones,HP,1216,39,Female,11,4,1
9303,Smartphones,Samsung,434,54,Female,16,1,1
9304,Tablets,Apple,308,51,Male,2,2,0
9305,Smart Watches,Samsung,451,45,Female,5,3,1
9306,Tablets,HP,1485,33,Male,3,2,0
9307,Laptops,Other Brands,951,62,Female,4,5,1
9308,Laptops,HP,665,56,Female,19,3,1
9309,Laptops,Samsung,2549,21,Male,2,1,0
9310,Headphones,Samsung,261,66,Male,14,3,0
9311,Tablets,HP,644,18,Male,9,4,0
9312,Smartphones,Samsung,1037,48,Female,11,4,1
9313,Smart Watches,Samsung,695,60,Female,12,3,1
9314,Smart Watches,HP,2559,65,Female,3,4,1
9315,Smartphones,HP,623,33,Female,8,1,1
9316,Smart Watches,Other Brands,1504,20,Female,12,4,1
9317,Headphones,HP,504,24,Male,6,3,0
9318,Headphones,Apple,1538,24,Female,11,2,0
9319,Headphones,Other Brands,2463,58,Female,10,4,1
9320,Tablets,Sony,454,26,Male,9,1,0
9321,Smart Watches,HP,1857,22,Male,13,2,0
9322,Headphones,Sony,157,47,Female,11,4,1
9323,Tablets,HP,615,64,Female,14,5,1
9324,Tablets,Other Brands,2524,49,Male,10,3,0
9325,Smart Watches,Other Brands,2940,19,Female,14,3,0
9326,Headphones,Sony,2333,27,Male,11,1,0
9327,Tablets,Apple,1761,55,Male,12,1,0
9328,Tablets,HP,365,45,Female,14,2,1
9329,Smartphones,Sony,2699,34,Female,2,4,1
9330,Laptops,Other Brands,433,34,Female,10,5,1
9331,Laptops,Samsung,2145,41,Male,1,1,0
9332,Headphones,Sony,1717,33,Female,4,2,1
9333,Smart Watches,Samsung,1590,30,Female,7,4,1
9334,Laptops,HP,1379,55,Male,13,2,0
9335,Laptops,HP,637,36,Male,16,2,0
9336,Laptops,Samsung,732,26,Male,15,5,0
9337,Headphones,Other Brands,1595,56,Female,6,3,1
9338,Tablets,HP,1161,21,Male,5,1,0
9339,Tablets,Apple,827,20,Male,3,1,0
9340,Smartphones,Samsung,2305,32,Male,11,1,0
9341,Smartphones,Apple,897,41,Female,7,4,1
9342,Smart Watches,Apple,980,48,Male,16,3,0
9343,Headphones,Apple,2281,31,Female,8,2,1
9344,Tablets,Sony,1325,57,Female,12,5,1
9345,Smartphones,Apple,729,33,Male,9,2,0
9346,Laptops,Samsung,1932,42,Male,15,5,1
9347,Headphones,Sony,964,65,Female,18,3,1
9348,Headphones,Other Brands,1143,38,Female,7,5,1
9349,Smart Watches,Samsung,1574,39,Female,9,4,1
9350,Smartphones,Apple,443,66,Female,3,2,1
9351,Smart Watches,Other Brands,1442,67,Female,15,3,1
9352,Smart Watches,HP,619,50,Female,18,2,1
9353,Laptops,Samsung,1668,33,Female,6,3,1
9354,Laptops,HP,2177,42,Male,5,4,1
9355,Laptops,Samsung,2639,38,Female,1,4,1
9356,Headphones,Sony,2650,62,Male,3,3,0
9357,Smartphones,Other Brands,2029,31,Male,14,4,1
9358,Headphones,Apple,1484,41,Female,6,3,1
9359,Smartphones,Samsung,1517,30,Female,19,1,0
9360,Headphones,Apple,852,68,Male,4,1,0
9361,Headphones,HP,2394,39,Male,13,1,0
9362,Tablets,Other Brands,1189,35,Male,19,4,1
9363,Laptops,HP,1202,27,Male,18,5,0
9364,Laptops,Apple,2460,65,Female,14,3,1
9365,Headphones,Samsung,1878,37,Female,19,5,1
9366,Laptops,Other Brands,2698,55,Male,13,4,1
9367,Smartphones,Sony,2512,23,Male,10,2,0
9368,Smart Watches,Samsung,1878,63,Male,17,3,0
9369,Smart Watches,Samsung,904,55,Male,12,3,0
9370,Headphones,Other Brands,1152,63,Male,13,2,0
9371,Headphones,Other Brands,1577,23,Female,13,4,1
9372,Laptops,HP,1949,62,Female,15,3,1
9373,Smart Watches,Sony,1248,20,Male,17,3,0
9374,Laptops,Sony,923,26,Female,2,2,0
9375,Smartphones,Samsung,1925,58,Female,9,3,1
9376,Smart Watches,Samsung,1483,27,Male,16,2,0
9377,Headphones,Sony,1942,57,Female,13,1,1
9378,Smart Watches,HP,1988,21,Female,4,5,1
9379,Smart Watches,Other Brands,1718,44,Female,2,2,1
9380,Headphones,Sony,267,20,Male,11,4,0
9381,Smart Watches,HP,1657,62,Male,13,1,0
9382,Laptops,Sony,1118,45,Male,12,1,0
9383,Smart Watches,Other Brands,2845,55,Female,12,5,1
9384,Headphones,Samsung,2255,21,Female,3,4,1
9385,Tablets,HP,110,30,Female,8,1,0
9386,Smart Watches,Apple,1257,57,Female,2,2,1
9387,Smart Watches,Samsung,535,60,Female,14,3,1
9388,Headphones,Apple,952,42,Female,10,4,1
9389,Tablets,HP,1285,52,Female,19,3,1
9390,Headphones,HP,811,32,Male,7,4,1
9391,Laptops,Apple,533,68,Female,4,3,1
9392,Smartphones,Other Brands,611,23,Male,8,4,0
9393,Smart Watches,Other Brands,1523,44,Male,3,3,0
9394,Smart Watches,Other Brands,2861,45,Male,6,1,0
9395,Tablets,Apple,2299,29,Female,3,4,1
9396,Smartphones,HP,2910,68,Male,13,1,0
9397,Smartphones,HP,2404,50,Female,2,4,1
9398,Headphones,Samsung,2641,41,Female,10,5,1
9399,Smart Watches,Sony,2359,25,Female,2,4,1
9400,Headphones,Other Brands,1929,55,Female,13,4,1
9401,Headphones,Other Brands,2229,67,Male,4,5,1
9402,Smartphones,Other Brands,1109,24,Female,12,2,0
9403,Tablets,Sony,2238,62,Male,11,3,0
9404,Smartphones,HP,829,30,Male,14,1,0
9405,Smartphones,HP,618,43,Female,5,4,1
9406,Tablets,HP,1510,58,Male,13,4,1
9407,Smart Watches,Other Brands,669,27,Female,1,3,0
9408,Smart Watches,HP,2824,35,Male,16,5,1
9409,Smartphones,Samsung,693,20,Female,10,5,1
9410,Headphones,Apple,451,67,Female,3,5,1
9411,Laptops,Sony,2742,20,Male,6,3,0
9412,Smartphones,HP,2944,40,Male,8,4,1
9413,Laptops,HP,835,35,Female,12,2,1
9414,Laptops,Samsung,2888,30,Male,17,3,0
9415,Tablets,Sony,595,28,Female,18,4,1
9416,Smart Watches,HP,2893,66,Male,14,3,0
9417,Smart Watches,Other Brands,1660,34,Female,8,1,1
9418,Headphones,Sony,738,45,Female,8,1,1
9419,Headphones,Apple,1488,53,Female,16,5,1
9420,Tablets,Apple,625,64,Male,8,1,0
9421,Smart Watches,HP,1402,55,Female,5,2,1
9422,Tablets,Apple,1396,18,Female,14,4,1
9423,Tablets,Sony,523,32,Female,11,5,1
9424,Smart Watches,Other Brands,1716,29,Male,17,3,0
9425,Smartphones,Samsung,367,27,Male,12,4,0
9426,Laptops,HP,1925,67,Female,6,1,1
9427,Tablets,Apple,286,41,Male,14,5,1
9428,Smartphones,Samsung,526,18,Male,5,4,0
9429,Laptops,Sony,1326,56,Female,18,3,1
9430,Headphones,Samsung,246,59,Female,16,1,1
9431,Headphones,HP,844,22,Female,19,1,0
9432,Laptops,Samsung,1321,62,Male,16,4,1
9433,Smartphones,HP,2976,61,Male,9,2,0
9434,Tablets,Apple,2171,33,Female,19,4,1
9435,Laptops,HP,989,62,Female,5,3,1
9436,Smartphones,Apple,546,68,Female,13,4,1
9437,Smart Watches,Samsung,1364,61,Male,5,5,1
9438,Smart Watches,Sony,324,63,Female,17,3,1
9439,Headphones,HP,2923,38,Male,4,3,0
9440,Tablets,Samsung,230,59,Female,5,5,1
9441,Tablets,Other Brands,328,62,Male,8,4,1
9442,Smart Watches,Sony,2764,22,Female,7,1,0
9443,Smartphones,Other Brands,141,59,Female,3,3,1
9444,Headphones,Apple,1045,23,Female,18,5,1
9445,Laptops,Other Brands,1188,56,Female,9,4,1
9446,Smartphones,Other Brands,2788,34,Male,19,1,0
9447,Headphones,Sony,722,19,Male,2,4,0
9448,Laptops,Other Brands,696,46,Male,18,5,1
9449,Smartphones,HP,2648,18,Male,11,2,0
9450,Headphones,Other Brands,1714,28,Female,19,4,1
9451,Laptops,Samsung,2930,56,Male,10,4,1
9452,Tablets,Samsung,486,44,Male,11,1,0
9453,Laptops,Apple,1103,44,Male,11,5,1
9454,Smartphones,Samsung,296,34,Female,10,1,1
9455,Smart Watches,Other Brands,2894,62,Female,15,4,1
9456,Tablets,HP,2096,42,Male,7,3,0
9457,Laptops,HP,2428,29,Female,3,1,0
9458,Headphones,Samsung,536,39,Male,10,2,0
9459,Smartphones,Sony,263,28,Female,17,4,1
9460,Smartphones,HP,2615,55,Male,10,4,1
9461,Headphones,Samsung,1258,53,Male,9,4,1
9462,Laptops,HP,1116,68,Female,19,1,1
9463,Smartphones,HP,962,59,Male,1,3,0
9464,Headphones,Samsung,695,67,Male,13,4,1
9465,Tablets,Sony,1053,64,Female,10,5,1
9466,Tablets,Sony,2517,50,Female,14,1,1
9467,Tablets,Other Brands,2805,49,Male,2,5,1
9468,Tablets,Samsung,1151,20,Female,16,4,1
9469,Smartphones,HP,115,57,Female,13,1,1
9470,Laptops,Other Brands,133,41,Female,18,2,1
9471,Smartphones,HP,1013,67,Female,1,2,1
9472,Smart Watches,Apple,778,68,Female,5,2,1
9473,Smartphones,Sony,986,61,Female,8,3,1
9474,Smartphones,HP,920,56,Male,5,4,1
9475,Smart Watches,Other Brands,815,19,Male,5,1,0
9476,Laptops,Sony,2336,57,Male,3,3,0
9477,Headphones,Apple,914,23,Male,3,2,0
9478,Laptops,Sony,916,50,Female,16,2,1
9479,Laptops,Sony,880,34,Female,4,1,1
9480,Laptops,Sony,1660,56,Male,16,5,1
9481,Laptops,Apple,2336,45,Male,15,4,1
9482,Headphones,Sony,693,56,Female,9,5,1
9483,Smart Watches,Sony,564,31,Female,19,4,1
9484,Tablets,Sony,431,59,Male,16,3,0
9485,Smartphones,HP,2257,44,Female,3,5,1
9486,Smartphones,Sony,971,32,Male,14,4,1
9487,Smart Watches,Other Brands,911,45,Female,13,5,1
9488,Laptops,Apple,1394,45,Female,8,5,1
9489,Smartphones,Samsung,1033,54,Female,6,3,1
9490,Laptops,HP,1605,42,Male,19,2,0
9491,Smart Watches,HP,2258,54,Male,6,3,0
9492,Smart Watches,HP,1577,66,Male,11,4,1
9493,Smartphones,Samsung,2528,45,Male,4,3,0
9494,Tablets,HP,945,65,Male,1,2,0
9495,Smart Watches,Samsung,1886,44,Male,4,2,0
9496,Headphones,Apple,985,68,Male,3,2,0
9497,Laptops,Sony,1487,53,Female,18,4,1
9498,Headphones,HP,2914,39,Male,19,3,0
9499,Headphones,Apple,747,19,Female,3,3,0
9500,Headphones,Apple,2657,23,Female,13,4,1
9501,Headphones,Samsung,2120,61,Female,18,2,1
9502,Smart Watches,Other Brands,1895,26,Female,14,4,1
9503,Laptops,HP,694,53,Male,15,4,1
9504,Headphones,HP,2148,31,Male,5,5,1
9505,Tablets,HP,2545,20,Female,18,3,0
9506,Laptops,Sony,1118,44,Female,13,5,1
9507,Laptops,Other Brands,787,63,Female,12,2,1
9508,Smart Watches,Sony,576,47,Male,9,5,1
9509,Smartphones,Sony,820,50,Female,12,3,1
9510,Laptops,Other Brands,1022,31,Female,8,1,1
9511,Headphones,Samsung,907,55,Female,11,4,1
9512,Smartphones,Other Brands,1498,62,Female,8,2,1
9513,Smart Watches,Samsung,865,24,Male,6,3,0
9514,Headphones,HP,420,58,Male,14,5,1
9515,Laptops,Samsung,688,54,Male,15,3,0
9516,Laptops,Apple,2817,44,Male,14,5,1
9517,Tablets,Samsung,1341,23,Female,15,2,0
9518,Smartphones,Samsung,2045,24,Male,19,5,0
9519,Laptops,HP,2773,37,Male,11,1,0
9520,Laptops,Sony,1179,23,Male,11,1,0
9521,Smart Watches,HP,2854,32,Female,4,2,1
9522,Tablets,Samsung,1527,55,Male,14,5,1
9523,Smartphones,Other Brands,839,33,Male,19,1,0
9524,Headphones,Sony,2324,63,Female,16,3,1
9525,Smart Watches,Samsung,1622,19,Female,9,3,0
9526,Smart Watches,HP,2742,40,Female,18,2,1
9527,Tablets,HP,172,29,Male,10,2,0
9528,Smart Watches,Sony,2080,58,Male,18,2,0
9529,Smart Watches,Other Brands,883,31,Female,1,1,1
9530,Laptops,Samsung,2805,34,Female,1,5,1
9531,Laptops,Other Brands,2165,44,Male,19,4,1
9532,Smart Watches,HP,715,46,Male,18,4,1
9533,Smartphones,HP,1530,64,Male,7,1,0
9534,Headphones,Apple,2359,18,Female,2,3,0
9535,Smartphones,Samsung,2757,52,Female,13,2,1
9536,Tablets,Sony,115,19,Male,4,1,0
9537,Tablets,Sony,2594,30,Female,6,2,0
9538,Tablets,Sony,1721,64,Male,1,1,0
9539,Headphones,Other Brands,1177,38,Male,16,3,0
9540,Tablets,HP,597,34,Female,7,2,1
9541,Tablets,Sony,636,22,Female,16,1,0
9542,Smart Watches,Other Brands,182,51,Male,4,2,0
9543,Laptops,HP,2195,67,Female,12,2,1
9544,Headphones,Other Brands,1131,33,Female,19,5,1
9545,Smartphones,Sony,2143,21,Female,19,1,0
9546,Headphones,Samsung,1316,25,Female,5,5,1
9547,Tablets,Samsung,1907,48,Male,17,5,1
9548,Smartphones,Apple,2091,60,Female,18,3,1
9549,Smart Watches,HP,1592,51,Female,10,2,1
9550,Tablets,Apple,879,62,Female,1,5,1
9551,Smart Watches,Samsung,2689,40,Female,2,1,1
9552,Smart Watches,HP,2294,44,Male,1,5,1
9553,Smartphones,Apple,190,66,Female,1,2,1
9554,Tablets,Other Brands,1261,54,Female,7,2,1
9555,Smart Watches,HP,2856,67,Male,19,2,0
9556,Smart Watches,Other Brands,2628,44,Female,5,2,1
9557,Smartphones,HP,967,34,Male,9,2,0
9558,Smartphones,Sony,1717,26,Female,14,3,0
9559,Smartphones,Sony,785,35,Female,9,3,1
9560,Tablets,Samsung,1412,57,Female,19,3,1
9561,Headphones,Apple,1527,63,Male,16,3,0
9562,Tablets,Apple,212,18,Male,1,5,0
9563,Smartphones,Samsung,1148,65,Male,3,5,1
9564,Smartphones,Samsung,1634,26,Female,6,5,1
9565,Laptops,Samsung,2280,52,Female,7,5,1
9566,Smartphones,Samsung,763,48,Male,7,3,0
9567,Smart Watches,Apple,2046,58,Male,11,5,1
9568,Smart Watches,Samsung,1728,32,Male,13,3,0
9569,Tablets,HP,1326,57,Female,10,5,1
9570,Tablets,HP,1770,43,Male,1,4,1
9571,Tablets,HP,1586,36,Male,6,4,1
9572,Headphones,Sony,2257,27,Female,10,4,1
9573,Smartphones,HP,871,35,Female,15,5,1
9574,Laptops,Sony,857,57,Male,2,4,1
9575,Smart Watches,Sony,2053,21,Female,4,4,1
9576,Smart Watches,Samsung,2833,36,Female,3,5,1
9577,Headphones,Sony,2096,67,Female,5,4,1
9578,Tablets,Other Brands,2270,46,Male,5,4,1
9579,Laptops,Samsung,873,65,Female,16,4,1
9580,Headphones,Samsung,2843,33,Male,17,5,1
9581,Laptops,Samsung,2340,61,Female,3,5,1
9582,Smart Watches,Sony,2303,32,Female,7,5,1
9583,Tablets,HP,1047,61,Female,13,5,1
9584,Smart Watches,Samsung,1434,26,Male,19,3,0
9585,Headphones,Apple,1580,30,Female,2,3,0
9586,Laptops,Apple,1572,56,Female,6,4,1
9587,Headphones,Samsung,1873,34,Female,1,3,1
9588,Laptops,Apple,366,68,Female,8,5,1
9589,Laptops,HP,2286,64,Female,8,4,1
9590,Laptops,Other Brands,2524,36,Female,14,4,1
9591,Laptops,Other Brands,1009,63,Female,15,4,1
9592,Smart Watches,HP,1025,45,Female,17,4,1
9593,Smartphones,Sony,818,51,Female,1,1,1
9594,Smartphones,Other Brands,285,49,Male,8,4,1
9595,Laptops,Apple,2281,34,Female,6,2,1
9596,Headphones,Other Brands,2818,19,Female,6,2,0
9597,Smart Watches,Samsung,2733,26,Male,3,5,0
9598,Smart Watches,Sony,1745,19,Female,19,5,1
9599,Headphones,Apple,1193,33,Male,10,5,1
9600,Laptops,Samsung,1662,56,Female,15,5,1
9601,Smart Watches,Sony,1417,62,Male,13,5,1
9602,Tablets,Other Brands,814,53,Male,16,5,1
9603,Smart Watches,Samsung,1704,56,Female,1,4,1
9604,Tablets,Samsung,997,24,Male,17,1,0
9605,Laptops,Other Brands,2121,40,Female,18,3,1
9606,Headphones,Apple,1423,30,Female,12,1,0
9607,Smart Watches,Sony,958,21,Male,16,1,0
9608,Laptops,Apple,692,44,Female,7,3,1
9609,Laptops,Samsung,1493,49,Female,11,5,1
9610,Laptops,Other Brands,1534,50,Female,19,1,1
9611,Smartphones,Apple,799,25,Male,5,4,0
9612,Headphones,Sony,1448,21,Male,4,4,0
9613,Laptops,HP,1100,60,Male,15,5,1
9614,Headphones,Apple,1631,40,Female,6,4,1
9615,Headphones,Other Brands,380,38,Male,7,3,0
9616,Tablets,HP,338,60,Male,3,1,0
9617,Headphones,Sony,2773,45,Male,14,3,0
9618,Laptops,HP,2928,37,Male,17,4,1
9619,Laptops,HP,969,23,Male,19,1,0
9620,Laptops,Sony,867,36,Male,7,1,0
9621,Laptops,Apple,823,54,Male,7,4,1
9622,Smartphones,HP,449,69,Male,15,4,1
9623,Tablets,Samsung,2067,48,Female,12,2,1
9624,Tablets,Apple,1586,26,Male,12,4,0
9625,Tablets,Other Brands,751,49,Female,4,5,1
9626,Tablets,HP,450,59,Female,8,3,1
9627,Smartphones,HP,232,21,Female,13,1,0
9628,Tablets,Apple,1806,18,Female,13,1,0
9629,Tablets,Sony,2914,19,Female,9,4,1
9630,Smart Watches,Samsung,808,34,Female,8,4,1
9631,Smart Watches,Apple,329,68,Female,3,2,1
9632,Headphones,Apple,105,56,Male,8,4,1
9633,Tablets,Samsung,1755,29,Male,18,3,0
9634,Headphones,Sony,695,36,Male,12,1,0
9635,Smartphones,Sony,419,48,Female,8,2,1
9636,Laptops,Samsung,2358,32,Male,15,5,1
9637,Tablets,Samsung,2507,54,Male,14,3,0
9638,Headphones,Sony,1095,57,Male,17,4,1
9639,Tablets,Apple,1157,21,Female,1,2,0
9640,Smart Watches,Apple,1979,49,Male,16,1,0
9641,Smartphones,Sony,553,58,Male,4,1,0
9642,Smartphones,Apple,2849,52,Male,14,5,1
9643,Tablets,Other Brands,1083,37,Female,13,5,1
9644,Smartphones,Other Brands,2666,19,Male,13,1,0
9645,Tablets,Apple,2091,69,Female,4,4,1
9646,Headphones,Sony,461,40,Male,17,4,1
9647,Tablets,HP,2830,58,Female,2,2,1
9648,Smart Watches,Apple,266,36,Female,3,1,1
9649,Smart Watches,Other Brands,1639,26,Male,10,1,0
9650,Headphones,Other Brands,822,58,Male,15,3,0
9651,Laptops,Other Brands,728,25,Female,10,2,0
9652,Headphones,Other Brands,1827,31,Female,14,2,1
9653,Headphones,Samsung,2668,32,Male,4,1,0
9654,Headphones,HP,310,34,Female,17,5,1
9655,Smartphones,HP,259,20,Female,18,1,0
9656,Headphones,Sony,2926,46,Male,8,3,0
9657,Smartphones,Apple,886,54,Female,16,4,1
9658,Smartphones,Sony,1378,65,Female,19,4,1
9659,Headphones,Other Brands,2501,19,Male,4,2,0
9660,Laptops,Samsung,2753,47,Male,16,2,0
9661,Smartphones,Sony,323,62,Female,2,3,1
9662,Smart Watches,HP,2055,40,Male,5,3,0
9663,Headphones,Apple,2349,50,Male,15,4,1
9664,Smartphones,Sony,2335,44,Male,15,3,0
9665,Laptops,Other Brands,2746,67,Female,17,3,1
9666,Laptops,Other Brands,513,38,Male,10,3,0
9667,Headphones,Samsung,2151,44,Male,19,4,1
9668,Smartphones,Samsung,1977,45,Female,10,3,1
9669,Smartphones,Other Brands,1337,48,Female,11,2,1
9670,Laptops,Other Brands,446,51,Male,13,3,0
9671,Tablets,Apple,997,41,Male,19,5,1
9672,Laptops,HP,1658,27,Male,19,4,0
9673,Tablets,Sony,2123,55,Male,4,1,0
9674,Laptops,Other Brands,2541,31,Female,13,5,1
9675,Smart Watches,Apple,1930,47,Male,13,1,0
9676,Tablets,Sony,1619,41,Male,2,1,0
9677,Tablets,Other Brands,1613,51,Male,9,3,0
9678,Smartphones,Sony,2893,27,Female,11,2,0
9679,Smartphones,Samsung,1245,38,Male,16,5,1
9680,Tablets,Sony,135,65,Male,9,4,1
9681,Laptops,Apple,614,32,Female,5,2,1
9682,Smart Watches,Apple,1261,24,Female,1,4,1
9683,Smart Watches,Samsung,2768,28,Male,7,1,0
9684,Smart Watches,HP,1600,47,Male,2,5,1
9685,Smartphones,Samsung,469,18,Male,8,5,0
9686,Headphones,Apple,1535,28,Female,11,4,1
9687,Tablets,Sony,1987,63,Female,7,5,1
9688,Smart Watches,Other Brands,198,28,Male,17,1,0
9689,Headphones,Apple,1818,23,Female,18,3,0
9690,Headphones,Other Brands,177,56,Female,17,5,1
9691,Smartphones,Sony,1783,28,Female,13,3,0
9692,Headphones,Other Brands,308,44,Male,16,2,0
9693,Laptops,Samsung,837,29,Female,14,3,0
9694,Headphones,Apple,1706,28,Male,3,5,0
9695,Tablets,Apple,1331,69,Male,18,3,0
9696,Tablets,Sony,1740,62,Male,16,5,1
9697,Headphones,Sony,473,44,Male,2,2,0
9698,Laptops,Apple,267,56,Male,11,5,1
9699,Smart Watches,Samsung,529,27,Female,19,5,1
9700,Headphones,HP,651,67,Female,3,4,1
9701,Headphones,Apple,2857,25,Female,16,2,0
9702,Smartphones,Sony,708,69,Male,18,2,0
9703,Smart Watches,Other Brands,1107,55,Female,11,3,1
9704,Headphones,Apple,1929,59,Male,7,4,1
9705,Laptops,Other Brands,1626,67,Female,2,5,1
9706,Headphones,Apple,937,39,Female,1,2,1
9707,Headphones,Apple,1876,21,Female,16,1,0
9708,Headphones,Other Brands,1998,59,Male,10,3,0
9709,Tablets,HP,2229,26,Female,7,5,1
9710,Headphones,Sony,1386,46,Male,19,4,1
9711,Tablets,Apple,2115,30,Female,9,1,0
9712,Smart Watches,Other Brands,1737,53,Male,5,1,0
9713,Smart Watches,Other Brands,2989,58,Female,5,1,1
9714,Laptops,Other Brands,2938,67,Female,1,2,1
9715,Laptops,Other Brands,2164,53,Female,13,1,1
9716,Smartphones,Samsung,2771,69,Male,4,3,0
9717,Laptops,HP,1279,56,Female,17,4,1
9718,Smart Watches,Other Brands,902,56,Female,8,3,1
9719,Headphones,Other Brands,916,55,Female,7,3,1
9720,Tablets,Sony,2128,19,Female,18,2,0
9721,Headphones,Other Brands,2379,26,Male,16,1,0
9722,Smart Watches,HP,1160,33,Male,15,3,0
9723,Smartphones,Samsung,793,21,Female,8,2,0
9724,Laptops,HP,475,60,Male,13,1,0
9725,Smartphones,HP,1256,44,Male,14,2,0
9726,Tablets,Samsung,149,63,Male,15,4,1
9727,Headphones,Other Brands,1000,18,Female,14,4,1
9728,Smartphones,HP,2681,56,Male,3,4,1
9729,Headphones,Other Brands,2277,56,Male,14,3,0
9730,Smartphones,Samsung,533,44,Male,12,2,0
9731,Smartphones,Other Brands,1831,48,Male,6,5,1
9732,Smartphones,Other Brands,2331,27,Female,2,3,0
9733,Tablets,Samsung,1554,31,Female,14,5,1
9734,Laptops,Samsung,2287,44,Male,18,4,1
9735,Tablets,Samsung,2073,32,Female,15,1,1
9736,Tablets,Apple,2839,69,Female,8,5,1
9737,Laptops,Sony,1283,49,Male,9,4,1
9738,Smartphones,Samsung,1067,30,Male,5,4,0
9739,Smartphones,HP,1023,37,Female,19,1,1
9740,Smart Watches,HP,655,23,Female,1,2,0
9741,Headphones,Apple,217,62,Male,8,2,0
9742,Smart Watches,Samsung,1040,47,Female,6,5,1
9743,Smart Watches,HP,2329,63,Female,15,4,1
9744,Smartphones,Apple,988,48,Female,5,5,1
9745,Smart Watches,Other Brands,375,67,Female,5,5,1
9746,Smartphones,Samsung,555,42,Female,4,2,1
9747,Laptops,HP,1945,23,Female,16,2,0
9748,Smartphones,Apple,2075,52,Female,4,1,1
9749,Smartphones,Other Brands,2920,48,Male,6,3,0
9750,Tablets,Sony,218,58,Female,3,1,1
9751,Headphones,Apple,654,36,Female,18,2,1
9752,Headphones,Samsung,1896,21,Female,10,5,1
9753,Headphones,Apple,1184,27,Male,11,1,0
9754,Smartphones,Sony,774,36,Male,14,2,0
9755,Headphones,Apple,1778,20,Male,8,1,0
9756,Laptops,Other Brands,1792,29,Female,10,1,0
9757,Smart Watches,Other Brands,1261,59,Male,10,4,1
9758,Smartphones,Samsung,1224,54,Male,15,5,1
9759,Smart Watches,Sony,2381,18,Female,1,2,0
9760,Smart Watches,Sony,894,65,Female,12,3,1
9761,Tablets,HP,1130,57,Male,11,4,1
9762,Laptops,HP,246,30,Female,4,3,0
9763,Headphones,Apple,1047,36,Female,1,2,1
9764,Smart Watches,Apple,2433,31,Female,3,3,1
9765,Smartphones,Samsung,1721,39,Female,12,5,1
9766,Tablets,Other Brands,827,55,Male,14,1,0
9767,Headphones,Other Brands,1001,53,Female,3,1,1
9768,Laptops,Other Brands,2271,59,Female,5,3,1
9769,Tablets,Sony,1997,58,Female,15,2,1
9770,Smart Watches,Other Brands,1164,38,Female,6,2,1
9771,Smart Watches,Apple,1229,43,Female,7,5,1
9772,Tablets,Samsung,2669,42,Male,19,5,1
9773,Laptops,Samsung,1541,65,Female,12,5,1
9774,Smart Watches,Samsung,1633,66,Male,3,1,0
9775,Tablets,Sony,1446,52,Male,2,4,1
9776,Smart Watches,Samsung,143,43,Male,1,2,0
9777,Tablets,Sony,1231,33,Female,12,2,1
9778,Laptops,Apple,962,64,Female,9,5,1
9779,Smartphones,HP,725,29,Female,11,1,0
9780,Tablets,HP,1933,26,Female,11,3,0
9781,Tablets,Apple,1422,58,Male,9,4,1
9782,Smartphones,Apple,2534,57,Female,17,1,1
9783,Tablets,HP,2188,35,Female,3,1,1
9784,Headphones,Other Brands,2186,40,Female,19,1,1
9785,Tablets,HP,2102,23,Female,3,2,0
9786,Smart Watches,Apple,106,39,Female,9,5,1
9787,Headphones,Apple,1908,25,Female,6,4,1
9788,Smartphones,Apple,439,54,Male,11,3,0
9789,Headphones,Other Brands,840,32,Male,12,1,0
9790,Smart Watches,Other Brands,304,23,Female,12,2,0
9791,Laptops,HP,278,18,Male,10,4,0
9792,Smart Watches,Sony,867,52,Male,7,1,0
9793,Tablets,Samsung,2353,45,Female,9,3,1
9794,Smart Watches,Other Brands,801,55,Female,2,4,1
9795,Laptops,HP,756,61,Female,16,1,1
9796,Smartphones,Sony,268,37,Male,5,1,0
9797,Laptops,Other Brands,353,69,Female,16,4,1
9798,Smart Watches,Sony,2144,43,Female,9,4,1
9799,Tablets,Apple,947,58,Male,5,5,1
9800,Smart Watches,Samsung,426,42,Male,17,2,0
9801,Headphones,Sony,1595,43,Female,16,5,1
9802,Headphones,Sony,2862,65,Male,4,5,1
9803,Tablets,Samsung,1472,22,Female,16,5,1
9804,Headphones,HP,2971,25,Male,14,4,0
9805,Headphones,Sony,2124,27,Male,17,4,0
9806,Smart Watches,Other Brands,1350,37,Male,10,4,1
9807,Laptops,Apple,2114,28,Female,18,3,0
9808,Smart Watches,Samsung,1114,58,Male,17,5,1
9809,Tablets,Samsung,438,38,Male,7,3,0
9810,Smartphones,HP,2052,18,Male,1,1,0
9811,Tablets,HP,1855,63,Female,1,1,1
9812,Laptops,Sony,1802,30,Female,12,4,1
9813,Tablets,Samsung,2145,47,Male,2,2,0
9814,Tablets,Other Brands,2789,32,Male,11,5,1
9815,Laptops,Sony,2314,69,Male,16,1,0
9816,Smartphones,Samsung,534,45,Female,13,1,1
9817,Smart Watches,Sony,715,36,Male,16,3,0
9818,Tablets,Samsung,2668,54,Female,1,4,1
9819,Tablets,Sony,624,55,Female,3,1,1
9820,Headphones,Samsung,1691,36,Male,15,2,0
9821,Tablets,Other Brands,100,69,Female,14,3,1
9822,Smart Watches,Other Brands,1545,24,Female,17,5,1
9823,Laptops,Apple,2519,50,Female,11,3,1
9824,Smartphones,Sony,723,68,Female,3,1,1
9825,Laptops,Apple,1255,19,Female,6,1,0
9826,Smartphones,HP,1161,38,Female,6,5,1
9827,Headphones,HP,1368,61,Male,11,2,0
9828,Laptops,Apple,1162,24,Female,14,5,1
9829,Laptops,Other Brands,368,64,Male,17,2,0
9830,Tablets,Sony,1596,37,Female,9,5,1
9831,Headphones,Samsung,1357,32,Male,19,2,0
9832,Laptops,Sony,617,24,Female,8,1,0
9833,Headphones,Sony,1328,62,Male,8,5,1
9834,Smartphones,Other Brands,1075,38,Female,19,3,1
9835,Smart Watches,Apple,2598,57,Male,3,1,0
9836,Tablets,Sony,2920,46,Female,16,4,1
9837,Tablets,Sony,2189,55,Female,9,2,1
9838,Laptops,Apple,2361,24,Female,12,4,1
9839,Smartphones,Samsung,1383,58,Male,13,3,0
9840,Laptops,Apple,774,35,Female,7,3,1
9841,Headphones,Samsung,1236,69,Male,9,1,0
9842,Smart Watches,Samsung,2625,20,Female,9,1,0
9843,Smartphones,Samsung,1293,28,Female,4,3,0
9844,Smartphones,Samsung,1654,26,Female,10,4,1
9845,Headphones,Sony,2441,30,Female,9,5,1
9846,Laptops,HP,1567,42,Male,10,1,0
9847,Tablets,HP,711,25,Male,6,3,0
9848,Smart Watches,HP,177,50,Male,6,1,0
9849,Smartphones,Other Brands,785,51,Male,13,2,0
9850,Smart Watches,Apple,2985,33,Male,18,4,1
9851,Headphones,Sony,1679,53,Female,14,2,1
9852,Smartphones,Other Brands,264,32,Female,4,3,1
9853,Smart Watches,Apple,437,38,Male,15,2,0
9854,Tablets,Other Brands,956,22,Female,1,4,1
9855,Smartphones,Sony,689,61,Female,14,2,1
9856,Headphones,Apple,2977,50,Male,5,1,0
9857,Laptops,HP,802,62,Male,12,4,1
9858,Laptops,Samsung,207,21,Male,11,1,0
9859,Smart Watches,Other Brands,1704,45,Male,6,3,0
9860,Laptops,Other Brands,2192,27,Female,10,5,1
9861,Laptops,Sony,2373,21,Female,8,5,1
9862,Headphones,Samsung,2089,37,Male,10,3,0
9863,Tablets,HP,608,38,Female,12,4,1
9864,Smart Watches,Other Brands,2770,40,Female,16,2,1
9865,Smartphones,HP,1138,53,Female,12,1,1
9866,Laptops,Sony,1138,45,Male,3,1,0
9867,Laptops,Samsung,828,56,Female,14,5,1
9868,Headphones,HP,1206,69,Male,13,5,1
9869,Smart Watches,Apple,2727,23,Male,13,1,0
9870,Smartphones,Samsung,2210,46,Male,3,1,0
9871,Headphones,Apple,966,63,Male,11,1,0
9872,Headphones,Samsung,1803,47,Female,9,2,1
9873,Tablets,Sony,974,25,Male,18,2,0
9874,Smart Watches,HP,1781,60,Male,18,3,0
9875,Laptops,Sony,610,49,Male,6,2,0
9876,Laptops,HP,844,52,Female,17,2,1
9877,Smartphones,Other Brands,2688,46,Male,7,4,1
9878,Tablets,HP,2155,61,Male,19,2,0
9879,Laptops,Other Brands,243,59,Female,7,2,1
9880,Headphones,Samsung,2428,47,Male,10,3,0
9881,Smart Watches,Other Brands,1661,63,Male,7,2,0
9882,Smart Watches,Other Brands,2190,69,Male,7,5,1
9883,Smart Watches,Samsung,2349,54,Female,19,2,1
9884,Tablets,HP,1824,25,Male,9,3,0
9885,Tablets,Sony,2759,58,Male,2,5,1
9886,Smartphones,Samsung,2391,46,Female,3,3,1
9887,Tablets,HP,893,69,Female,19,1,1
9888,Headphones,Apple,1695,36,Female,8,4,1
9889,Headphones,Samsung,2301,56,Male,3,5,1
9890,Smartphones,Apple,761,35,Male,1,1,0
9891,Headphones,Samsung,299,47,Female,6,2,1
9892,Tablets,Apple,2560,52,Male,9,3,0
9893,Tablets,HP,1209,37,Male,11,2,0
9894,Smart Watches,Sony,1382,18,Male,13,1,0
9895,Smart Watches,HP,270,65,Female,6,2,1
9896,Headphones,Sony,184,40,Female,18,1,1
9897,Smartphones,Sony,841,43,Male,11,2,0
9898,Laptops,Samsung,1672,25,Female,17,1,0
9899,Tablets,Sony,2382,48,Female,16,2,1
9900,Tablets,Sony,255,22,Male,12,5,0
9901,Tablets,Other Brands,1122,44,Male,18,1,0
9902,Laptops,Sony,2236,35,Female,17,2,1
9903,Laptops,Samsung,201,21,Female,13,5,1
9904,Smart Watches,Sony,800,26,Male,13,3,0
9905,Tablets,Samsung,952,40,Female,3,2,1
9906,Tablets,Other Brands,968,26,Female,5,3,0
9907,Smart Watches,Samsung,2528,20,Female,2,2,0
9908,Headphones,Apple,2324,38,Female,19,2,1
9909,Laptops,Samsung,2407,36,Male,3,2,0
9910,Headphones,Sony,2243,30,Female,3,3,0
9911,Smartphones,Other Brands,1262,37,Male,16,5,1
9912,Tablets,Apple,417,30,Female,2,1,0
9913,Tablets,HP,2942,51,Male,6,1,0
9914,Tablets,Sony,1083,22,Female,12,3,0
9915,Smartphones,Sony,1546,20,Female,3,3,0
9916,Smartphones,Samsung,2921,53,Female,13,3,1
9917,Headphones,HP,1070,56,Male,13,4,1
9918,Smartphones,Sony,2674,18,Female,5,3,0
9919,Laptops,Other Brands,2321,21,Female,13,1,0
9920,Headphones,Other Brands,1174,18,Female,8,4,1
9921,Smart Watches,HP,2125,49,Male,4,3,0
9922,Smartphones,HP,2973,62,Female,19,4,1
9923,Laptops,Apple,538,49,Male,12,2,0
9924,Smartphones,Other Brands,1115,33,Male,12,1,0
9925,Smart Watches,Sony,1545,54,Female,11,5,1
9926,Tablets,HP,1137,42,Male,4,1,0
9927,Tablets,Apple,1576,47,Female,11,3,1
9928,Smart Watches,Other Brands,1681,39,Female,9,2,1
9929,Headphones,Samsung,2109,53,Female,18,3,1
9930,Tablets,Apple,1726,54,Female,16,5,1
9931,Laptops,Samsung,2558,31,Female,12,1,1
9932,Laptops,Samsung,1063,32,Female,8,4,1
9933,Tablets,Apple,1266,66,Male,11,1,0
9934,Laptops,Apple,2515,58,Female,15,1,1
9935,Laptops,Samsung,2101,58,Male,3,4,1
9936,Tablets,HP,2329,27,Female,7,1,0
9937,Smart Watches,Apple,2544,56,Male,16,3,0
9938,Smart Watches,Apple,501,51,Male,8,4,1
9939,Smart Watches,Samsung,2559,20,Male,14,2,0
9940,Smartphones,Other Brands,1349,51,Male,14,4,1
9941,Headphones,HP,496,22,Male,9,3,0
9942,Smartphones,Sony,984,59,Female,18,4,1
9943,Tablets,Samsung,810,59,Female,5,2,1
9944,Tablets,Samsung,1306,26,Female,11,1,0
9945,Headphones,Sony,1764,23,Female,19,2,0
9946,Smart Watches,Sony,2063,50,Male,3,5,1
9947,Tablets,Sony,2507,59,Male,15,1,0
9948,Smart Watches,Samsung,2093,35,Female,3,2,1
9949,Laptops,Sony,145,27,Male,11,1,0
9950,Smartphones,Apple,1627,50,Female,5,4,1
9951,Laptops,Sony,1876,40,Male,2,5,1
9952,Smartphones,Other Brands,116,69,Male,13,5,1
9953,Tablets,Sony,2341,20,Female,12,5,1
9954,Laptops,Samsung,310,60,Female,2,2,1
9955,Smartphones,Sony,1132,23,Female,14,2,0
9956,Headphones,Samsung,1392,29,Male,9,3,0
9957,Smartphones,Samsung,1356,19,Female,1,4,1
9958,Headphones,Samsung,1760,67,Male,14,4,1
9959,Tablets,Sony,2575,48,Female,19,1,1
9960,Smartphones,Other Brands,419,46,Male,16,3,0
9961,Headphones,Sony,1553,24,Female,7,5,1
9962,Laptops,Sony,1819,38,Female,8,3,1
9963,Smartphones,HP,255,26,Female,17,5,1
9964,Tablets,Apple,201,23,Female,3,5,1
9965,Headphones,Apple,1370,52,Male,1,3,0
9966,Smart Watches,Apple,2876,56,Male,5,2,0
9967,Smartphones,Apple,713,42,Female,11,1,1
9968,Smartphones,Sony,2720,49,Male,12,3,0
9969,Laptops,Other Brands,584,51,Male,4,2,0
9970,Laptops,Other Brands,1367,32,Male,3,2,0
9971,Smartphones,Other Brands,507,45,Male,14,5,1
9972,Smartphones,Samsung,672,39,Male,17,4,1
9973,Smart Watches,Sony,1197,63,Male,8,3,0
9974,Laptops,Sony,1096,27,Female,17,4,1
9975,Tablets,HP,2709,46,Female,2,1,1
9976,Smart Watches,Sony,135,41,Female,8,2,1
9977,Headphones,Sony,285,51,Male,5,4,1
9978,Laptops,Other Brands,2148,56,Female,15,3,1
9979,Smartphones,Other Brands,2498,22,Female,14,4,1
9980,Smartphones,Sony,432,53,Male,6,3,0
9981,Smart Watches,Other Brands,2479,28,Male,12,1,0
9982,Laptops,HP,1030,22,Male,6,5,0
9983,Tablets,Sony,1107,44,Female,19,2,1
9984,Tablets,Other Brands,2553,29,Male,11,3,0
9985,Smartphones,Other Brands,2705,48,Male,13,2,0
9986,Laptops,Samsung,1518,38,Male,11,2,0
9987,Smartphones,Samsung,1552,44,Female,16,3,1
9988,Smart Watches,Other Brands,1913,62,Male,13,5,1
9989,Tablets,HP,1485,33,Male,8,2,0
9990,Tablets,Sony,1806,27,Male,16,5,0
9991,Tablets,Samsung,1193,22,Male,19,2,0
9992,Smart Watches,Sony,2023,32,Male,8,2,0
9993,Laptops,Samsung,2902,66,Male,10,3,0
9994,Smartphones,Other Brands,800,28,Female,2,4,1
9995,Headphones,Apple,2883,28,Male,15,5,0
9996,Tablets,Sony,1265,66,Female,9,4,1
9997,Smart Watches,Other Brands,2156,42,Female,5,2,1
9998,Headphones,Other Brands,2086,35,Male,14,1,0
9999,Smart Watches,HP,340,54,Male,3,1,0
10000,Headphones,Sony,2723,59,Female,6,4,1
10001,Headphones,Apple,2193,60,Female,9,2,1
10002,Tablets,Sony,2767,50,Male,15,4,1
10003,Tablets,Apple,917,32,Female,16,1,1
10004,Smartphones,Samsung,1674,52,Female,11,3,1
10005,Smart Watches,Other Brands,1438,18,Male,18,3,0
10006,Headphones,Sony,2752,29,Male,1,2,0
10007,Headphones,Other Brands,1863,57,Male,9,5,1
10008,Headphones,Samsung,314,22,Male,16,1,0
10009,Headphones,Sony,2471,54,Female,9,4,1
10010,Smartphones,Other Brands,2334,55,Male,5,5,1
10011,Smartphones,Sony,1114,37,Male,13,3,0
10012,Smart Watches,HP,2721,25,Male,15,5,0
10013,Laptops,Samsung,2881,51,Male,1,4,1
10014,Smartphones,HP,708,46,Female,9,5,1
10015,Smart Watches,Apple,527,59,Female,14,4,1
10016,Smartphones,Sony,932,50,Female,1,1,1
10017,Headphones,Other Brands,891,66,Male,8,2,0
10018,Smartphones,Apple,202,24,Female,4,1,0
10019,Smartphones,Samsung,971,20,Male,18,5,0
10020,Headphones,Apple,2390,66,Male,18,4,1
10021,Laptops,Apple,458,23,Female,10,4,1
10022,Smart Watches,Apple,2856,48,Female,6,4,1
10023,Tablets,Samsung,1586,52,Male,3,2,0
10024,Tablets,Samsung,1534,26,Male,11,4,0
10025,Laptops,Other Brands,1379,60,Male,3,2,0
10026,Headphones,Other Brands,456,32,Female,6,4,1
10027,Laptops,HP,1768,53,Male,4,3,0
10028,Headphones,Samsung,2273,34,Male,13,2,0
10029,Tablets,Other Brands,2061,25,Female,12,3,0
10030,Smart Watches,HP,948,25,Female,16,4,1
10031,Smartphones,Other Brands,1795,55,Female,7,3,1
10032,Smartphones,Samsung,1338,43,Male,16,5,1
10033,Headphones,Samsung,1102,48,Male,4,2,0
10034,Smartphones,Apple,2685,30,Male,14,4,0
10035,Smartphones,Other Brands,1482,68,Male,13,2,0
10036,Tablets,Samsung,1505,51,Male,10,5,1
10037,Tablets,Apple,681,24,Female,4,4,1
10038,Headphones,Samsung,580,27,Female,7,4,1
10039,Smart Watches,Apple,441,65,Male,6,3,0
10040,Laptops,Samsung,222,43,Male,19,1,0
10041,Tablets,Samsung,1831,37,Male,5,5,1
10042,Smartphones,Apple,2759,31,Male,2,2,0
10043,Laptops,HP,304,61,Female,19,1,1
10044,Laptops,Samsung,1219,64,Male,5,1,0
10045,Smart Watches,HP,874,43,Male,5,4,1
10046,Headphones,Samsung,2460,62,Male,19,1,0
10047,Smart Watches,Other Brands,1779,31,Male,18,4,1
10048,Laptops,Apple,1706,21,Female,11,1,0
10049,Smart Watches,Samsung,2262,26,Female,12,4,1
10050,Headphones,Other Brands,1271,47,Female,3,3,1
10051,Smart Watches,Other Brands,574,48,Female,14,3,1
10052,Laptops,Apple,2959,33,Female,11,3,1
10053,Smartphones,Samsung,895,37,Female,7,1,1
10054,Laptops,Apple,2926,26,Female,6,4,1
10055,Tablets,Sony,741,59,Male,9,2,0
10056,Tablets,Sony,2648,44,Female,13,5,1
10057,Laptops,Apple,1586,62,Female,9,5,1
10058,Smartphones,Samsung,826,39,Male,1,5,1
10059,Laptops,HP,548,32,Male,3,4,1
10060,Smartphones,Other Brands,287,30,Female,9,5,1
10061,Laptops,Apple,2569,38,Female,17,1,1
10062,Tablets,Sony,663,60,Female,16,3,1
10063,Smart Watches,Sony,2638,32,Female,11,5,1
10064,Laptops,Apple,338,53,Male,7,3,0
10065,Headphones,Samsung,381,41,Male,15,2,0
10066,Laptops,Apple,2337,21,Female,10,2,0
10067,Tablets,Samsung,2211,68,Female,3,3,1
10068,Smartphones,Sony,2404,20,Male,17,2,0
10069,Laptops,Apple,1118,47,Female,12,4,1
10070,Headphones,Apple,315,48,Male,19,1,0
10071,Tablets,Apple,1236,67,Male,3,2,0
10072,Smart Watches,Samsung,2608,41,Female,2,2,1
10073,Laptops,HP,358,55,Male,7,1,0
10074,Smartphones,HP,581,62,Male,6,2,0
10075,Laptops,Sony,1049,43,Male,18,4,1
10076,Smartphones,Other Brands,847,18,Male,11,4,0
10077,Smartphones,Apple,1716,31,Female,5,4,1
10078,Smart Watches,Samsung,2628,69,Female,4,5,1
10079,Laptops,Apple,1297,19,Female,19,4,1
10080,Smartphones,HP,2930,29,Female,2,3,0
10081,Headphones,Apple,2842,46,Female,1,4,1
10082,Headphones,Other Brands,843,39,Male,13,4,1
10083,Tablets,Sony,2445,31,Male,15,4,1
10084,Tablets,HP,943,63,Male,14,1,0
10085,Tablets,Samsung,363,26,Female,1,5,1
10086,Laptops,Samsung,1803,20,Male,14,4,0
10087,Smart Watches,Samsung,2190,22,Male,6,3,0
10088,Smartphones,Other Brands,2349,49,Female,17,5,1
10089,Laptops,Samsung,136,61,Female,15,2,1
10090,Tablets,HP,1287,63,Female,5,4,1
10091,Headphones,Samsung,606,48,Female,16,2,1
10092,Laptops,Apple,1623,34,Female,10,1,1
10093,Laptops,Sony,1832,31,Male,6,2,0
10094,Tablets,Apple,2536,31,Female,16,4,1
10095,Laptops,Other Brands,1044,58,Female,7,4,1
10096,Smart Watches,Other Brands,1053,49,Male,15,2,0
10097,Smart Watches,Apple,254,54,Female,14,5,1
10098,Tablets,Other Brands,1251,22,Female,15,4,1
10099,Laptops,Other Brands,256,30,Male,16,1,0
10100,Tablets,Sony,1314,47,Male,1,1,0
10101,Smart Watches,HP,941,36,Female,5,5,1
10102,Headphones,Apple,807,63,Male,17,2,0
10103,Laptops,HP,2611,28,Female,18,2,0
10104,Smartphones,Other Brands,1738,61,Male,16,4,1
10105,Headphones,Apple,550,24,Male,4,4,0
10106,Tablets,Samsung,619,41,Male,6,5,1
10107,Tablets,Apple,2904,67,Female,1,4,1
10108,Laptops,Sony,2730,49,Female,17,2,1
10109,Laptops,HP,1529,40,Male,18,5,1
10110,Smart Watches,Sony,1224,47,Female,11,1,1
10111,Headphones,Sony,950,69,Female,2,4,1
10112,Smart Watches,Sony,372,47,Female,18,5,1
10113,Tablets,Sony,809,43,Female,15,1,1
10114,Headphones,Other Brands,2410,37,Male,19,2,0
10115,Laptops,Sony,2160,20,Male,2,5,0
10116,Smart Watches,Sony,1176,21,Male,8,4,0
10117,Smartphones,HP,2342,36,Female,7,1,1
10118,Laptops,Other Brands,2923,62,Female,3,1,1
10119,Headphones,Samsung,776,35,Female,6,4,1
10120,Laptops,Samsung,1880,26,Male,18,3,0
10121,Tablets,Samsung,2328,39,Male,11,5,1
10122,Laptops,Apple,1051,23,Female,10,4,1
10123,Laptops,Sony,1202,66,Male,17,5,1
10124,Tablets,Other Brands,2533,50,Male,8,1,0
10125,Smartphones,Samsung,2061,47,Female,8,4,1
10126,Laptops,HP,1419,24,Male,10,5,0
10127,Tablets,HP,1699,42,Male,1,3,0
10128,Smartphones,Other Brands,2365,29,Male,19,5,0
10129,Tablets,Apple,2790,26,Female,11,5,1
10130,Tablets,Samsung,1720,36,Female,16,3,1
10131,Smart Watches,HP,1249,47,Male,13,2,0
10132,Laptops,Sony,1585,43,Female,8,4,1
10133,Smart Watches,Samsung,2051,23,Male,9,5,0
10134,Smartphones,Sony,1901,39,Female,14,1,1
10135,Smartphones,Samsung,1032,26,Male,2,2,0
10136,Smart Watches,Other Brands,430,56,Female,12,3,1
10137,Smart Watches,Samsung,1240,35,Female,9,4,1
10138,Tablets,HP,2252,38,Female,3,1,1
10139,Tablets,Apple,1655,67,Female,3,1,1
10140,Tablets,Sony,2122,19,Female,17,5,1
10141,Smartphones,Other Brands,1387,40,Female,13,3,1
10142,Tablets,Samsung,1269,47,Male,15,2,0
10143,Smartphones,Other Brands,941,69,Male,8,5,1
10144,Smartphones,Samsung,2121,58,Female,6,3,1
10145,Smart Watches,Other Brands,1798,65,Male,7,4,1
10146,Smartphones,Other Brands,711,41,Male,3,4,1
10147,Smart Watches,Samsung,1161,25,Male,10,4,0
10148,Laptops,Other Brands,2732,45,Male,11,4,1
10149,Smartphones,HP,1648,39,Female,5,2,1
10150,Tablets,Other Brands,1790,53,Female,2,2,1
10151,Headphones,HP,1057,67,Female,5,5,1
10152,Tablets,HP,1240,24,Female,7,1,0
10153,Headphones,Other Brands,1215,41,Female,10,4,1
10154,Smart Watches,HP,1580,25,Female,12,3,0
10155,Laptops,Samsung,1683,24,Female,10,3,0
10156,Laptops,Other Brands,2261,20,Male,5,2,0
10157,Laptops,Apple,1305,58,Male,16,4,1
10158,Laptops,HP,714,36,Male,11,4,1
10159,Headphones,Apple,1161,37,Female,10,4,1
10160,Laptops,Apple,2434,64,Male,11,4,1
10161,Tablets,Apple,1977,18,Male,13,2,0
10162,Headphones,Sony,2488,56,Male,9,2,0
10163,Smart Watches,Other Brands,1764,53,Male,5,1,0
10164,Smart Watches,Other Brands,368,66,Female,13,2,1
10165,Smart Watches,Other Brands,1954,38,Male,13,4,1
10166,Tablets,Samsung,1625,46,Female,4,4,1
10167,Tablets,Apple,2313,60,Female,4,3,1
10168,Smartphones,Apple,772,25,Female,18,3,0
10169,Smart Watches,Samsung,374,43,Female,6,2,1
10170,Smartphones,Apple,1838,27,Female,17,2,0
10171,Tablets,Sony,878,58,Female,15,3,1
10172,Smartphones,Samsung,1552,21,Male,16,3,0
10173,Tablets,Apple,2416,27,Female,10,5,1
10174,Tablets,HP,2014,67,Male,8,3,0
10175,Smartphones,Samsung,1876,62,Male,1,1,0
10176,Laptops,Apple,280,52,Male,14,5,1
10177,Smart Watches,Apple,2852,68,Female,12,3,1
10178,Laptops,Apple,2172,29,Male,9,4,0
10179,Tablets,Samsung,2337,68,Male,12,3,0
10180,Tablets,Samsung,2808,35,Male,9,2,0
10181,Headphones,Apple,1279,36,Male,13,3,0
10182,Tablets,Other Brands,172,62,Female,4,2,1
10183,Laptops,Other Brands,1612,23,Female,15,5,1
10184,Tablets,Apple,965,48,Female,7,5,1
10185,Smart Watches,Apple,1534,32,Male,11,5,1
10186,Laptops,Samsung,2890,40,Male,19,2,0
10187,Laptops,Sony,2067,25,Male,17,3,0
10188,Smart Watches,Sony,1629,42,Female,19,3,1
10189,Smartphones,Samsung,898,31,Male,8,4,1
10190,Smart Watches,HP,2102,24,Male,1,3,0
10191,Smart Watches,Other Brands,1181,63,Female,2,3,1
10192,Smartphones,Sony,872,65,Female,19,2,1
10193,Smart Watches,Other Brands,1458,18,Male,4,3,0
10194,Smartphones,Apple,2573,67,Male,9,3,0
10195,Laptops,Apple,666,58,Male,1,2,0
10196,Headphones,Other Brands,1814,38,Female,9,5,1
10197,Headphones,Apple,1833,32,Female,2,4,1
10198,Smart Watches,Other Brands,1835,53,Female,19,1,1
10199,Tablets,HP,2202,37,Male,7,3,0
10200,Tablets,Samsung,843,51,Male,2,2,0
10201,Laptops,Other Brands,2330,52,Male,1,4,1
10202,Smart Watches,Samsung,1458,27,Male,3,3,0
10203,Laptops,Samsung,954,19,Female,11,5,1
10204,Smartphones,Sony,1560,69,Female,13,2,1
10205,Smartphones,Other Brands,132,36,Female,2,4,1
10206,Headphones,Other Brands,1743,44,Male,7,5,1
10207,Headphones,Samsung,1600,47,Male,2,2,0
10208,Smartphones,Apple,2072,19,Male,8,5,0
10209,Tablets,Apple,781,54,Male,13,3,0
10210,Headphones,HP,207,21,Female,4,3,0
10211,Headphones,Sony,2180,51,Female,14,1,1
10212,Tablets,HP,2214,54,Male,17,1,0
10213,Smart Watches,Samsung,2314,50,Male,16,3,0
10214,Headphones,Samsung,389,50,Male,13,5,1
10215,Headphones,Apple,202,24,Female,12,1,0
10216,Smart Watches,Samsung,2259,52,Female,5,4,1
10217,Laptops,Other Brands,1748,47,Female,13,5,1
10218,Laptops,Samsung,288,43,Female,1,4,1
10219,Smart Watches,Apple,2453,56,Female,1,4,1
10220,Laptops,HP,685,22,Female,7,1,0
10221,Laptops,Apple,356,24,Female,5,2,0
10222,Smart Watches,HP,767,50,Female,11,4,1
10223,Tablets,Other Brands,1942,38,Female,1,5,1
10224,Tablets,Apple,787,68,Female,4,4,1
10225,Smart Watches,Apple,365,67,Female,19,5,1
10226,Laptops,HP,229,28,Male,12,3,0
10227,Smartphones,HP,540,21,Female,16,1,0
10228,Tablets,Other Brands,1668,33,Male,12,1,0
10229,Tablets,Samsung,2187,44,Male,6,2,0
10230,Smart Watches,HP,1002,67,Female,5,3,1
10231,Smart Watches,Apple,2197,27,Female,9,2,0
10232,Smart Watches,HP,2907,22,Female,17,2,0
10233,Smartphones,Other Brands,1002,65,Female,10,2,1
10234,Smartphones,HP,878,28,Female,3,5,1
10235,Headphones,Other Brands,214,44,Female,14,5,1
10236,Tablets,Apple,2209,47,Female,1,5,1
10237,Smart Watches,Samsung,1112,67,Female,13,4,1
10238,Smartphones,Other Brands,1030,41,Male,18,5,1
10239,Headphones,Other Brands,1386,34,Female,6,5,1
10240,Tablets,Sony,1539,24,Male,3,3,0
10241,Smartphones,Sony,1350,38,Male,6,2,0
10242,Laptops,HP,1854,56,Female,12,3,1
10243,Headphones,HP,1890,45,Female,5,5,1
10244,Headphones,Other Brands,1318,47,Male,14,3,0
10245,Smart Watches,HP,2349,54,Female,5,2,1
10246,Headphones,Samsung,1943,39,Male,16,2,0
10247,Laptops,Sony,323,51,Female,6,5,1
10248,Tablets,Sony,1066,33,Male,9,2,0
10249,Laptops,Samsung,137,53,Male,13,3,0
10250,Smart Watches,Other Brands,1666,35,Female,14,5,1
10251,Smartphones,HP,1065,26,Female,18,5,1
10252,Smart Watches,Samsung,793,24,Female,3,1,0
10253,Smartphones,HP,1106,68,Female,6,2,1
10254,Smart Watches,Other Brands,2156,23,Male,5,2,0
10255,Tablets,Other Brands,2388,30,Female,17,1,0
10256,Tablets,Samsung,1846,66,Female,13,4,1
10257,Smartphones,Sony,288,28,Male,3,1,0
10258,Smartphones,Other Brands,1902,29,Female,11,2,0
10259,Smart Watches,Sony,645,24,Female,17,4,1
10260,Headphones,Other Brands,1429,58,Male,3,5,1
10261,Smart Watches,HP,826,63,Male,7,5,1
10262,Smartphones,Samsung,491,64,Female,4,3,1
10263,Headphones,Apple,1102,66,Male,2,4,1
10264,Headphones,Apple,2152,30,Female,6,3,0
10265,Headphones,HP,2063,66,Male,6,3,0
10266,Tablets,HP,1606,59,Female,7,3,1
10267,Headphones,Apple,1263,48,Male,13,1,0
10268,Laptops,Other Brands,1155,20,Female,7,1,0
10269,Smartphones,Samsung,1170,54,Female,14,4,1
10270,Smartphones,Sony,2397,54,Male,12,2,0
10271,Headphones,Other Brands,952,36,Female,18,4,1
10272,Smartphones,Samsung,1637,29,Male,14,1,0
10273,Laptops,HP,641,20,Female,1,4,1
10274,Smartphones,Sony,1134,44,Female,16,1,1
10275,Headphones,Other Brands,2153,61,Female,1,4,1
10276,Laptops,Samsung,2404,19,Male,4,5,0
10277,Laptops,Sony,803,45,Male,17,4,1
10278,Smartphones,Samsung,2377,46,Female,19,2,1
10279,Headphones,Other Brands,1970,23,Female,12,4,1
10280,Tablets,Other Brands,803,36,Male,11,2,0
10281,Smart Watches,Apple,2858,66,Female,8,4,1
10282,Laptops,HP,709,46,Female,17,1,1
10283,Headphones,Other Brands,1636,61,Female,6,3,1
10284,Tablets,Sony,251,20,Male,15,3,0
10285,Smartphones,HP,2354,46,Male,12,5,1
10286,Tablets,Other Brands,371,30,Male,7,4,0
10287,Laptops,Sony,987,63,Male,2,4,1
10288,Smart Watches,HP,2710,33,Female,2,2,1
10289,Smartphones,Sony,579,55,Female,18,2,1
10290,Laptops,Other Brands,300,20,Male,15,1,0
10291,Laptops,Sony,323,41,Male,1,3,0
10292,Headphones,HP,2294,49,Female,16,4,1
10293,Headphones,Other Brands,214,40,Male,13,4,1
10294,Laptops,Sony,2289,19,Male,4,1,0
10295,Tablets,Samsung,1896,28,Female,18,1,0
10296,Headphones,Sony,332,63,Male,3,3,0
10297,Laptops,HP,2944,35,Male,6,4,1
10298,Laptops,Sony,2448,68,Male,8,2,0
10299,Laptops,Samsung,1494,53,Female,7,2,1
10300,Smartphones,Apple,385,66,Female,11,5,1
10301,Headphones,Samsung,2690,42,Female,7,5,1
10302,Tablets,Samsung,514,28,Male,7,4,0
10303,Headphones,Sony,1305,22,Female,7,2,0
10304,Smart Watches,Other Brands,2528,24,Male,5,2,0
10305,Headphones,Samsung,667,29,Female,17,1,0
10306,Tablets,Sony,2212,28,Male,1,4,0
10307,Tablets,HP,1025,48,Male,11,1,0
10308,Tablets,Samsung,1238,65,Female,13,4,1
10309,Smartphones,Other Brands,1280,69,Female,13,1,1
10310,Headphones,Sony,796,44,Female,7,2,1
10311,Smart Watches,HP,1368,50,Female,8,4,1
10312,Tablets,Apple,2576,42,Female,9,5,1
10313,Headphones,Apple,2606,63,Male,15,4,1
10314,Laptops,Samsung,1214,64,Female,10,4,1
10315,Tablets,Other Brands,366,20,Male,3,1,0
10316,Laptops,HP,1056,40,Female,13,1,1
10317,Smartphones,Samsung,182,18,Male,18,2,0
10318,Headphones,Other Brands,2492,47,Female,6,3,1
10319,Headphones,Apple,1821,67,Male,12,2,0
10320,Tablets,HP,786,28,Female,12,4,1
10321,Laptops,Sony,2721,35,Male,10,3,0
10322,Tablets,Sony,2392,32,Female,12,2,1
10323,Headphones,Other Brands,1127,32,Male,14,2,0
10324,Smartphones,Samsung,2407,61,Female,7,4,1
10325,Smart Watches,Other Brands,283,35,Female,1,4,1
10326,Headphones,Sony,2305,25,Female,12,2,0
10327,Tablets,Other Brands,941,68,Female,7,4,1
10328,Laptops,Sony,1784,60,Male,12,2,0
10329,Smartphones,Apple,1352,27,Female,6,2,0
10330,Smartphones,Sony,981,38,Female,2,2,1
10331,Headphones,Sony,2866,33,Male,17,4,1
10332,Smartphones,Other Brands,1124,29,Female,2,5,1
10333,Laptops,Apple,1124,53,Male,13,2,0
10334,Headphones,Samsung,2068,64,Female,1,1,1
10335,Laptops,Other Brands,1601,61,Male,7,5,1
10336,Smart Watches,Apple,2308,23,Male,9,4,0
10337,Headphones,Sony,840,43,Female,8,2,1
10338,Tablets,Samsung,2553,68,Female,9,1,1
10339,Smartphones,Sony,568,35,Female,9,1,1
10340,Smart Watches,Samsung,112,64,Female,12,5,1
10341,Smartphones,Sony,986,29,Male,7,1,0
10342,Headphones,Samsung,246,62,Male,5,4,1
10343,Tablets,Sony,1390,45,Male,7,4,1
10344,Tablets,Samsung,632,46,Female,11,5,1
10345,Headphones,Sony,2548,54,Male,2,1,0
10346,Headphones,HP,1398,62,Female,1,5,1
10347,Tablets,Samsung,1214,53,Male,19,1,0
10348,Headphones,Apple,2296,22,Female,10,4,1
10349,Smart Watches,Apple,2047,51,Female,3,2,1
10350,Laptops,Sony,659,54,Male,17,2,0
10351,Headphones,HP,1998,48,Female,3,1,1
10352,Headphones,Other Brands,1691,33,Male,18,3,0
10353,Smart Watches,Samsung,490,19,Female,14,2,0
10354,Headphones,Sony,2580,36,Male,11,2,0
10355,Smartphones,Samsung,1201,61,Male,10,5,1
10356,Tablets,Sony,2854,48,Female,14,5,1
10357,Headphones,Apple,1270,28,Male,11,1,0
10358,Smart Watches,Other Brands,2972,19,Male,10,5,0
10359,Smart Watches,HP,1735,43,Female,19,2,1
10360,Headphones,Samsung,924,69,Male,9,1,0
10361,Tablets,Sony,2934,26,Female,18,4,1
10362,Tablets,Other Brands,1770,61,Male,6,5,1
10363,Smartphones,Apple,2819,27,Male,10,4,0
10364,Laptops,Other Brands,1111,20,Male,8,2,0
10365,Headphones,Sony,1803,21,Female,4,2,0
10366,Smart Watches,Sony,1354,69,Male,6,4,1
10367,Smart Watches,HP,1330,31,Male,5,4,1
10368,Tablets,HP,2450,43,Female,13,4,1
10369,Laptops,HP,409,50,Male,12,4,1
10370,Smart Watches,Other Brands,806,59,Female,5,2,1
10371,Smart Watches,Samsung,292,35,Male,10,1,0
10372,Laptops,Apple,1120,54,Male,16,2,0
10373,Smart Watches,Sony,2558,34,Male,11,1,0
10374,Tablets,HP,1174,34,Female,4,5,1
10375,Smartphones,Other Brands,2935,60,Female,1,1,1
10376,Smartphones,Samsung,2662,34,Male,8,1,0
10377,Smart Watches,Other Brands,819,33,Female,15,3,1
10378,Laptops,HP,205,27,Male,19,4,0
10379,Tablets,Sony,2924,36,Male,4,4,1
10380,Headphones,HP,749,45,Female,2,1,1
10381,Laptops,Samsung,2882,69,Male,13,1,0
10382,Tablets,Other Brands,1493,41,Female,11,1,1
10383,Smartphones,Other Brands,1319,62,Male,6,5,1
10384,Laptops,Samsung,502,44,Male,13,5,1
10385,Laptops,Other Brands,2423,60,Male,1,1,0
10386,Tablets,Samsung,2231,38,Female,16,1,1
10387,Laptops,HP,2338,34,Female,10,3,1
10388,Tablets,Other Brands,1145,46,Male,17,1,0
10389,Headphones,Sony,904,45,Female,4,1,1
10390,Smartphones,Sony,2999,35,Male,5,3,0
10391,Smart Watches,Samsung,439,31,Male,15,1,0
10392,Laptops,HP,2011,56,Female,18,3,1
10393,Smart Watches,Samsung,259,50,Female,14,2,1
10394,Headphones,HP,1923,26,Male,6,3,0
10395,Smart Watches,Samsung,1269,63,Male,5,3,0
10396,Headphones,Sony,562,32,Female,4,4,1
10397,Smartphones,Other Brands,1532,68,Female,11,1,1
10398,Smartphones,Other Brands,686,23,Male,17,1,0
10399,Laptops,Samsung,2858,18,Female,6,4,1
10400,Smart Watches,Apple,844,69,Female,13,2,1
10401,Smartphones,Apple,421,18,Male,2,4,0
10402,Smart Watches,HP,2755,31,Male,19,4,1
10403,Smartphones,HP,1862,20,Female,4,3,0
10404,Smart Watches,Samsung,651,50,Female,8,4,1
10405,Headphones,HP,1436,27,Female,4,1,0
10406,Headphones,HP,830,50,Female,11,2,1
10407,Smart Watches,Sony,2113,42,Female,13,3,1
10408,Headphones,HP,679,63,Female,4,1,1
10409,Smartphones,Sony,2411,60,Male,18,2,0
10410,Headphones,Samsung,1084,38,Male,16,1,0
10411,Laptops,Samsung,2307,29,Male,1,1,0
10412,Smart Watches,HP,351,28,Female,9,3,0
10413,Smart Watches,HP,1772,62,Female,5,1,1
10414,Tablets,HP,478,38,Male,2,3,0
10415,Smart Watches,Sony,798,32,Male,9,5,1
10416,Headphones,Sony,1089,69,Male,18,2,0
10417,Headphones,Other Brands,250,24,Female,3,2,0
10418,Smart Watches,Samsung,645,29,Male,17,4,0
10419,Tablets,Apple,1752,44,Female,2,1,1
10420,Smart Watches,Apple,1078,54,Male,18,3,0
10421,Smart Watches,Samsung,604,37,Female,7,5,1
10422,Smartphones,Sony,2002,22,Male,8,3,0
10423,Smartphones,Other Brands,1098,19,Male,13,4,0
10424,Headphones,HP,300,21,Male,5,2,0
10425,Smart Watches,Sony,1805,28,Male,14,2,0
10426,Headphones,HP,1697,61,Female,15,2,1
10427,Smart Watches,Sony,297,19,Male,18,4,0
10428,Smart Watches,Other Brands,1283,36,Female,15,3,1
10429,Smart Watches,Samsung,424,35,Male,7,3,0
10430,Tablets,Samsung,1758,40,Female,18,2,1
10431,Smartphones,Sony,1454,23,Male,8,2,0
10432,Laptops,Other Brands,960,34,Female,4,2,1
10433,Laptops,Samsung,1436,57,Male,9,5,1
10434,Headphones,Apple,2287,34,Male,5,1,0
10435,Headphones,HP,123,36,Male,14,3,0
10436,Smartphones,Samsung,283,67,Female,3,4,1
10437,Tablets,Other Brands,2575,59,Female,15,1,1
10438,Headphones,Samsung,1172,24,Male,12,1,0
10439,Smart Watches,Apple,284,21,Male,15,1,0
10440,Smart Watches,Apple,1028,26,Female,14,1,0
10441,Smart Watches,Sony,2352,29,Female,3,2,0
10442,Smartphones,Other Brands,1117,24,Female,5,4,1
10443,Smartphones,Samsung,198,30,Male,19,2,0
10444,Tablets,Samsung,220,67,Male,3,4,1
10445,Smart Watches,Sony,1965,39,Female,1,1,1
10446,Smart Watches,Apple,1801,48,Female,17,2,1
10447,Smartphones,Other Brands,212,31,Male,9,4,1
10448,Tablets,Samsung,2266,57,Male,7,1,0
10449,Smartphones,Other Brands,621,30,Female,10,2,0
10450,Smart Watches,Samsung,123,57,Male,4,1,0
10451,Headphones,Apple,1711,45,Male,6,4,1
10452,Smartphones,Other Brands,2381,21,Female,7,4,1
10453,Smart Watches,Samsung,2547,61,Male,17,2,0
10454,Smart Watches,HP,1759,31,Female,17,1,1
10455,Smartphones,Sony,2530,21,Male,15,2,0
10456,Headphones,Other Brands,1964,30,Male,17,5,0
10457,Headphones,Sony,2803,28,Female,4,5,1
10458,Tablets,Samsung,237,31,Female,16,5,1
10459,Tablets,Apple,1140,18,Male,5,5,0
10460,Smart Watches,Other Brands,516,45,Female,7,5,1
10461,Smartphones,HP,1389,52,Male,8,5,1
10462,Headphones,Sony,712,62,Male,12,5,1
10463,Smartphones,Samsung,193,59,Female,17,5,1
10464,Headphones,Samsung,2236,51,Female,16,5,1
10465,Tablets,Samsung,2730,42,Female,14,3,1
10466,Headphones,Apple,2439,40,Female,17,2,1
10467,Tablets,Other Brands,2447,43,Female,6,3,1
10468,Smart Watches,HP,1588,30,Male,19,4,0
10469,Smartphones,HP,164,24,Female,1,2,0
10470,Smart Watches,Sony,2152,19,Male,6,2,0
10471,Smartphones,Sony,1651,39,Female,3,2,1
10472,Tablets,HP,2978,44,Male,9,4,1
10473,Smart Watches,Sony,526,35,Female,8,5,1
10474,Headphones,Other Brands,2884,23,Female,17,1,0
10475,Tablets,Apple,1235,23,Male,12,3,0
10476,Smart Watches,Other Brands,931,41,Female,15,4,1
10477,Smart Watches,HP,1303,69,Female,9,4,1
10478,Headphones,Other Brands,2011,68,Female,12,4,1
10479,Smart Watches,Apple,2149,50,Male,12,1,0
10480,Headphones,HP,2682,39,Male,3,1,0
10481,Laptops,Other Brands,2772,59,Male,18,3,0
10482,Laptops,Apple,395,37,Female,13,1,1
10483,Laptops,Sony,873,55,Female,14,5,1
10484,Laptops,Apple,593,64,Male,17,4,1
10485,Tablets,HP,2803,68,Male,4,3,0
10486,Smart Watches,Samsung,1436,44,Male,11,5,1
10487,Smartphones,Samsung,348,44,Male,11,5,1
10488,Smartphones,Other Brands,2674,68,Female,18,4,1
10489,Tablets,HP,2475,63,Female,4,4,1
10490,Headphones,Sony,139,41,Female,13,2,1
10491,Laptops,Sony,1791,47,Male,5,4,1
10492,Smart Watches,Other Brands,2177,39,Female,19,2,1
10493,Headphones,HP,2223,50,Female,5,4,1
10494,Smartphones,Sony,1745,59,Male,12,2,0
10495,Headphones,HP,2992,24,Male,14,1,0
10496,Smartphones,Samsung,2164,63,Female,19,5,1
10497,Tablets,Apple,400,37,Male,1,2,0
10498,Smartphones,HP,2664,25,Female,14,4,1
10499,Smart Watches,HP,155,51,Male,1,5,1
10500,Smart Watches,Apple,659,34,Female,15,5,1
10501,Tablets,Sony,2815,59,Female,3,4,1
10502,Laptops,Sony,142,37,Male,5,3,0
10503,Smart Watches,HP,901,68,Male,3,2,0
10504,Laptops,Apple,858,34,Male,6,3,0
10505,Laptops,Sony,1261,34,Female,18,4,1
10506,Smart Watches,Sony,2029,21,Female,18,4,1
10507,Smart Watches,Other Brands,2465,30,Male,16,2,0
10508,Laptops,Samsung,1542,68,Male,8,2,0
10509,Tablets,Samsung,526,26,Male,7,3,0
10510,Tablets,HP,383,31,Male,1,1,0
10511,Smartphones,Other Brands,1412,56,Male,17,5,1
10512,Laptops,HP,776,40,Male,14,4,1
10513,Tablets,Apple,643,38,Female,17,1,1
10514,Tablets,Sony,2137,54,Male,16,3,0
10515,Tablets,Other Brands,2812,54,Male,8,1,0
10516,Headphones,HP,1941,41,Female,19,3,1
10517,Smartphones,Apple,2315,40,Female,13,4,1
10518,Laptops,HP,2294,40,Female,13,2,1
10519,Laptops,Samsung,1353,39,Female,2,5,1
10520,Headphones,HP,1417,52,Male,9,2,0
10521,Smart Watches,Sony,1818,45,Male,5,4,1
10522,Laptops,Sony,1441,62,Female,11,3,1
10523,Headphones,Other Brands,661,68,Female,6,5,1
10524,Smart Watches,Samsung,753,51,Male,5,1,0
10525,Headphones,HP,2905,27,Male,12,4,0
10526,Headphones,Apple,516,33,Female,12,4,1
10527,Smartphones,Samsung,1878,69,Female,3,5,1
10528,Laptops,Sony,981,26,Female,14,4,1
10529,Laptops,Sony,1805,69,Female,2,4,1
10530,Smart Watches,Apple,1172,45,Female,11,2,1
10531,Smartphones,Other Brands,541,36,Female,18,4,1
10532,Laptops,Samsung,169,40,Female,7,1,1
10533,Headphones,Sony,2021,68,Male,17,1,0
10534,Laptops,HP,2648,36,Male,18,5,1
10535,Headphones,HP,1795,68,Female,11,3,1
10536,Laptops,Apple,2482,61,Female,16,4,1
10537,Headphones,Sony,1284,19,Male,17,1,0
10538,Laptops,Apple,1914,54,Male,6,5,1
10539,Smartphones,Other Brands,1561,69,Female,4,1,1
10540,Smartphones,Samsung,1601,68,Female,17,3,1
10541,Smartphones,Other Brands,154,63,Male,8,4,1
10542,Smart Watches,Sony,776,35,Female,4,4,1
10543,Smartphones,Other Brands,892,30,Female,10,1,0
10544,Headphones,Other Brands,224,65,Male,16,1,0
10545,Headphones,HP,1316,59,Male,14,2,0
10546,Tablets,Samsung,2507,22,Female,5,3,0
10547,Laptops,Sony,1279,68,Female,18,1,1
10548,Smartphones,Sony,1652,35,Male,9,3,0
10549,Laptops,Other Brands,276,30,Male,1,3,0
10550,Smartphones,Apple,1310,62,Male,15,2,0
10551,Headphones,Apple,2260,67,Male,15,2,0
10552,Laptops,Samsung,1048,46,Female,13,5,1
10553,Smart Watches,Sony,273,35,Male,10,2,0
10554,Headphones,HP,570,50,Female,14,1,1
10555,Headphones,Samsung,1006,21,Male,19,5,0
10556,Headphones,Apple,1808,26,Male,2,1,0
10557,Smart Watches,Apple,693,29,Female,3,1,0
10558,Smart Watches,HP,389,45,Female,17,4,1
10559,Laptops,Samsung,1244,25,Female,2,3,0
10560,Smart Watches,Apple,898,40,Female,11,3,1
10561,Smart Watches,HP,885,64,Male,8,2,0
10562,Tablets,Apple,2322,51,Male,18,3,0
10563,Tablets,Sony,2871,22,Male,4,4,0
10564,Headphones,Other Brands,968,31,Male,5,2,0
10565,Smart Watches,Samsung,2053,56,Female,2,5,1
10566,Laptops,HP,2765,32,Male,9,2,0
10567,Smartphones,Other Brands,693,37,Male,12,5,1
10568,Headphones,Sony,2756,18,Female,11,4,1
10569,Smart Watches,Sony,476,64,Female,19,3,1
10570,Smartphones,Samsung,1667,63,Female,5,5,1
10571,Tablets,Sony,709,47,Male,6,3,0
10572,Smartphones,HP,1020,63,Female,6,5,1
10573,Smart Watches,Other Brands,1986,21,Female,4,1,0
10574,Laptops,Other Brands,705,24,Female,3,1,0
10575,Smart Watches,Sony,2697,30,Female,2,1,0
10576,Smartphones,Sony,1554,54,Male,15,1,0
10577,Smart Watches,Apple,2711,48,Female,12,3,1
10578,Laptops,Apple,2671,51,Female,4,1,1
10579,Laptops,Samsung,1169,23,Male,8,5,0
10580,Smart Watches,Sony,669,18,Male,13,4,0
10581,Smart Watches,Other Brands,411,60,Female,14,3,1
10582,Tablets,Samsung,2623,23,Male,8,1,0
10583,Smartphones,Apple,2244,45,Male,19,2,0
10584,Smartphones,Sony,2359,25,Male,3,5,0
10585,Smart Watches,Samsung,1776,60,Female,16,3,1
10586,Headphones,Apple,1714,29,Female,2,4,1
10587,Headphones,Other Brands,237,51,Male,4,1,0
10588,Tablets,Other Brands,1723,22,Female,10,4,1
10589,Tablets,Apple,2962,34,Female,10,3,1
10590,Smartphones,Sony,301,51,Male,12,2,0
10591,Laptops,Other Brands,2179,48,Female,1,3,1
10592,Tablets,Samsung,2281,31,Female,17,4,1
10593,Tablets,Other Brands,122,36,Male,4,4,1
10594,Headphones,Apple,2967,61,Male,11,5,1
10595,Tablets,Apple,2449,46,Female,5,2,1
10596,Headphones,Samsung,235,51,Male,19,2,0
10597,Headphones,Other Brands,2093,55,Female,17,2,1
10598,Tablets,Other Brands,1139,44,Female,16,4,1
10599,Headphones,Sony,2236,66,Male,6,2,0
10600,Laptops,Other Brands,1853,20,Male,1,3,0
10601,Tablets,Other Brands,1186,64,Male,9,2,0
10602,Headphones,HP,786,45,Male,7,2,0
10603,Laptops,Apple,975,39,Female,6,1,1
10604,Headphones,HP,2680,26,Male,14,3,0
10605,Smartphones,Samsung,2106,59,Female,11,1,1
10606,Smartphones,HP,2597,36,Male,1,3,0
10607,Headphones,Apple,2274,33,Female,12,2,1
10608,Smartphones,Sony,2398,47,Female,6,5,1
10609,Headphones,Sony,1678,63,Female,4,3,1
10610,Smartphones,HP,2648,66,Female,13,4,1
10611,Headphones,HP,2613,69,Female,3,1,1
10612,Smart Watches,Samsung,2986,20,Male,17,5,0
10613,Smart Watches,HP,205,53,Male,12,2,0
10614,Tablets,Other Brands,107,61,Male,5,3,0
10615,Smartphones,Apple,783,34,Female,2,4,1
10616,Smartphones,HP,347,42,Female,11,2,1
10617,Tablets,Other Brands,1502,44,Female,19,5,1
10618,Tablets,HP,1209,50,Male,13,2,0
10619,Headphones,Sony,2218,61,Male,3,3,0
10620,Smartphones,HP,1789,43,Female,17,3,1
10621,Laptops,Samsung,715,57,Female,6,3,1
10622,Smartphones,Apple,850,32,Female,14,2,1
10623,Smart Watches,Sony,969,38,Male,5,1,0
10624,Tablets,Apple,1208,51,Male,12,5,1
10625,Smart Watches,Apple,550,32,Male,9,4,1
10626,Headphones,Samsung,1221,48,Male,3,2,0
10627,Smart Watches,HP,1125,22,Female,6,3,0
10628,Smartphones,HP,290,64,Female,9,1,1
10629,Laptops,Apple,2642,29,Male,5,5,0
10630,Laptops,Apple,120,32,Female,2,3,1
10631,Tablets,Apple,979,42,Male,11,1,0
10632,Smart Watches,HP,2375,33,Male,5,3,0
10633,Smartphones,Sony,798,35,Female,16,1,1
10634,Smart Watches,Apple,1122,44,Male,13,3,0
10635,Smart Watches,HP,145,42,Male,6,5,1
10636,Tablets,Samsung,2237,37,Male,9,2,0
10637,Smartphones,Sony,667,24,Male,10,2,0
10638,Laptops,Apple,1564,44,Male,14,3,0
10639,Smart Watches,HP,2422,18,Female,8,5,1
10640,Laptops,Samsung,461,21,Male,3,3,0
10641,Smartphones,Other Brands,1611,55,Female,15,5,1
10642,Laptops,Sony,981,43,Female,16,1,1
10643,Tablets,HP,1630,60,Male,17,5,1
10644,Headphones,Other Brands,1981,49,Female,8,1,1
10645,Tablets,Other Brands,1119,29,Female,6,2,0
10646,Smart Watches,Other Brands,2360,31,Male,2,3,0
10647,Tablets,Samsung,966,23,Female,17,3,0
10648,Headphones,Samsung,985,48,Female,15,4,1
10649,Smartphones,Sony,269,35,Male,18,4,1
10650,Laptops,Apple,2410,64,Male,10,3,0
10651,Smart Watches,Sony,897,30,Male,19,3,0
10652,Smart Watches,Apple,244,19,Male,5,5,0
10653,Smart Watches,Apple,1384,29,Female,5,3,0
10654,Headphones,Sony,347,48,Male,13,1,0
10655,Laptops,HP,1311,49,Female,5,3,1
10656,Smartphones,Samsung,981,41,Female,13,1,1
10657,Tablets,Sony,1870,62,Male,16,5,1
10658,Laptops,Apple,1223,20,Female,12,1,0
10659,Smartphones,Other Brands,2976,26,Female,5,1,0
10660,Laptops,HP,2232,30,Female,6,2,0
10661,Headphones,Sony,1912,19,Female,5,2,0
10662,Laptops,Apple,2580,69,Male,15,3,0
10663,Smartphones,HP,2279,22,Male,4,3,0
10664,Laptops,Samsung,2634,54,Female,13,3,1
10665,Headphones,Other Brands,625,41,Female,19,4,1
10666,Tablets,Other Brands,883,52,Female,14,3,1
10667,Laptops,Samsung,1271,63,Male,8,4,1
10668,Laptops,Samsung,1353,18,Female,4,4,1
10669,Headphones,Samsung,2673,35,Male,18,3,0
10670,Tablets,Samsung,233,32,Female,2,1,1
10671,Smartphones,Sony,1925,59,Female,18,3,1
10672,Headphones,Other Brands,1487,32,Female,7,1,1
10673,Smart Watches,Sony,1480,60,Female,13,1,1
10674,Headphones,Apple,1352,65,Male,9,5,1
10675,Tablets,Apple,1424,28,Male,7,2,0
10676,Smartphones,Samsung,475,40,Male,10,2,0
10677,Smartphones,Other Brands,1766,29,Male,10,1,0
10678,Headphones,Other Brands,2019,65,Female,17,2,1
10679,Laptops,Samsung,1878,60,Female,11,1,1
10680,Smart Watches,Sony,2219,28,Female,10,5,1
10681,Smart Watches,Apple,1339,64,Female,18,3,1
10682,Smartphones,Apple,2207,32,Male,2,4,1
10683,Smartphones,HP,2906,46,Male,4,4,1
10684,Smart Watches,Other Brands,156,26,Female,5,5,1
10685,Headphones,Other Brands,334,57,Female,13,5,1
10686,Headphones,HP,2329,40,Male,12,4,1
10687,Smartphones,Other Brands,1982,63,Female,8,3,1
10688,Laptops,Samsung,1724,57,Male,9,4,1
10689,Smart Watches,HP,2604,52,Female,12,3,1
10690,Tablets,Sony,2526,48,Female,3,3,1
10691,Smart Watches,Sony,1995,22,Female,15,2,0
10692,Laptops,Other Brands,2547,29,Male,4,3,0
10693,Tablets,Apple,1560,60,Male,5,2,0
10694,Smart Watches,Other Brands,239,61,Female,12,4,1
10695,Headphones,HP,1315,28,Male,19,3,0
10696,Headphones,Sony,2708,58,Female,1,3,1
10697,Laptops,Other Brands,1607,39,Female,6,3,1
10698,Tablets,Other Brands,2675,51,Male,11,5,1
10699,Laptops,Sony,2841,30,Male,13,4,0
10700,Smart Watches,Sony,642,57,Female,7,2,1
10701,Smart Watches,Samsung,545,18,Male,2,2,0
10702,Smart Watches,HP,2634,40,Male,6,1,0
10703,Tablets,Samsung,1053,39,Female,6,3,1
10704,Laptops,Apple,905,66,Female,18,3,1
10705,Laptops,Sony,2978,52,Male,6,2,0
10706,Smartphones,Sony,2841,36,Female,16,1,1
10707,Tablets,Other Brands,707,45,Female,15,4,1
10708,Smart Watches,HP,2143,58,Male,4,3,0
10709,Headphones,Sony,1153,27,Male,18,3,0
10710,Smartphones,Sony,1216,41,Female,15,1,1
10711,Smart Watches,Apple,1574,66,Female,13,1,1
10712,Headphones,Sony,2262,67,Female,2,1,1
10713,Headphones,HP,2996,47,Male,11,3,0
10714,Tablets,Samsung,414,52,Male,12,3,0
10715,Smartphones,Apple,1412,28,Male,16,2,0
10716,Smart Watches,Other Brands,1914,24,Male,9,4,0
10717,Tablets,Other Brands,1392,30,Male,8,2,0
10718,Laptops,Sony,901,55,Male,9,1,0
10719,Smart Watches,Other Brands,2718,68,Male,7,3,0
10720,Laptops,Other Brands,1504,55,Female,17,4,1
10721,Smartphones,Sony,1500,30,Female,12,2,0
10722,Headphones,Sony,1334,66,Female,16,2,1
10723,Headphones,Samsung,1164,20,Female,18,3,0
10724,Laptops,Samsung,1891,54,Male,16,2,0
10725,Headphones,HP,557,53,Female,18,5,1
10726,Smartphones,Apple,759,63,Male,16,5,1
10727,Smartphones,HP,321,21,Male,15,4,0
10728,Headphones,Apple,185,19,Female,15,1,0
10729,Smartphones,Other Brands,1591,31,Female,1,3,1
10730,Laptops,Other Brands,2390,34,Female,17,5,1
10731,Smart Watches,Sony,2190,20,Male,11,4,0
10732,Smart Watches,Other Brands,2243,41,Female,9,3,1
10733,Tablets,Sony,984,32,Male,9,3,0
10734,Smart Watches,HP,2853,24,Male,11,4,0
10735,Tablets,Sony,1585,53,Male,3,3,0
10736,Headphones,Other Brands,1922,53,Female,7,2,1
10737,Smartphones,Sony,1576,47,Male,19,2,0
10738,Tablets,Apple,1830,57,Male,17,2,0
10739,Smartphones,Other Brands,540,36,Male,17,5,1
10740,Smart Watches,Apple,2999,32,Female,5,3,1
10741,Laptops,Apple,1257,65,Female,12,5,1
10742,Smartphones,Samsung,2749,41,Female,13,2,1
10743,Headphones,HP,2521,45,Female,14,5,1
10744,Smartphones,HP,2645,66,Male,19,5,1
10745,Smartphones,Samsung,2760,50,Female,10,3,1
10746,Tablets,Other Brands,1127,62,Male,7,5,1
10747,Headphones,HP,2350,58,Male,16,1,0
10748,Headphones,Other Brands,1491,64,Female,3,2,1
10749,Headphones,Sony,2757,32,Male,10,5,1
10750,Tablets,Sony,914,28,Female,5,3,0
10751,Headphones,Apple,517,50,Female,6,3,1
10752,Tablets,Apple,2544,59,Male,16,4,1
10753,Tablets,Samsung,1641,24,Female,16,3,0
10754,Smart Watches,Samsung,573,60,Female,5,1,1
10755,Smartphones,HP,2940,51,Female,18,1,1
10756,Laptops,Samsung,1580,38,Male,16,4,1
10757,Tablets,Sony,1895,33,Male,15,1,0
10758,Tablets,Samsung,479,49,Male,2,2,0
10759,Smart Watches,Sony,2766,55,Male,8,2,0
10760,Smartphones,Apple,657,20,Female,5,4,1
10761,Laptops,Samsung,2345,29,Female,7,4,1
10762,Smart Watches,Apple,407,40,Male,7,5,1
10763,Smartphones,Samsung,2913,19,Female,11,3,0
10764,Smart Watches,HP,812,55,Female,6,5,1
10765,Tablets,HP,301,33,Male,15,4,1
10766,Smartphones,Apple,2949,65,Female,7,5,1
10767,Laptops,Other Brands,261,61,Female,9,3,1
10768,Smartphones,Apple,1531,31,Female,19,4,1
10769,Tablets,Apple,2450,31,Male,4,2,0
10770,Smart Watches,HP,2586,53,Female,19,4,1
10771,Tablets,Sony,155,39,Male,12,5,1
10772,Tablets,Apple,1097,41,Female,9,5,1
10773,Smartphones,Other Brands,2957,63,Female,10,2,1
10774,Laptops,Sony,673,65,Male,15,4,1
10775,Headphones,Apple,2753,45,Male,5,5,1
10776,Headphones,Samsung,621,61,Male,8,2,0
10777,Headphones,Other Brands,1381,22,Female,11,5,1
10778,Smartphones,Samsung,2377,20,Male,9,2,0
10779,Smart Watches,Other Brands,1040,69,Male,10,1,0
10780,Smart Watches,Other Brands,1085,45,Female,5,4,1
10781,Smartphones,Samsung,2707,28,Female,15,2,0
10782,Headphones,HP,2959,20,Male,1,3,0
10783,Tablets,Samsung,2205,28,Female,9,5,1
10784,Smartphones,Samsung,608,32,Male,1,5,1
10785,Tablets,Other Brands,2118,68,Female,16,5,1
10786,Headphones,Other Brands,1392,38,Male,7,5,1
10787,Laptops,Samsung,2759,26,Female,12,4,1
10788,Tablets,HP,746,49,Female,19,2,1
10789,Headphones,Apple,1291,64,Female,17,2,1
10790,Smart Watches,HP,2270,43,Male,10,5,1
10791,Laptops,HP,728,31,Male,15,3,0
10792,Smartphones,Other Brands,480,34,Male,18,4,1
10793,Smartphones,Samsung,1152,28,Male,13,2,0
10794,Smart Watches,Samsung,1419,37,Male,18,3,0
10795,Smart Watches,Samsung,2069,35,Female,3,1,1
10796,Tablets,Samsung,556,54,Male,2,2,0
10797,Laptops,Sony,627,24,Female,3,2,0
10798,Headphones,HP,1805,57,Female,19,5,1
10799,Laptops,Apple,1639,56,Female,9,2,1
10800,Headphones,Samsung,2796,32,Female,18,2,1
10801,Smartphones,Other Brands,1868,37,Male,3,5,1
10802,Tablets,Apple,1189,26,Male,8,5,0
10803,Smartphones,Apple,1580,66,Male,13,3,0
10804,Laptops,Sony,714,40,Female,4,2,1
10805,Smartphones,HP,1240,62,Male,7,5,1
10806,Smart Watches,Other Brands,1812,31,Male,12,3,0
10807,Smartphones,Sony,1717,37,Male,14,2,0
10808,Tablets,Samsung,1143,67,Male,13,1,0
10809,Laptops,Other Brands,2982,63,Female,19,5,1
10810,Tablets,Samsung,2956,19,Female,5,1,0
10811,Tablets,Samsung,2525,20,Male,7,2,0
10812,Headphones,Other Brands,2780,27,Male,16,2,0
10813,Laptops,Samsung,2122,69,Male,8,4,1
10814,Laptops,Sony,1439,46,Male,5,5,1
10815,Smartphones,Apple,1091,41,Female,8,3,1
10816,Smart Watches,Sony,697,54,Male,10,3,0
10817,Headphones,Other Brands,945,43,Female,6,5,1
10818,Smartphones,Sony,1303,55,Female,17,1,1
10819,Smart Watches,Other Brands,1443,54,Female,14,3,1
10820,Laptops,Other Brands,747,68,Male,14,1,0
10821,Headphones,Sony,1786,45,Male,8,4,1
10822,Laptops,Samsung,1868,46,Male,3,1,0
10823,Headphones,Other Brands,246,36,Male,14,1,0
10824,Smartphones,Apple,845,68,Female,6,2,1
10825,Smartphones,Other Brands,2505,38,Male,15,3,0
10826,Smart Watches,Apple,2916,27,Female,19,4,1
10827,Laptops,HP,1559,43,Female,6,5,1
10828,Tablets,Other Brands,2110,40,Female,2,2,1
10829,Laptops,Other Brands,333,59,Male,1,2,0
10830,Laptops,Samsung,1979,66,Female,7,2,1
10831,Smart Watches,Other Brands,2410,57,Female,6,2,1
10832,Tablets,Samsung,483,67,Female,7,1,1
10833,Smartphones,Apple,820,63,Female,19,4,1
10834,Smartphones,Other Brands,1142,53,Male,5,5,1
10835,Smart Watches,Sony,1269,56,Female,8,3,1
10836,Tablets,Apple,1507,39,Male,5,4,1
10837,Smartphones,Samsung,2955,24,Female,8,1,0
10838,Tablets,Samsung,2451,24,Female,14,5,1
10839,Tablets,Samsung,2998,28,Female,19,3,0
10840,Smart Watches,Apple,1386,22,Female,10,3,0
10841,Tablets,Other Brands,2607,27,Female,6,5,1
10842,Smartphones,HP,2610,22,Male,8,3,0
10843,Tablets,Samsung,2149,40,Male,13,5,1
10844,Laptops,Apple,2444,45,Female,5,1,1
10845,Laptops,Other Brands,2138,42,Male,1,2,0
10846,Tablets,Other Brands,2250,45,Female,9,4,1
10847,Headphones,HP,1197,46,Male,13,3,0
10848,Headphones,Sony,1041,45,Male,14,5,1
10849,Laptops,Other Brands,2965,24,Male,3,2,0
10850,Headphones,Other Brands,2120,26,Female,19,5,1
10851,Smart Watches,Apple,524,27,Female,18,5,1
10852,Headphones,Other Brands,349,38,Male,18,4,1
10853,Smart Watches,Other Brands,2796,60,Female,3,5,1
10854,Laptops,Other Brands,1873,60,Female,3,4,1
10855,Smartphones,HP,806,52,Female,13,1,1
10856,Smart Watches,Apple,2815,62,Male,17,4,1
10857,Smartphones,Apple,1285,30,Female,9,5,1
10858,Smartphones,Samsung,2137,46,Male,9,4,1
10859,Smart Watches,Apple,1037,31,Female,18,4,1
10860,Smart Watches,Sony,580,64,Female,2,2,1
10861,Laptops,HP,964,62,Male,12,5,1
10862,Smart Watches,Apple,435,56,Female,12,3,1
10863,Tablets,Samsung,910,67,Female,18,1,1
10864,Tablets,Apple,2341,19,Male,3,2,0
10865,Smart Watches,Apple,2640,46,Female,10,5,1
10866,Smartphones,Other Brands,978,20,Female,13,4,1
10867,Smart Watches,Apple,2203,52,Female,16,4,1
10868,Smart Watches,Apple,433,27,Female,1,4,1
10869,Headphones,Samsung,2971,32,Female,15,2,1
10870,Tablets,Samsung,2264,30,Male,9,5,0
10871,Smart Watches,Samsung,1777,35,Male,19,4,1
10872,Smartphones,HP,643,52,Male,7,3,0
10873,Laptops,Samsung,2855,67,Female,6,2,1
10874,Smartphones,HP,112,49,Female,3,4,1
10875,Headphones,Apple,2506,52,Female,9,5,1
10876,Headphones,Other Brands,2411,68,Male,18,4,1
10877,Tablets,HP,1997,37,Male,4,5,1
10878,Tablets,Samsung,759,59,Female,2,5,1
10879,Smart Watches,Sony,418,59,Male,17,2,0
10880,Headphones,Other Brands,1983,58,Female,8,3,1
10881,Smartphones,Sony,1896,18,Female,3,3,0
10882,Laptops,Sony,1519,29,Male,2,1,0
10883,Tablets,Sony,1380,56,Male,3,4,1
10884,Smartphones,Sony,554,31,Male,9,1,0
10885,Smart Watches,Apple,1881,39,Male,6,1,0
10886,Headphones,Other Brands,2287,67,Female,11,1,1
10887,Tablets,Other Brands,1911,30,Female,2,2,0
10888,Tablets,Apple,1744,23,Male,17,2,0
10889,Tablets,Sony,2689,21,Male,3,4,0
10890,Headphones,Sony,2531,64,Female,15,4,1
10891,Smart Watches,Sony,801,32,Female,13,4,1
10892,Tablets,HP,1136,67,Male,14,3,0
10893,Smartphones,Samsung,1445,65,Female,12,3,1
10894,Headphones,Other Brands,655,57,Female,14,4,1
10895,Smartphones,Apple,433,34,Male,14,1,0
10896,Smart Watches,Apple,1742,69,Male,7,5,1
10897,Tablets,Samsung,2017,52,Male,14,2,0
10898,Laptops,Other Brands,1844,19,Female,4,2,0
10899,Tablets,Other Brands,387,23,Male,15,1,0
10900,Tablets,Apple,1445,21,Female,8,1,0
10901,Smart Watches,Sony,2639,28,Female,19,1,0
10902,Smartphones,Apple,754,32,Female,11,4,1
10903,Smartphones,Apple,1107,33,Male,19,2,0
10904,Headphones,HP,1486,18,Female,10,4,1
10905,Tablets,Sony,1519,31,Female,5,2,1
10906,Laptops,Sony,684,23,Male,11,2,0
10907,Smartphones,Apple,1607,50,Female,5,4,1
10908,Smartphones,Sony,1202,53,Male,1,4,1
10909,Smart Watches,Sony,2304,61,Male,16,4,1
10910,Tablets,HP,501,47,Male,12,1,0
10911,Laptops,Sony,2452,40,Male,17,3,0
10912,Smart Watches,Samsung,2636,26,Female,15,2,0
10913,Laptops,Sony,751,39,Male,16,1,0
10914,Tablets,Other Brands,1407,32,Female,11,4,1
10915,Smart Watches,Samsung,2742,38,Female,6,1,1
10916,Tablets,Sony,106,50,Female,17,5,1
10917,Tablets,Samsung,1694,46,Male,2,3,0
10918,Tablets,Apple,2167,66,Male,16,3,0
10919,Smart Watches,Other Brands,2896,67,Male,11,1,0
10920,Tablets,Apple,1524,45,Male,5,5,1
10921,Smartphones,HP,2312,55,Male,7,5,1
10922,Tablets,Samsung,1097,34,Female,5,4,1
10923,Headphones,Samsung,1788,56,Male,4,1,0
10924,Smart Watches,HP,305,55,Male,12,1,0
10925,Tablets,Apple,2647,28,Female,19,4,1
10926,Tablets,Other Brands,2843,55,Male,14,4,1
10927,Laptops,Samsung,973,26,Female,15,2,0
10928,Smartphones,Samsung,281,26,Female,19,5,1
10929,Tablets,Apple,1392,42,Female,10,1,1
10930,Laptops,Samsung,2268,48,Female,11,3,1
10931,Smartphones,Sony,2742,50,Female,2,3,1
10932,Headphones,Samsung,628,18,Female,17,4,1
10933,Smartphones,HP,2415,22,Male,17,1,0
10934,Laptops,Sony,2907,22,Male,18,2,0
10935,Tablets,Other Brands,886,35,Male,8,2,0
10936,Smart Watches,HP,2440,69,Female,5,4,1
10937,Tablets,Other Brands,2381,54,Male,12,4,1
10938,Laptops,Sony,1147,55,Female,13,2,1
10939,Tablets,Sony,1283,48,Male,9,1,0
10940,Smart Watches,Samsung,1823,52,Male,9,3,0
10941,Headphones,Samsung,1411,47,Male,8,4,1
10942,Headphones,Samsung,1417,58,Male,4,5,1
10943,Headphones,Other Brands,2458,25,Male,5,2,0
10944,Smartphones,Sony,2209,67,Female,8,2,1
10945,Laptops,Samsung,2082,27,Male,19,5,0
10946,Tablets,Other Brands,158,45,Female,7,2,1
10947,Smart Watches,Other Brands,1863,34,Male,7,2,0
10948,Tablets,Samsung,2252,31,Female,14,1,1
10949,Tablets,Samsung,1221,50,Male,14,1,0
10950,Smart Watches,Apple,2980,69,Female,4,3,1
10951,Smartphones,Sony,1505,25,Female,12,5,1
10952,Headphones,HP,1309,62,Male,3,4,1
10953,Laptops,Sony,1334,29,Female,19,1,0
10954,Smartphones,HP,2014,69,Female,1,2,1
10955,Laptops,Other Brands,361,53,Male,9,3,0
10956,Smart Watches,Samsung,2382,36,Male,7,5,1
10957,Smart Watches,Other Brands,1050,28,Male,11,2,0
10958,Smartphones,HP,1312,67,Female,13,4,1
10959,Smart Watches,Other Brands,851,50,Female,17,2,1
10960,Tablets,Apple,2212,65,Male,12,1,0
10961,Headphones,Other Brands,2574,64,Female,2,3,1
10962,Smart Watches,Samsung,2334,56,Male,17,4,1
10963,Laptops,Samsung,1920,42,Female,16,2,1
10964,Smart Watches,Samsung,535,43,Male,15,4,1
10965,Headphones,Samsung,1693,19,Female,18,5,1
10966,Smart Watches,HP,2932,19,Female,14,3,0
10967,Smart Watches,HP,2275,67,Male,16,3,0
10968,Smartphones,HP,2722,36,Female,9,1,1
10969,Tablets,Other Brands,829,23,Male,4,1,0
10970,Smart Watches,Samsung,1003,54,Male,12,3,0
10971,Smart Watches,Apple,1790,31,Male,8,5,1
10972,Headphones,Apple,166,36,Female,8,5,1
10973,Tablets,HP,299,34,Male,16,3,0
10974,Smartphones,HP,2486,58,Male,18,4,1
10975,Smartphones,HP,1334,57,Female,5,3,1
10976,Tablets,Apple,2650,35,Male,9,5,1
10977,Tablets,Apple,2746,30,Male,18,2,0
10978,Tablets,Samsung,2652,50,Male,19,2,0
10979,Smartphones,Samsung,1601,18,Male,6,2,0
10980,Headphones,HP,2951,32,Male,10,4,1
10981,Tablets,Apple,1125,56,Female,16,4,1
10982,Tablets,HP,898,53,Female,19,5,1
10983,Laptops,Other Brands,1447,33,Female,5,5,1
10984,Smartphones,Sony,509,40,Female,8,2,1
10985,Smartphones,Sony,261,59,Female,11,2,1
10986,Laptops,Apple,208,45,Male,16,5,1
10987,Tablets,Samsung,1077,49,Male,12,4,1
10988,Laptops,Other Brands,2489,40,Female,4,3,1
10989,Smartphones,Sony,2225,28,Female,2,1,0
10990,Smartphones,Samsung,1909,61,Male,7,2,0
10991,Laptops,HP,1154,20,Male,7,2,0
10992,Smart Watches,Apple,1303,32,Female,2,4,1
10993,Headphones,Apple,1407,45,Female,5,3,1
10994,Smart Watches,Apple,741,44,Male,8,3,0
10995,Smart Watches,HP,546,54,Female,4,2,1
10996,Smartphones,HP,1666,25,Male,9,4,0
10997,Headphones,Samsung,974,20,Female,12,3,0
10998,Laptops,Samsung,350,60,Male,17,1,0
10999,Smart Watches,Other Brands,2664,30,Female,13,4,1
11000,Headphones,Other Brands,1114,49,Female,3,2,1
11001,Smart Watches,Other Brands,271,66,Male,15,5,1
11002,Tablets,Apple,443,64,Female,17,4,1
11003,Headphones,Apple,1056,41,Male,17,5,1
11004,Smartphones,Sony,2504,62,Female,13,1,1
11005,Tablets,Other Brands,1908,27,Female,12,2,0
11006,Laptops,Samsung,2624,54,Male,18,1,0
11007,Smartphones,Other Brands,235,66,Female,4,5,1
11008,Laptops,Apple,1256,46,Male,11,3,0
11009,Tablets,Other Brands,1913,68,Male,6,2,0
11010,Headphones,Samsung,434,60,Female,17,1,1
11011,Laptops,Samsung,964,31,Female,4,2,1
11012,Smartphones,Other Brands,991,46,Female,9,5,1
11013,Laptops,HP,706,65,Male,14,5,1
11014,Smartphones,HP,138,32,Female,8,3,1
11015,Headphones,HP,719,33,Male,1,3,0
11016,Tablets,Sony,2892,30,Male,10,2,0
11017,Smartphones,HP,1371,50,Male,8,3,0
11018,Tablets,HP,2625,30,Male,8,2,0
11019,Tablets,Sony,1818,66,Male,10,5,1
11020,Headphones,HP,406,23,Male,15,1,0
11021,Tablets,Apple,1360,40,Male,4,4,1
11022,Headphones,Apple,2271,44,Female,14,2,1
11023,Smartphones,Samsung,1587,66,Female,11,2,1
11024,Smartphones,HP,2473,23,Female,8,3,0
11025,Laptops,Samsung,2141,21,Male,1,4,0
11026,Tablets,Sony,236,42,Male,10,1,0
11027,Smart Watches,Sony,715,69,Female,16,5,1
11028,Headphones,Apple,2968,19,Female,3,3,0
11029,Tablets,Samsung,1945,57,Female,1,2,1
11030,Smart Watches,Apple,342,35,Male,2,4,1
11031,Smartphones,Apple,2641,60,Male,12,5,1
11032,Headphones,HP,735,46,Male,19,3,0
11033,Smartphones,Other Brands,884,58,Male,9,1,0
11034,Smart Watches,Samsung,2891,57,Female,18,4,1
11035,Laptops,Sony,2147,50,Male,12,4,1
11036,Smart Watches,Apple,654,29,Female,16,2,0
11037,Headphones,Other Brands,1261,62,Male,12,3,0
11038,Laptops,Samsung,2891,47,Male,2,5,1
11039,Smartphones,Sony,1525,35,Male,16,1,0
11040,Tablets,Apple,1418,40,Female,1,5,1
11041,Laptops,Samsung,2782,42,Male,19,4,1
11042,Smartphones,Other Brands,1167,41,Female,18,3,1
11043,Headphones,Apple,2823,22,Male,14,4,0
11044,Tablets,Apple,2953,26,Female,14,4,1
11045,Smartphones,Other Brands,1453,56,Male,1,1,0
11046,Smartphones,Other Brands,519,66,Male,18,2,0
11047,Smartphones,Samsung,1476,48,Female,6,4,1
11048,Smartphones,Apple,2565,35,Male,7,1,0
11049,Smart Watches,Samsung,990,31,Male,12,1,0
11050,Smartphones,Other Brands,258,35,Female,16,1,1
11051,Laptops,Other Brands,2943,64,Female,14,5,1
11052,Laptops,Samsung,759,33,Male,14,4,1
11053,Headphones,Apple,104,48,Female,6,1,1
11054,Smart Watches,Apple,1578,41,Male,18,3,0
11055,Headphones,Apple,135,43,Female,4,4,1
11056,Tablets,HP,336,69,Male,12,2,0
11057,Smartphones,Apple,937,33,Female,4,5,1
11058,Smartphones,Other Brands,2326,50,Female,5,4,1
11059,Laptops,HP,1030,58,Female,16,2,1
11060,Smartphones,Apple,778,50,Female,8,3,1
11061,Smartphones,Other Brands,1309,42,Female,3,2,1
11062,Tablets,HP,2289,27,Female,12,1,0
11063,Laptops,HP,615,21,Male,15,1,0
11064,Laptops,HP,989,19,Female,15,5,1
11065,Headphones,HP,2141,61,Female,15,1,1
11066,Laptops,HP,2611,51,Male,1,5,1
11067,Tablets,Other Brands,2985,45,Female,2,1,1
11068,Tablets,Other Brands,710,54,Male,8,4,1
11069,Headphones,Apple,826,65,Female,17,4,1
11070,Laptops,Sony,2443,65,Male,6,5,1
11071,Smart Watches,Sony,2608,61,Male,19,3,0
11072,Headphones,Apple,1736,43,Female,13,5,1
11073,Headphones,HP,2458,37,Female,18,3,1
11074,Tablets,Sony,1429,43,Female,16,2,1
11075,Laptops,Apple,1081,53,Female,3,2,1
11076,Smartphones,HP,448,47,Female,18,4,1
11077,Smart Watches,Samsung,2778,26,Female,7,3,0
11078,Tablets,Sony,442,21,Male,3,2,0
11079,Smartphones,Other Brands,2417,30,Male,8,1,0
11080,Laptops,Other Brands,2096,33,Male,10,2,0
11081,Headphones,Samsung,378,37,Male,2,5,1
11082,Headphones,Other Brands,319,46,Female,10,3,1
11083,Smartphones,Other Brands,2023,47,Male,18,3,0
11084,Tablets,HP,667,68,Female,8,4,1
11085,Smart Watches,Sony,2408,51,Male,3,1,0
11086,Smart Watches,Apple,1532,50,Male,9,1,0
11087,Smartphones,Sony,1458,19,Female,18,3,0
11088,Smart Watches,Sony,643,19,Female,3,4,1
11089,Smart Watches,Other Brands,1289,37,Male,18,4,1
11090,Smartphones,HP,1749,54,Male,8,3,0
11091,Smart Watches,Apple,469,58,Female,10,4,1
11092,Smartphones,Samsung,2237,24,Male,11,3,0
11093,Tablets,HP,474,54,Female,12,3,1
11094,Headphones,Apple,2541,41,Male,14,1,0
11095,Smart Watches,Sony,2402,52,Male,10,1,0
11096,Tablets,Apple,2675,36,Male,10,2,0
11097,Smart Watches,HP,154,47,Female,15,1,1
11098,Headphones,Apple,1941,52,Female,11,3,1
11099,Laptops,Sony,2375,28,Male,14,5,0
11100,Laptops,HP,1171,54,Female,19,2,1
11101,Smart Watches,HP,2906,24,Female,2,3,0
11102,Smartphones,HP,287,20,Male,2,3,0
11103,Tablets,HP,1698,56,Male,13,2,0
11104,Smart Watches,Sony,2645,45,Female,10,1,1
11105,Smart Watches,Apple,952,41,Female,2,3,1
11106,Smart Watches,Sony,1373,53,Male,6,4,1
11107,Laptops,Apple,2904,48,Male,6,4,1
11108,Tablets,Apple,2047,37,Male,18,2,0
11109,Laptops,Other Brands,2136,51,Male,3,1,0
11110,Headphones,HP,1053,35,Female,18,3,1
11111,Smartphones,Apple,1986,38,Male,15,5,1
11112,Smart Watches,HP,1778,61,Female,13,4,1
11113,Headphones,Apple,767,40,Female,5,1,1
11114,Laptops,Apple,767,27,Female,7,2,0
11115,Smartphones,HP,539,41,Female,18,1,1
11116,Headphones,Samsung,2986,28,Female,8,3,0
11117,Smart Watches,Sony,318,22,Female,5,3,0
11118,Smart Watches,Apple,2641,60,Female,13,4,1
11119,Smart Watches,Samsung,1165,64,Male,10,4,1
11120,Smart Watches,Other Brands,776,46,Male,12,3,0
11121,Tablets,Apple,331,20,Male,7,3,0
11122,Smart Watches,Sony,2002,61,Female,1,3,1
11123,Smartphones,HP,1209,55,Male,12,2,0
11124,Smart Watches,Samsung,1902,48,Male,11,2,0
11125,Smartphones,HP,405,37,Male,9,5,1
11126,Laptops,Samsung,1009,18,Female,17,5,1
11127,Laptops,HP,934,42,Male,18,1,0
11128,Tablets,Samsung,2434,23,Male,2,5,0
11129,Headphones,Other Brands,900,67,Female,12,2,1
11130,Laptops,Apple,1994,36,Male,8,3,0
11131,Headphones,Other Brands,496,44,Male,6,2,0
11132,Headphones,Samsung,1864,46,Female,11,4,1
11133,Smart Watches,Apple,2973,27,Female,1,3,0
11134,Smart Watches,Sony,1131,44,Male,15,5,1
11135,Headphones,Other Brands,464,45,Male,10,3,0
11136,Headphones,Samsung,2309,33,Male,8,4,1
11137,Laptops,HP,2405,37,Male,19,3,0
11138,Laptops,HP,1092,58,Male,7,5,1
11139,Headphones,Other Brands,2366,24,Female,13,2,0
11140,Tablets,Sony,384,20,Male,5,2,0
11141,Tablets,Apple,535,57,Female,14,4,1
11142,Tablets,HP,1853,42,Female,1,4,1
11143,Smartphones,Other Brands,2896,29,Female,15,3,0
11144,Headphones,Apple,393,61,Female,12,5,1
11145,Laptops,Other Brands,650,44,Male,5,2,0
11146,Headphones,Apple,1055,28,Male,3,5,0
11147,Headphones,Other Brands,2829,49,Male,11,3,0
11148,Smartphones,Other Brands,282,31,Male,15,5,1
11149,Headphones,Apple,597,48,Female,6,2,1
11150,Smartphones,Samsung,433,35,Male,6,1,0
11151,Headphones,HP,928,43,Female,1,5,1
11152,Smartphones,HP,2961,59,Male,14,3,0
11153,Tablets,Samsung,1552,47,Female,14,3,1
11154,Smartphones,Sony,2389,65,Male,2,1,0
11155,Smart Watches,HP,1047,50,Male,14,2,0
11156,Tablets,Apple,1785,58,Male,14,4,1
11157,Smart Watches,HP,2128,66,Male,7,2,0
11158,Laptops,Samsung,2798,36,Male,19,4,1
11159,Smartphones,Sony,1963,59,Male,7,3,0
11160,Headphones,Sony,123,35,Male,9,2,0
11161,Tablets,Apple,1969,65,Male,12,3,0
11162,Smart Watches,Samsung,548,69,Female,19,2,1
11163,Laptops,HP,1617,41,Female,2,4,1
11164,Smart Watches,Sony,1312,65,Male,17,5,1
11165,Smart Watches,Other Brands,765,54,Female,13,4,1
11166,Tablets,HP,2008,66,Male,19,2,0
11167,Smart Watches,Other Brands,719,63,Male,1,5,1
11168,Laptops,Other Brands,516,53,Female,13,3,1
11169,Smartphones,HP,2962,58,Male,2,3,0
11170,Tablets,Apple,1292,66,Male,16,3,0
11171,Headphones,Apple,604,66,Female,8,4,1
11172,Headphones,Samsung,2576,28,Female,8,4,1
11173,Smart Watches,HP,1288,45,Female,15,2,1
11174,Laptops,Samsung,106,66,Male,15,3,0
11175,Smart Watches,Other Brands,2044,45,Female,5,5,1
11176,Smartphones,Apple,627,64,Female,1,1,1
11177,Smartphones,Samsung,2062,46,Female,14,3,1
11178,Smartphones,Sony,1587,62,Female,7,4,1
11179,Tablets,Sony,2744,36,Female,15,5,1
11180,Headphones,Samsung,2609,31,Male,11,2,0
11181,Headphones,Other Brands,2932,66,Male,19,3,0
11182,Smartphones,Apple,1471,58,Female,10,1,1
11183,Laptops,Sony,732,31,Male,7,2,0
11184,Tablets,Apple,1179,57,Female,13,4,1
11185,Laptops,Sony,1353,42,Male,13,1,0
11186,Laptops,HP,809,25,Female,10,5,1
11187,Headphones,Apple,1446,53,Male,10,1,0
11188,Smart Watches,Apple,2262,65,Female,19,2,1
11189,Laptops,Sony,2582,29,Female,15,1,0
11190,Headphones,Samsung,327,37,Male,14,3,0
11191,Laptops,Other Brands,1269,24,Male,14,1,0
11192,Headphones,Samsung,118,65,Male,19,2,0
11193,Smartphones,Other Brands,834,45,Male,7,5,1
11194,Tablets,Sony,2500,37,Male,3,4,1
11195,Headphones,Other Brands,552,40,Female,3,3,1
11196,Headphones,Samsung,956,58,Female,6,2,1
11197,Headphones,HP,2962,44,Female,18,1,1
11198,Smart Watches,Other Brands,322,56,Female,19,5,1
11199,Headphones,HP,207,66,Male,18,1,0
11200,Smart Watches,Apple,2191,45,Male,7,3,0
11201,Headphones,Sony,189,24,Female,9,3,0
11202,Smartphones,Samsung,2837,44,Female,2,3,1
11203,Smartphones,HP,1123,50,Female,17,3,1
11204,Headphones,HP,2615,67,Female,17,2,1
11205,Tablets,Apple,1679,21,Male,13,4,0
11206,Smart Watches,Sony,445,55,Male,4,3,0
11207,Headphones,Sony,1170,22,Male,16,4,0
11208,Smartphones,Sony,1824,58,Male,10,2,0
11209,Smart Watches,Samsung,1615,36,Male,3,4,1
11210,Smart Watches,Samsung,720,47,Female,9,3,1
11211,Smart Watches,Samsung,1308,56,Female,4,2,1
11212,Smartphones,HP,1018,34,Female,16,1,1
11213,Smart Watches,Other Brands,2674,67,Male,8,2,0
11214,Smartphones,Samsung,867,35,Female,7,2,1
11215,Smart Watches,Samsung,1830,53,Female,14,3,1
11216,Headphones,Sony,200,55,Female,7,2,1
11217,Laptops,Other Brands,373,58,Female,19,5,1
11218,Laptops,Other Brands,1834,59,Female,3,1,1
11219,Headphones,Apple,2159,57,Male,6,1,0
11220,Laptops,Apple,2349,35,Male,14,5,1
11221,Tablets,HP,576,41,Male,3,4,1
11222,Smartphones,Apple,1768,28,Female,11,4,1
11223,Tablets,Apple,470,58,Male,13,3,0
11224,Headphones,HP,2001,62,Male,8,3,0
11225,Tablets,Apple,1185,51,Male,19,2,0
11226,Smartphones,Samsung,2553,42,Female,1,2,1
11227,Smartphones,HP,2345,30,Male,12,2,0
11228,Smartphones,HP,696,37,Female,15,1,1
11229,Laptops,Other Brands,2685,35,Male,3,2,0
11230,Laptops,Samsung,2609,32,Male,2,5,1
11231,Headphones,Other Brands,1347,33,Male,1,4,1
11232,Headphones,Apple,1753,52,Male,19,4,1
11233,Laptops,Sony,134,67,Female,1,4,1
11234,Headphones,Other Brands,385,57,Female,12,3,1
11235,Headphones,Sony,1436,34,Male,18,2,0
11236,Headphones,Samsung,1203,33,Male,19,4,1
11237,Tablets,Samsung,285,24,Female,3,2,0
11238,Smart Watches,HP,2105,61,Male,16,3,0
11239,Laptops,HP,1994,56,Male,9,1,0
11240,Tablets,HP,1996,29,Male,4,3,0
11241,Smartphones,Sony,1380,33,Male,18,3,0
11242,Smart Watches,HP,2941,24,Female,17,1,0
11243,Smartphones,Samsung,2944,26,Female,13,3,0
11244,Tablets,Apple,2873,28,Female,10,4,1
11245,Smartphones,Apple,2109,53,Male,17,2,0
11246,Smartphones,Sony,784,21,Female,15,5,1
11247,Headphones,Other Brands,2085,52,Female,4,5,1
11248,Laptops,Other Brands,1163,24,Male,19,3,0
11249,Smart Watches,Apple,137,28,Female,17,3,0
11250,Headphones,Apple,2308,24,Male,17,3,0
11251,Smart Watches,HP,1274,30,Female,11,1,0
11252,Headphones,Other Brands,2077,32,Female,11,3,1
11253,Smart Watches,Other Brands,1243,69,Male,8,5,1
11254,Laptops,Samsung,132,38,Male,10,5,1
11255,Laptops,HP,2504,36,Female,1,1,1
11256,Smartphones,HP,1211,58,Female,8,1,1
11257,Headphones,Sony,2160,64,Female,6,4,1
11258,Laptops,Samsung,2584,43,Female,5,2,1
11259,Smartphones,Samsung,454,40,Female,7,3,1
11260,Headphones,Sony,2006,53,Male,12,2,0
11261,Headphones,Samsung,1697,23,Female,19,5,1
11262,Headphones,Samsung,754,22,Male,13,2,0
11263,Smartphones,HP,1778,38,Female,13,5,1
11264,Smartphones,HP,613,40,Female,12,2,1
11265,Tablets,Apple,2468,62,Female,5,3,1
11266,Smart Watches,Apple,2563,37,Female,9,4,1
11267,Headphones,Other Brands,595,39,Male,2,3,0
11268,Tablets,Apple,2207,20,Male,19,2,0
11269,Headphones,Samsung,2396,49,Female,5,2,1
11270,Smart Watches,Apple,2727,37,Female,11,4,1
11271,Smart Watches,Other Brands,1340,68,Female,2,4,1
11272,Headphones,Apple,2896,24,Male,2,4,0
11273,Smart Watches,Apple,924,40,Male,10,5,1
11274,Smartphones,Sony,1301,32,Female,8,2,1
11275,Tablets,Other Brands,1065,56,Female,8,1,1
11276,Smartphones,Apple,2062,34,Male,2,3,0
11277,Laptops,HP,2816,21,Male,2,2,0
11278,Tablets,HP,530,34,Female,12,5,1
11279,Smartphones,Samsung,2202,23,Female,9,1,0
11280,Tablets,Sony,2437,60,Male,12,5,1
11281,Smartphones,Sony,2041,46,Female,9,5,1
11282,Headphones,HP,1869,60,Male,18,1,0
11283,Headphones,Apple,2680,58,Female,15,4,1
11284,Laptops,Sony,2455,39,Female,3,1,1
11285,Headphones,Other Brands,2343,61,Female,1,1,1
11286,Smartphones,HP,1462,51,Female,17,3,1
11287,Tablets,Other Brands,2555,22,Female,2,2,0
11288,Smartphones,Apple,1054,37,Female,1,1,1
11289,Smartphones,Sony,1693,26,Female,14,4,1
11290,Smartphones,Other Brands,722,23,Male,9,3,0
11291,Laptops,HP,1174,31,Male,4,4,1
11292,Smartphones,Other Brands,2770,34,Male,2,5,1
11293,Tablets,Samsung,1361,68,Female,16,5,1
11294,Tablets,HP,644,64,Male,17,5,1
11295,Smart Watches,Samsung,592,26,Female,3,2,0
11296,Smart Watches,Other Brands,2614,24,Female,18,2,0
11297,Headphones,Apple,1531,59,Female,8,3,1
11298,Headphones,Other Brands,1697,29,Male,9,2,0
11299,Smart Watches,Other Brands,1742,59,Male,10,1,0
11300,Laptops,Samsung,2953,66,Female,11,2,1
11301,Laptops,Sony,2027,37,Female,2,4,1
11302,Smart Watches,Other Brands,2184,49,Male,9,3,0
11303,Smartphones,HP,2500,63,Male,19,1,0
11304,Laptops,Sony,2921,45,Male,7,2,0
11305,Tablets,Samsung,1860,39,Female,3,5,1
11306,Smart Watches,Sony,2673,47,Male,8,2,0
11307,Laptops,Apple,1047,66,Male,16,5,1
11308,Tablets,Apple,364,50,Male,6,1,0
11309,Laptops,Other Brands,1452,49,Male,4,2,0
11310,Smart Watches,Sony,1338,50,Female,18,3,1
11311,Headphones,Sony,273,21,Female,12,2,0
11312,Smart Watches,Samsung,2336,43,Female,10,3,1
11313,Smartphones,HP,2272,39,Female,17,1,1
11314,Smartphones,Sony,517,57,Male,7,5,1
11315,Tablets,Apple,1220,52,Female,4,4,1
11316,Headphones,Samsung,1004,41,Male,5,2,0
11317,Tablets,Apple,286,57,Female,2,4,1
11318,Laptops,Samsung,2662,22,Male,8,5,0
11319,Headphones,Apple,388,57,Male,7,5,1
11320,Headphones,Other Brands,489,43,Male,15,2,0
11321,Smart Watches,Other Brands,761,64,Male,12,2,0
11322,Headphones,Samsung,2557,44,Male,18,3,0
11323,Smartphones,Other Brands,886,60,Male,16,3,0
11324,Tablets,Apple,1483,23,Female,14,1,0
11325,Tablets,Other Brands,2683,39,Male,8,5,1
11326,Laptops,HP,2197,30,Female,4,5,1
11327,Headphones,HP,1080,66,Female,17,4,1
11328,Smart Watches,Sony,917,38,Male,4,1,0
11329,Headphones,Apple,2735,43,Female,3,3,1
11330,Laptops,Sony,2750,67,Male,7,1,0
11331,Smart Watches,Other Brands,2758,32,Male,10,1,0
11332,Smartphones,Samsung,2018,57,Male,7,3,0
11333,Headphones,HP,2468,57,Male,14,3,0
11334,Laptops,Sony,1820,31,Male,8,4,1
11335,Tablets,HP,1665,68,Female,9,2,1
11336,Laptops,Apple,684,18,Female,3,1,0
11337,Laptops,Samsung,1881,54,Female,16,1,1
11338,Headphones,Apple,1817,39,Male,9,3,0
11339,Smart Watches,Samsung,2505,31,Female,9,4,1
11340,Headphones,Samsung,975,59,Female,9,1,1
11341,Headphones,Samsung,1567,46,Female,18,3,1
11342,Tablets,Sony,978,31,Female,3,5,1
11343,Smart Watches,Other Brands,204,20,Male,14,4,0
11344,Laptops,Samsung,1804,26,Male,2,5,0
11345,Smartphones,HP,295,36,Male,4,2,0
11346,Tablets,HP,301,61,Female,9,4,1
11347,Smart Watches,Other Brands,166,40,Female,12,5,1
11348,Laptops,Apple,2687,69,Female,13,5,1
11349,Headphones,Other Brands,2636,38,Male,11,2,0
11350,Smart Watches,Apple,341,68,Male,12,3,0
11351,Headphones,Samsung,1000,31,Male,8,1,0
11352,Tablets,Samsung,865,33,Female,8,5,1
11353,Headphones,Samsung,1117,28,Female,14,4,1
11354,Headphones,Apple,2754,35,Female,18,5,1
11355,Tablets,Other Brands,2350,22,Female,2,5,1
11356,Headphones,HP,2152,35,Male,9,5,1
11357,Headphones,Samsung,897,64,Female,15,3,1
11358,Laptops,Apple,545,68,Male,9,1,0
11359,Tablets,HP,340,64,Male,14,1,0
11360,Tablets,HP,1453,31,Female,16,2,1
11361,Headphones,Other Brands,213,26,Female,15,4,1
11362,Smart Watches,Apple,343,27,Female,12,3,0
11363,Laptops,Sony,146,43,Female,4,2,1
11364,Laptops,HP,490,31,Female,15,1,1
11365,Smartphones,Samsung,690,59,Male,1,5,1
11366,Laptops,Samsung,2689,18,Female,16,3,0
11367,Laptops,Sony,1861,50,Female,4,5,1
11368,Laptops,Apple,1003,45,Female,19,1,1
11369,Tablets,HP,1828,35,Female,18,2,1
11370,Smart Watches,HP,2821,41,Female,4,5,1
11371,Tablets,HP,2871,60,Female,11,3,1
11372,Smart Watches,HP,675,40,Female,2,5,1
11373,Laptops,Apple,454,54,Female,7,2,1
11374,Headphones,HP,1173,67,Female,13,4,1
11375,Laptops,Sony,2552,42,Male,8,1,0
11376,Smart Watches,Samsung,2408,35,Male,14,3,0
11377,Laptops,Apple,235,55,Female,8,5,1
11378,Headphones,Other Brands,2159,52,Male,1,1,0
11379,Tablets,Sony,1479,31,Female,1,4,1
11380,Smartphones,Apple,1685,49,Female,3,4,1
11381,Tablets,HP,367,63,Female,6,4,1
11382,Tablets,Apple,2614,65,Female,18,4,1
11383,Smartphones,Samsung,2756,40,Female,18,2,1
11384,Laptops,HP,1179,58,Female,13,5,1
11385,Laptops,HP,2591,66,Male,16,2,0
11386,Laptops,Apple,270,47,Male,8,4,1
11387,Smart Watches,Apple,2015,23,Female,7,4,1
11388,Smart Watches,Sony,499,53,Male,9,5,1
11389,Headphones,Other Brands,595,66,Female,16,1,1
11390,Laptops,Other Brands,2500,50,Female,18,1,1
11391,Smart Watches,Samsung,1367,25,Male,14,1,0
11392,Headphones,Samsung,1987,28,Male,12,1,0
11393,Headphones,Apple,310,51,Female,6,4,1
11394,Headphones,Sony,308,44,Female,13,1,1
11395,Smartphones,Other Brands,997,40,Female,17,5,1
11396,Headphones,Samsung,1602,56,Male,5,2,0
11397,Smartphones,Sony,418,66,Female,5,3,1
11398,Smartphones,Samsung,206,50,Male,3,1,0
11399,Laptops,Sony,482,63,Female,16,3,1
11400,Smartphones,HP,1065,38,Female,15,4,1
11401,Smart Watches,Apple,769,27,Male,15,5,0
11402,Smartphones,HP,1062,50,Male,12,4,1
11403,Smartphones,Apple,2317,44,Female,18,1,1
11404,Smart Watches,HP,2705,62,Female,8,1,1
11405,Tablets,Apple,2229,67,Female,14,4,1
11406,Smartphones,HP,2230,66,Female,4,5,1
11407,Laptops,Apple,1688,64,Female,5,5,1
11408,Laptops,Other Brands,2405,21,Female,16,5,1
11409,Tablets,Apple,754,30,Male,1,3,0
11410,Smart Watches,Other Brands,2322,22,Female,8,5,1
11411,Smartphones,Apple,2546,30,Male,4,1,0
11412,Tablets,Sony,939,62,Female,14,1,1
11413,Headphones,Samsung,2659,37,Female,3,4,1
11414,Headphones,Apple,2536,44,Female,13,4,1
11415,Headphones,Other Brands,2420,43,Female,14,2,1
11416,Laptops,Other Brands,2575,18,Female,13,2,0
11417,Laptops,Apple,1354,51,Male,15,3,0
11418,Laptops,Samsung,2748,57,Male,12,3,0
11419,Smartphones,Sony,1041,52,Female,10,3,1
11420,Smart Watches,Other Brands,1769,47,Male,19,1,0
11421,Smartphones,HP,1314,32,Female,4,2,1
11422,Smart Watches,HP,1217,57,Female,1,4,1
11423,Smart Watches,Samsung,2490,48,Female,2,2,1
11424,Laptops,Apple,2404,31,Female,19,5,1
11425,Headphones,Apple,2462,45,Female,6,5,1
11426,Laptops,HP,555,47,Male,8,2,0
11427,Laptops,Apple,226,35,Female,17,4,1
11428,Smart Watches,HP,2461,60,Female,18,2,1
11429,Smart Watches,Other Brands,699,57,Male,16,3,0
11430,Smartphones,HP,1026,48,Female,13,4,1
11431,Smartphones,Other Brands,2678,53,Female,15,5,1
11432,Smart Watches,Apple,1495,24,Male,1,1,0
11433,Headphones,Samsung,458,49,Male,17,2,0
11434,Smart Watches,Apple,1365,53,Male,15,2,0
11435,Tablets,HP,481,19,Female,17,4,1
11436,Smartphones,Apple,968,27,Male,12,1,0
11437,Headphones,HP,1114,58,Female,9,1,1
11438,Smart Watches,Samsung,2189,23,Female,5,1,0
11439,Smart Watches,Other Brands,1955,62,Female,17,5,1
11440,Headphones,HP,1786,45,Female,7,4,1
11441,Laptops,Sony,784,58,Male,18,5,1
11442,Tablets,Samsung,1908,53,Male,13,1,0
11443,Headphones,Apple,722,24,Male,7,5,0
11444,Smart Watches,Sony,1763,60,Female,16,2,1
11445,Smartphones,Sony,179,59,Female,16,2,1
11446,Smartphones,Sony,205,51,Female,19,5,1
11447,Smartphones,Sony,1698,56,Male,6,3,0
11448,Headphones,Other Brands,224,41,Female,7,5,1
11449,Tablets,Sony,520,57,Male,19,5,1
11450,Laptops,HP,426,54,Male,1,3,0
11451,Tablets,Samsung,2865,25,Female,17,5,1
11452,Smartphones,Samsung,261,27,Male,6,2,0
11453,Headphones,Sony,279,44,Female,17,3,1
11454,Headphones,HP,886,46,Female,4,2,1
11455,Tablets,Other Brands,147,21,Female,12,4,1
11456,Tablets,HP,288,59,Female,12,2,1
11457,Smartphones,Other Brands,2415,40,Female,13,5,1
11458,Headphones,Other Brands,2109,48,Female,13,4,1
11459,Tablets,HP,2376,67,Male,5,1,0
11460,Laptops,HP,1014,31,Male,7,1,0
11461,Smartphones,Samsung,2274,21,Female,9,1,0
11462,Smartphones,Other Brands,1629,47,Male,11,2,0
11463,Smart Watches,Apple,2228,66,Male,6,4,1
11464,Laptops,HP,1447,25,Male,3,4,0
11465,Smartphones,HP,803,21,Female,19,5,1
11466,Headphones,Samsung,1615,30,Male,9,4,0
11467,Tablets,Other Brands,1547,21,Male,15,1,0
11468,Headphones,HP,132,32,Male,4,2,0
11469,Smart Watches,Other Brands,340,45,Female,7,2,1
11470,Laptops,Apple,2146,23,Male,13,4,0
11471,Smart Watches,Apple,663,69,Female,3,1,1
11472,Smart Watches,Other Brands,2573,32,Female,11,4,1
11473,Headphones,Other Brands,2989,29,Male,3,5,0
11474,Laptops,Other Brands,252,29,Female,6,2,0
11475,Smartphones,Sony,2298,37,Female,18,2,1
11476,Headphones,Sony,1709,44,Female,14,5,1
11477,Laptops,Samsung,1195,51,Female,2,4,1
11478,Tablets,Other Brands,1190,29,Female,18,2,0
11479,Smartphones,Samsung,497,59,Female,7,2,1
11480,Smart Watches,Sony,835,38,Male,1,2,0
11481,Smart Watches,Samsung,178,35,Male,2,3,0
11482,Smartphones,Other Brands,2100,33,Male,13,5,1
11483,Smart Watches,HP,1307,39,Female,2,4,1
11484,Headphones,Apple,1357,63,Male,6,3,0
11485,Smart Watches,HP,2571,30,Male,9,5,0
11486,Smartphones,Samsung,2457,43,Male,10,3,0
11487,Headphones,HP,322,31,Female,13,3,1
11488,Tablets,Apple,2454,58,Female,17,2,1
11489,Headphones,HP,2208,66,Male,5,3,0
11490,Tablets,Apple,1151,55,Male,13,3,0
11491,Smart Watches,HP,1795,58,Male,8,2,0
11492,Tablets,HP,251,48,Male,4,5,1
11493,Tablets,Samsung,2952,25,Male,17,4,0
11494,Headphones,Apple,2513,18,Female,1,4,1
11495,Smart Watches,Sony,1862,52,Female,5,2,1
11496,Laptops,Other Brands,1546,63,Female,16,3,1
11497,Smartphones,Sony,312,67,Male,9,3,0
11498,Smart Watches,Other Brands,1477,52,Male,14,3,0
11499,Smartphones,Other Brands,1856,49,Female,11,1,1
11500,Headphones,Apple,2046,51,Male,1,1,0
11501,Smart Watches,HP,2323,43,Male,1,1,0
11502,Tablets,Samsung,190,32,Female,4,2,1
11503,Smart Watches,Apple,432,24,Female,19,2,0
11504,Smartphones,Sony,279,66,Male,17,5,1
11505,Headphones,Other Brands,531,57,Female,1,2,1
11506,Tablets,Apple,324,58,Female,19,2,1
11507,Laptops,Samsung,1571,60,Male,6,2,0
11508,Tablets,Sony,2269,48,Male,19,5,1
11509,Headphones,Apple,226,22,Male,1,1,0
11510,Tablets,Other Brands,653,19,Male,16,1,0
11511,Headphones,Sony,449,36,Male,7,3,0
11512,Tablets,Sony,1406,34,Male,16,3,0
11513,Laptops,Apple,1057,35,Male,8,3,0
11514,Smart Watches,Sony,1743,48,Female,6,4,1
11515,Tablets,Other Brands,2279,54,Female,12,4,1
11516,Headphones,Sony,1722,44,Male,19,3,0
11517,Smartphones,HP,535,62,Male,16,2,0
11518,Smartphones,Samsung,700,18,Female,13,1,0
11519,Headphones,Apple,1576,39,Male,19,5,1
11520,Smart Watches,HP,2869,51,Male,11,3,0
11521,Smart Watches,Sony,2733,26,Female,19,2,0
11522,Smartphones,HP,533,20,Female,3,3,0
11523,Headphones,Apple,744,52,Male,12,5,1
11524,Smartphones,HP,129,35,Female,12,3,1
11525,Smart Watches,Apple,1425,51,Male,5,1,0
11526,Laptops,Other Brands,483,62,Female,14,1,1
11527,Smartphones,Other Brands,1720,53,Male,6,4,1
11528,Smart Watches,HP,240,29,Male,10,1,0
11529,Smart Watches,Other Brands,477,43,Male,6,3,0
11530,Smart Watches,Other Brands,2010,18,Male,13,4,0
11531,Smart Watches,Sony,1669,23,Female,6,5,1
11532,Smartphones,HP,943,62,Male,4,3,0
11533,Headphones,Other Brands,484,69,Female,1,3,1
11534,Laptops,Apple,455,28,Male,2,2,0
11535,Smart Watches,Apple,272,20,Male,18,2,0
11536,Laptops,HP,1323,44,Female,4,3,1
11537,Laptops,Other Brands,2061,64,Male,18,3,0
11538,Smartphones,Apple,1280,52,Male,12,4,1
11539,Smartphones,Other Brands,2313,61,Female,3,2,1
11540,Tablets,HP,1795,59,Female,18,2,1
11541,Laptops,Other Brands,1306,20,Male,5,2,0
11542,Smartphones,HP,2929,65,Female,10,2,1
11543,Smart Watches,Other Brands,1007,21,Male,5,3,0
11544,Headphones,HP,133,22,Female,7,2,0
11545,Headphones,HP,1953,27,Female,4,4,1
11546,Headphones,Sony,955,43,Female,12,1,1
11547,Laptops,Other Brands,2858,35,Female,7,3,1
11548,Laptops,HP,1399,24,Female,17,1,0
11549,Smartphones,Apple,2675,42,Female,8,3,1
11550,Tablets,HP,1534,65,Female,12,1,1
11551,Smart Watches,Apple,879,62,Female,1,5,1
11552,Smartphones,Other Brands,837,62,Male,15,2,0
11553,Laptops,Apple,1457,29,Male,13,5,0
11554,Smartphones,Sony,1922,19,Female,13,5,1
11555,Tablets,Other Brands,1973,20,Female,2,3,0
11556,Smartphones,Sony,1936,65,Female,17,5,1
11557,Smart Watches,Apple,504,43,Male,6,4,1
11558,Smartphones,Other Brands,1046,68,Female,6,1,1
11559,Tablets,Other Brands,2743,54,Female,7,1,1
11560,Headphones,Samsung,1052,30,Male,5,3,0
11561,Smart Watches,Apple,2117,35,Male,1,2,0
11562,Smartphones,Samsung,2710,30,Male,15,5,0
11563,Smartphones,HP,486,39,Male,3,1,0
11564,Smart Watches,Sony,1055,62,Female,2,4,1
11565,Tablets,Sony,528,41,Female,19,2,1
11566,Smart Watches,Samsung,1155,65,Female,18,3,1
11567,Laptops,Sony,1345,50,Male,14,3,0
11568,Headphones,HP,2799,26,Male,8,3,0
11569,Laptops,Other Brands,992,52,Female,11,1,1
11570,Headphones,HP,1110,26,Female,3,4,1
11571,Smart Watches,Samsung,1580,32,Male,19,4,1
11572,Laptops,Samsung,2336,37,Male,12,4,1
11573,Smartphones,Samsung,589,68,Male,14,2,0
11574,Laptops,Samsung,2397,60,Male,7,3,0
11575,Headphones,HP,871,52,Male,16,1,0
11576,Smartphones,Other Brands,2343,25,Female,9,4,1
11577,Laptops,Other Brands,1474,61,Male,19,2,0
11578,Smart Watches,Other Brands,345,26,Female,4,3,0
11579,Smart Watches,Apple,2921,55,Female,17,5,1
11580,Smart Watches,Other Brands,1506,33,Female,2,1,1
11581,Smartphones,Samsung,218,21,Male,11,5,0
11582,Smart Watches,Other Brands,1960,41,Male,4,4,1
11583,Smart Watches,Sony,2185,18,Female,13,3,0
11584,Smart Watches,Samsung,1201,36,Male,7,1,0
11585,Smartphones,Other Brands,2667,27,Male,4,2,0
11586,Smartphones,HP,554,29,Female,19,5,1
11587,Headphones,HP,1453,52,Male,17,5,1
11588,Smart Watches,Other Brands,157,18,Male,11,2,0
11589,Headphones,Other Brands,674,62,Male,8,3,0
11590,Tablets,HP,1443,44,Male,17,4,1
11591,Smartphones,Samsung,1633,21,Female,19,1,0
11592,Smartphones,HP,1617,21,Female,14,2,0
11593,Smart Watches,Apple,947,47,Male,2,1,0
11594,Laptops,HP,2530,44,Male,14,4,1
11595,Laptops,Apple,1499,53,Male,14,1,0
11596,Smart Watches,Apple,1516,34,Female,18,2,1
11597,Laptops,Samsung,2303,21,Female,15,3,0
11598,Tablets,Sony,1946,35,Female,1,5,1
11599,Smartphones,Other Brands,461,18,Female,8,4,1
11600,Headphones,HP,1303,60,Male,6,3,0
11601,Headphones,Sony,2465,34,Female,7,2,1
11602,Smart Watches,Apple,2356,59,Male,9,5,1
11603,Tablets,Samsung,1047,46,Male,19,4,1
11604,Smartphones,Sony,1958,45,Male,15,1,0
11605,Laptops,Sony,2984,58,Female,3,4,1
11606,Smartphones,Apple,2377,31,Female,16,1,1
11607,Tablets,Other Brands,1639,59,Male,6,5,1
11608,Laptops,Samsung,1747,59,Male,8,5,1
11609,Smart Watches,HP,1436,56,Female,12,2,1
11610,Smartphones,Samsung,1305,48,Female,19,5,1
11611,Smart Watches,Other Brands,2729,23,Female,3,1,0
11612,Smart Watches,Other Brands,2955,58,Male,11,1,0
11613,Tablets,Apple,2837,65,Male,16,3,0
11614,Headphones,Apple,2826,65,Male,4,4,1
11615,Headphones,HP,2058,21,Male,17,3,0
11616,Headphones,Other Brands,2249,36,Male,9,2,0
11617,Tablets,Sony,650,34,Female,19,3,1
11618,Laptops,Samsung,1327,56,Male,9,2,0
11619,Smart Watches,HP,2861,21,Female,15,4,1
11620,Smart Watches,HP,2724,32,Female,5,4,1
11621,Headphones,Apple,591,18,Female,9,2,0
11622,Laptops,Samsung,738,37,Female,1,3,1
11623,Smartphones,Other Brands,2271,35,Female,12,3,1
11624,Tablets,HP,1448,68,Male,19,5,1
11625,Smartphones,Other Brands,455,21,Male,16,3,0
11626,Headphones,Samsung,2530,25,Male,16,4,0
11627,Smartphones,Samsung,455,36,Male,17,5,1
11628,Headphones,Samsung,1256,43,Female,19,5,1
11629,Tablets,Apple,2762,52,Female,6,5,1
11630,Smartphones,Samsung,1866,58,Male,1,1,0
11631,Tablets,Apple,1000,28,Female,14,5,1
11632,Smartphones,Apple,630,60,Female,6,4,1
11633,Smartphones,Samsung,1466,47,Female,12,5,1
11634,Smartphones,Other Brands,856,64,Male,3,4,1
11635,Smart Watches,Samsung,2197,40,Male,1,2,0
11636,Smartphones,Samsung,814,64,Female,16,1,1
11637,Smartphones,HP,1703,38,Male,2,2,0
11638,Headphones,Other Brands,1939,39,Male,15,2,0
11639,Smartphones,HP,812,51,Male,5,4,1
11640,Laptops,Sony,1699,34,Female,18,2,1
11641,Smartphones,HP,829,20,Male,13,5,0
11642,Headphones,HP,1092,50,Male,1,5,1
11643,Tablets,Apple,2490,69,Male,2,2,0
11644,Laptops,HP,1844,67,Male,7,4,1
11645,Smartphones,Samsung,1705,27,Female,9,5,1
11646,Laptops,Apple,2905,19,Female,2,4,1
11647,Tablets,Apple,2466,49,Male,16,2,0
11648,Smartphones,Samsung,1540,47,Male,17,1,0
11649,Laptops,Samsung,2787,35,Female,8,3,1
11650,Smart Watches,HP,1341,20,Male,10,1,0
11651,Smartphones,Apple,1070,32,Male,18,2,0
11652,Headphones,Apple,502,54,Male,18,1,0
11653,Smartphones,Samsung,2700,31,Female,15,5,1
11654,Smartphones,Other Brands,2937,24,Female,16,1,0
11655,Smart Watches,HP,2314,54,Male,9,1,0
11656,Headphones,Samsung,359,43,Female,18,3,1
11657,Smartphones,Apple,1833,38,Female,10,3,1
11658,Smartphones,Sony,476,68,Male,14,2,0
11659,Laptops,HP,2676,51,Male,17,2,0
11660,Tablets,Sony,618,24,Male,19,4,0
11661,Smart Watches,Apple,1139,59,Male,14,3,0
11662,Tablets,Samsung,119,56,Male,8,2,0
11663,Laptops,HP,2178,19,Male,18,5,0
11664,Laptops,Other Brands,535,45,Male,8,3,0
11665,Smartphones,Samsung,1397,45,Male,7,3,0
11666,Tablets,Sony,742,33,Male,14,2,0
11667,Laptops,Samsung,2141,35,Female,6,4,1
11668,Tablets,Apple,2745,53,Male,15,3,0
11669,Smart Watches,Apple,2040,55,Female,1,2,1
11670,Smartphones,Other Brands,1496,45,Female,1,1,1
11671,Smart Watches,HP,1770,40,Male,18,1,0
11672,Laptops,Sony,2082,48,Female,7,2,1
11673,Smartphones,HP,1678,58,Male,12,5,1
11674,Smart Watches,Apple,161,41,Male,19,5,1
11675,Smart Watches,Sony,2638,30,Female,9,2,0
11676,Tablets,Sony,1945,40,Female,14,4,1
11677,Smartphones,Sony,2506,49,Male,18,1,0
11678,Tablets,Sony,961,27,Female,15,4,1
11679,Tablets,Other Brands,1058,40,Male,8,4,1
11680,Smartphones,Samsung,2021,39,Male,10,4,1
11681,Headphones,Other Brands,1538,49,Female,1,3,1
11682,Smart Watches,Other Brands,1403,45,Male,17,1,0
11683,Laptops,Sony,1221,48,Male,14,3,0
11684,Laptops,Sony,1049,54,Female,16,2,1
11685,Tablets,Samsung,864,28,Male,7,1,0
11686,Smartphones,Sony,2422,67,Male,2,1,0
11687,Laptops,Apple,1998,38,Female,17,5,1
11688,Tablets,Apple,377,19,Male,18,3,0
11689,Smart Watches,Samsung,1128,22,Female,1,3,0
11690,Headphones,HP,1767,65,Female,15,4,1
11691,Smartphones,Other Brands,554,65,Male,12,1,0
11692,Headphones,Samsung,662,38,Male,16,3,0
11693,Smartphones,Sony,1373,40,Female,19,2,1
11694,Laptops,Sony,1656,59,Female,15,5,1
11695,Headphones,HP,651,58,Female,12,3,1
11696,Laptops,Samsung,331,27,Male,3,3,0
11697,Headphones,Samsung,2710,57,Female,8,1,1
11698,Tablets,Sony,1401,65,Male,5,3,0
11699,Smartphones,Other Brands,1814,35,Female,6,1,1
11700,Laptops,Other Brands,2710,34,Male,12,2,0
11701,Tablets,Sony,1417,38,Female,10,4,1
11702,Smartphones,HP,335,43,Male,12,5,1
11703,Smart Watches,Samsung,2895,61,Female,6,4,1
11704,Headphones,Sony,1070,55,Male,12,1,0
11705,Headphones,Samsung,825,47,Female,7,1,1
11706,Smartphones,Sony,2083,66,Female,8,2,1
11707,Headphones,Samsung,1410,45,Female,17,3,1
11708,Tablets,HP,1065,51,Female,10,5,1
11709,Smart Watches,Samsung,2918,66,Female,19,1,1
11710,Laptops,Apple,2726,61,Male,2,2,0
11711,Smart Watches,Samsung,2273,60,Male,8,3,0
11712,Laptops,HP,2337,19,Female,1,2,0
11713,Headphones,HP,2395,21,Male,4,4,0
11714,Headphones,HP,1347,34,Female,18,2,1
11715,Headphones,Other Brands,2231,50,Female,3,3,1
11716,Tablets,HP,675,28,Male,3,4,0
11717,Smart Watches,HP,371,26,Female,19,4,1
11718,Smartphones,HP,1819,37,Female,19,3,1
11719,Smartphones,HP,1818,41,Male,2,5,1
11720,Smart Watches,HP,1000,37,Female,1,4,1
11721,Smartphones,HP,1973,26,Female,16,4,1
11722,Tablets,HP,1524,43,Female,8,2,1
11723,Laptops,Apple,1823,41,Male,10,5,1
11724,Tablets,Samsung,1019,30,Male,8,3,0
11725,Smart Watches,Sony,1630,65,Male,1,5,1
11726,Smartphones,HP,222,37,Female,4,4,1
11727,Laptops,Other Brands,2742,46,Female,9,1,1
11728,Tablets,Apple,1486,31,Female,19,1,1
11729,Laptops,HP,1819,19,Female,13,4,1
11730,Smartphones,Apple,334,50,Female,2,3,1
11731,Smart Watches,Sony,1067,43,Female,5,1,1
11732,Tablets,Apple,2911,69,Female,8,1,1
11733,Smart Watches,Samsung,2403,30,Female,16,1,0
11734,Headphones,HP,1860,41,Female,18,4,1
11735,Tablets,Samsung,562,62,Female,15,1,1
11736,Tablets,Sony,1218,57,Male,8,2,0
11737,Headphones,Apple,2709,35,Male,11,1,0
11738,Smartphones,Sony,1165,48,Male,1,5,1
11739,Headphones,Samsung,177,46,Female,8,5,1
11740,Tablets,Samsung,753,35,Male,6,5,1
11741,Headphones,Apple,2991,58,Male,1,3,0
11742,Headphones,Samsung,2406,23,Female,2,5,1
11743,Smart Watches,Samsung,1209,21,Female,10,3,0
11744,Tablets,HP,334,64,Female,9,3,1
11745,Smart Watches,Samsung,729,42,Male,3,1,0
11746,Headphones,Sony,2588,61,Male,11,1,0
11747,Laptops,Apple,1895,22,Male,4,4,0
11748,Smartphones,Other Brands,837,69,Female,4,3,1
11749,Smartphones,Sony,1666,28,Male,17,4,0
11750,Headphones,Apple,1570,21,Female,1,3,0
11751,Tablets,Other Brands,2311,23,Female,10,2,0
11752,Smart Watches,Sony,902,33,Male,9,4,1
11753,Headphones,HP,1921,56,Female,1,1,1
11754,Headphones,Other Brands,2558,30,Male,5,3,0
11755,Laptops,Sony,1460,24,Male,5,3,0
11756,Smart Watches,Samsung,2168,21,Female,3,2,0
11757,Headphones,Apple,2564,62,Female,5,5,1
11758,Headphones,Other Brands,1765,20,Female,16,3,0
11759,Laptops,Sony,808,30,Female,14,3,0
11760,Tablets,Sony,393,23,Male,4,2,0
11761,Tablets,Samsung,1669,25,Female,15,1,0
11762,Headphones,Samsung,1051,46,Male,8,2,0
11763,Smartphones,Apple,2386,53,Female,6,1,1
11764,Laptops,Other Brands,1781,23,Male,4,5,0
11765,Headphones,Apple,141,62,Male,13,3,0
11766,Smartphones,Other Brands,654,26,Female,5,2,0
11767,Tablets,Sony,2195,36,Male,1,4,1
11768,Headphones,Other Brands,2304,36,Female,4,4,1
11769,Headphones,Other Brands,1953,44,Female,16,2,1
11770,Smart Watches,Sony,168,38,Male,19,5,1
11771,Tablets,Samsung,464,37,Male,16,1,0
11772,Smart Watches,Apple,294,67,Female,15,4,1
11773,Tablets,Apple,2164,42,Male,15,3,0
11774,Headphones,HP,2895,20,Female,17,3,0
11775,Smartphones,Other Brands,1358,35,Female,9,3,1
11776,Headphones,Apple,1817,68,Female,10,2,1
11777,Smartphones,Apple,1141,19,Female,12,5,1
11778,Laptops,Samsung,2211,41,Female,15,5,1
11779,Laptops,Samsung,1334,65,Male,1,3,0
11780,Laptops,Other Brands,2008,65,Male,4,3,0
11781,Headphones,Apple,903,56,Male,13,4,1
11782,Smartphones,HP,1664,43,Male,13,2,0
11783,Tablets,Sony,1201,45,Male,10,3,0
11784,Tablets,HP,568,41,Male,8,1,0
11785,Laptops,Apple,1769,50,Female,11,4,1
11786,Smart Watches,HP,2181,57,Female,14,3,1
11787,Smart Watches,Apple,1835,27,Female,5,1,0
11788,Laptops,Sony,2543,30,Female,5,4,1
11789,Smart Watches,Sony,1649,22,Male,7,5,0
11790,Tablets,Apple,1800,52,Female,4,3,1
11791,Tablets,Other Brands,2665,36,Male,6,5,1
11792,Smartphones,Sony,1651,23,Male,9,1,0
11793,Headphones,Other Brands,494,51,Male,13,3,0
11794,Smartphones,Samsung,2310,28,Female,6,3,0
11795,Laptops,HP,885,29,Male,11,3,0
11796,Headphones,HP,1233,30,Male,2,1,0
11797,Smartphones,Sony,618,66,Male,13,2,0
11798,Headphones,Apple,2760,66,Male,2,4,1
11799,Smartphones,HP,1169,66,Male,8,3,0
11800,Headphones,Apple,491,26,Female,19,5,1
11801,Headphones,Samsung,2413,60,Male,10,2,0
11802,Headphones,Samsung,1900,69,Male,19,3,0
11803,Laptops,Other Brands,216,50,Male,2,4,1
11804,Laptops,HP,1726,53,Male,19,2,0
11805,Tablets,HP,274,55,Male,9,1,0
11806,Tablets,Apple,1358,60,Female,19,3,1
11807,Smart Watches,Apple,2154,60,Male,19,5,1
11808,Smartphones,Apple,1265,62,Female,19,2,1
11809,Tablets,Other Brands,2656,57,Female,18,2,1
11810,Laptops,Sony,2503,35,Male,3,4,1
11811,Tablets,Sony,494,45,Male,8,3,0
11812,Headphones,HP,2253,25,Female,10,3,0
11813,Headphones,Other Brands,526,39,Male,2,3,0
11814,Smartphones,HP,2234,29,Female,3,5,1
11815,Smart Watches,Sony,2130,55,Male,19,5,1
11816,Smart Watches,Sony,1997,61,Female,11,3,1
11817,Smartphones,HP,1398,36,Female,2,5,1
11818,Tablets,Samsung,947,55,Male,16,1,0
11819,Smartphones,HP,2743,30,Male,1,3,0
11820,Headphones,Sony,1367,35,Female,6,5,1
11821,Smartphones,Other Brands,2428,62,Male,5,1,0
11822,Smartphones,Other Brands,1367,39,Male,11,2,0
11823,Smart Watches,Other Brands,2610,55,Male,11,5,1
11824,Smartphones,Apple,553,31,Female,9,2,1
11825,Headphones,Apple,577,44,Female,7,2,1
11826,Tablets,Apple,1666,42,Female,17,1,1
11827,Laptops,Samsung,1133,69,Male,18,1,0
11828,Laptops,Samsung,1033,44,Female,9,1,1
11829,Laptops,Apple,1608,45,Female,1,4,1
11830,Smartphones,Sony,287,53,Female,8,3,1
11831,Laptops,Sony,1577,35,Male,6,5,1
11832,Smartphones,Sony,2325,63,Female,9,5,1
11833,Laptops,Samsung,294,46,Male,2,3,0
11834,Headphones,Other Brands,896,45,Female,11,3,1
11835,Headphones,Sony,1855,45,Male,5,1,0
11836,Smartphones,Samsung,644,27,Male,5,3,0
11837,Smart Watches,Apple,159,65,Male,10,3,0
11838,Laptops,HP,2960,20,Male,14,5,0
11839,Laptops,Other Brands,2936,26,Male,4,2,0
11840,Headphones,Samsung,1791,38,Female,7,4,1
11841,Headphones,Sony,1154,29,Female,4,4,1
11842,Tablets,Sony,227,62,Male,18,3,0
11843,Smart Watches,HP,2056,30,Female,5,4,1
11844,Laptops,Apple,101,49,Male,5,3,0
11845,Tablets,HP,704,49,Female,11,1,1
11846,Laptops,HP,845,20,Female,11,5,1
11847,Laptops,Samsung,959,22,Female,7,1,0
11848,Smartphones,HP,599,59,Male,11,1,0
11849,Smart Watches,Apple,942,58,Male,3,5,1
11850,Tablets,HP,185,62,Female,3,5,1
11851,Tablets,Apple,1042,66,Female,13,1,1
11852,Headphones,Samsung,2250,49,Female,8,2,1
11853,Tablets,Sony,2764,46,Male,12,5,1
11854,Tablets,Sony,2695,49,Female,3,1,1
11855,Laptops,Apple,2140,20,Male,18,1,0
11856,Smart Watches,HP,282,32,Female,7,2,1
11857,Headphones,Samsung,1467,32,Female,6,4,1
11858,Headphones,Other Brands,2915,28,Male,7,5,0
11859,Laptops,Other Brands,2340,64,Male,12,2,0
11860,Headphones,Samsung,1278,49,Male,17,1,0
11861,Tablets,Sony,417,52,Male,15,3,0
11862,Laptops,Apple,1149,67,Male,14,5,1
11863,Tablets,Other Brands,2223,31,Female,16,1,1
11864,Smartphones,Sony,314,55,Male,2,5,1
11865,Smartphones,Other Brands,1169,19,Female,19,1,0
11866,Tablets,Apple,1337,26,Male,7,5,0
11867,Laptops,Other Brands,1822,19,Male,15,3,0
11868,Headphones,Other Brands,747,18,Male,7,2,0
11869,Laptops,Apple,259,31,Male,6,1,0
11870,Tablets,HP,699,18,Female,19,5,1
11871,Smart Watches,Apple,2468,52,Male,4,1,0
11872,Laptops,Samsung,1934,54,Female,19,5,1
11873,Tablets,Apple,2882,39,Male,15,2,0
11874,Tablets,Other Brands,384,41,Female,2,2,1
11875,Smartphones,Sony,236,19,Female,16,2,0
11876,Smartphones,Samsung,578,27,Female,6,4,1
11877,Tablets,HP,1128,21,Female,12,4,1
11878,Tablets,Samsung,1198,62,Female,14,5,1
11879,Tablets,Apple,1028,55,Female,14,2,1
11880,Laptops,Other Brands,1659,28,Male,9,3,0
11881,Smart Watches,Sony,1456,64,Female,10,3,1
11882,Tablets,Other Brands,2062,59,Female,4,5,1
11883,Laptops,Apple,814,57,Female,6,5,1
11884,Headphones,Sony,2901,33,Female,4,1,1
11885,Smartphones,Samsung,592,61,Female,15,4,1
11886,Smartphones,Samsung,1080,54,Female,14,5,1
11887,Tablets,HP,645,20,Female,7,2,0
11888,Tablets,Apple,507,37,Female,14,3,1
11889,Laptops,Apple,837,23,Male,5,5,0
11890,Tablets,Samsung,1934,48,Female,1,3,1
11891,Tablets,Apple,1647,54,Female,18,3,1
11892,Tablets,Samsung,1426,61,Male,8,1,0
11893,Smartphones,Samsung,867,65,Female,4,5,1
11894,Laptops,Apple,2761,18,Female,16,4,1
11895,Smart Watches,Samsung,2549,58,Male,11,1,0
11896,Laptops,HP,1361,33,Female,11,4,1
11897,Tablets,Sony,2628,62,Male,3,5,1
11898,Headphones,HP,1042,23,Female,12,1,0
11899,Laptops,Samsung,1946,69,Female,12,5,1
11900,Laptops,Apple,1366,31,Female,8,2,1
11901,Smartphones,HP,1788,37,Male,10,2,0
11902,Smart Watches,Samsung,2554,45,Female,11,2,1
11903,Laptops,Sony,2083,20,Male,6,2,0
11904,Headphones,HP,1327,41,Male,17,5,1
11905,Headphones,Samsung,807,47,Female,1,5,1
11906,Headphones,Sony,102,53,Male,17,1,0
11907,Smart Watches,Samsung,384,33,Male,17,1,0
11908,Smartphones,Other Brands,1755,38,Female,17,1,1
11909,Tablets,Sony,488,49,Female,10,3,1
11910,Tablets,HP,2228,42,Female,4,1,1
11911,Laptops,Samsung,2302,64,Male,6,3,0
11912,Smart Watches,Samsung,1708,69,Female,2,2,1
11913,Tablets,Samsung,1204,38,Male,13,3,0
11914,Smartphones,Samsung,761,40,Female,7,3,1
11915,Smart Watches,Sony,2028,42,Female,16,2,1
11916,Smartphones,Sony,708,50,Male,18,5,1
11917,Smart Watches,Other Brands,834,36,Male,5,3,0
11918,Smartphones,Samsung,1391,48,Male,19,3,0
11919,Laptops,Samsung,249,37,Male,7,3,0
11920,Tablets,Apple,1794,51,Male,3,2,0
11921,Smartphones,Other Brands,2342,39,Female,12,3,1
11922,Smart Watches,Apple,1031,42,Female,16,5,1
11923,Headphones,Sony,2250,47,Male,19,1,0
11924,Smartphones,Sony,626,32,Male,7,5,1
11925,Tablets,Apple,1363,25,Male,7,1,0
11926,Headphones,Samsung,2898,61,Male,1,1,0
11927,Tablets,Apple,2446,65,Female,8,4,1
11928,Headphones,Samsung,1413,24,Male,19,4,0
11929,Smartphones,Other Brands,1215,34,Female,7,1,1
11930,Smart Watches,Apple,2409,64,Male,8,1,0
11931,Tablets,Samsung,1962,58,Female,9,1,1
11932,Headphones,Other Brands,2256,27,Female,7,4,1
11933,Tablets,Apple,1752,57,Male,16,5,1
11934,Headphones,HP,1274,43,Female,2,4,1
11935,Smart Watches,Samsung,1844,56,Female,8,3,1
11936,Smartphones,Other Brands,2726,26,Female,14,3,0
11937,Tablets,HP,2143,40,Female,10,1,1
11938,Laptops,Apple,1056,56,Male,14,1,0
11939,Smartphones,Apple,552,62,Male,4,4,1
11940,Headphones,Apple,2987,23,Female,4,4,1
11941,Smartphones,HP,2434,31,Male,10,3,0
11942,Smartphones,HP,2897,41,Female,1,4,1
11943,Smartphones,Other Brands,955,43,Male,1,5,1
11944,Smartphones,HP,2753,19,Male,18,1,0
11945,Headphones,Other Brands,1400,68,Female,11,5,1
11946,Headphones,Other Brands,416,36,Male,10,3,0
11947,Tablets,HP,1211,24,Female,19,5,1
11948,Smartphones,Samsung,1038,62,Female,7,5,1
11949,Smartphones,Samsung,1905,20,Female,12,1,0
11950,Smartphones,Apple,932,23,Female,17,2,0
11951,Headphones,Other Brands,993,33,Male,9,4,1
11952,Smart Watches,Apple,311,38,Male,11,3,0
11953,Headphones,Samsung,1468,24,Male,10,5,0
11954,Smartphones,Apple,462,57,Female,11,4,1
11955,Tablets,HP,2425,31,Male,14,2,0
11956,Laptops,Apple,2220,39,Male,17,1,0
11957,Tablets,HP,1089,49,Male,4,3,0
11958,Smartphones,Samsung,2004,27,Male,4,3,0
11959,Smart Watches,Apple,2558,32,Female,17,5,1
11960,Tablets,Apple,630,36,Male,19,5,1
11961,Tablets,Other Brands,2347,60,Male,10,5,1
11962,Tablets,Other Brands,934,19,Female,7,4,1
11963,Smartphones,Sony,253,39,Female,5,4,1
11964,Laptops,HP,622,57,Male,15,5,1
11965,Laptops,Other Brands,1233,20,Female,14,4,1
11966,Tablets,HP,1279,26,Male,18,1,0
11967,Laptops,Samsung,2629,32,Male,14,3,0
11968,Tablets,HP,2768,66,Male,18,2,0
11969,Smart Watches,Sony,1474,19,Male,7,3,0
11970,Tablets,Sony,700,61,Female,12,4,1
11971,Laptops,Sony,1538,46,Female,10,5,1
11972,Laptops,HP,310,54,Female,17,4,1
11973,Headphones,Samsung,2446,20,Male,9,1,0
11974,Smartphones,Apple,275,39,Female,2,5,1
11975,Smartphones,Apple,1840,33,Female,5,5,1
11976,Smart Watches,Sony,1764,59,Male,6,2,0
11977,Smartphones,Apple,341,34,Female,18,5,1
11978,Laptops,Samsung,231,64,Female,12,5,1
11979,Headphones,Samsung,711,57,Male,3,4,1
11980,Smartphones,Sony,2518,39,Female,15,1,1
11981,Smartphones,HP,1605,65,Male,1,5,1
11982,Smartphones,Sony,214,32,Male,1,3,0
11983,Smartphones,Samsung,1665,30,Male,14,2,0
11984,Laptops,HP,589,52,Male,16,4,1
11985,Tablets,HP,1206,42,Male,13,4,1
11986,Laptops,Samsung,1597,25,Male,2,1,0
11987,Smart Watches,Samsung,549,63,Male,11,3,0
11988,Laptops,Apple,906,56,Male,3,3,0
11989,Tablets,Sony,1233,57,Female,5,4,1
11990,Smart Watches,Sony,2132,68,Female,4,1,1
11991,Smartphones,Apple,1768,24,Male,19,5,0
11992,Smartphones,Apple,2477,66,Female,18,5,1
11993,Smartphones,Samsung,2015,26,Female,15,4,1
11994,Smart Watches,Sony,334,53,Male,11,5,1
11995,Smart Watches,Sony,891,46,Male,18,3,0
11996,Headphones,HP,2632,27,Female,14,3,0
11997,Laptops,Other Brands,1246,31,Female,8,4,1
11998,Tablets,Samsung,2203,60,Female,3,3,1
11999,Tablets,Sony,859,31,Female,13,4,1
12000,Smartphones,Samsung,530,31,Male,6,4,1
12001,Smart Watches,Samsung,2501,44,Male,3,1,0
12002,Smartphones,Sony,2125,55,Female,14,1,1
12003,Headphones,Apple,260,28,Female,7,3,0
12004,Tablets,Sony,2291,28,Female,6,3,0
12005,Headphones,HP,1992,68,Male,17,4,1
12006,Tablets,Sony,1878,41,Female,6,5,1
12007,Smartphones,Other Brands,1037,51,Female,5,3,1
12008,Smart Watches,Apple,1484,62,Female,19,1,1
12009,Tablets,HP,778,56,Male,15,4,1
12010,Headphones,Samsung,1803,30,Male,19,2,0
12011,Smartphones,Sony,639,28,Male,2,2,0
12012,Tablets,HP,990,27,Female,18,4,1
12013,Smartphones,HP,1745,49,Male,5,5,1
12014,Smart Watches,Sony,667,19,Female,18,5,1
12015,Tablets,HP,1987,27,Female,19,4,1
12016,Smart Watches,Apple,1824,65,Female,6,5,1
12017,Headphones,Apple,1842,30,Female,14,1,0
12018,Smart Watches,Other Brands,2399,20,Female,10,4,1
12019,Smartphones,Samsung,2990,57,Male,9,3,0
12020,Smartphones,Samsung,1483,62,Male,12,2,0
12021,Laptops,Sony,395,20,Male,10,5,0
12022,Smartphones,Apple,772,69,Female,1,5,1
12023,Smartphones,Sony,371,34,Male,13,4,1
12024,Smart Watches,Other Brands,621,18,Male,2,4,0
12025,Headphones,Sony,1567,32,Male,16,3,0
12026,Smartphones,HP,1456,44,Female,17,3,1
12027,Headphones,Samsung,1135,68,Male,8,3,0
12028,Laptops,Other Brands,167,31,Male,4,1,0
12029,Smartphones,Sony,788,66,Female,8,5,1
12030,Smart Watches,Other Brands,2951,42,Female,18,5,1
12031,Smartphones,Sony,1857,27,Male,8,4,0
12032,Smartphones,HP,2676,34,Female,9,3,1
12033,Laptops,Other Brands,2717,44,Female,4,1,1
12034,Laptops,Samsung,2007,38,Male,4,3,0
12035,Smart Watches,Other Brands,945,64,Female,3,1,1
12036,Headphones,Samsung,1563,29,Female,10,4,1
12037,Headphones,HP,1339,39,Female,15,5,1
12038,Tablets,Other Brands,371,50,Male,2,1,0
12039,Tablets,Other Brands,2924,39,Male,8,3,0
12040,Smartphones,Other Brands,2592,27,Male,8,4,0
12041,Headphones,Other Brands,891,58,Female,19,2,1
12042,Tablets,Other Brands,711,34,Female,10,3,1
12043,Headphones,Samsung,1074,21,Female,4,2,0
12044,Headphones,Apple,646,58,Female,13,4,1
12045,Laptops,Apple,2296,42,Female,3,1,1
12046,Smartphones,Samsung,2333,62,Male,1,3,0
12047,Tablets,Other Brands,2933,59,Female,15,3,1
12048,Headphones,Apple,2509,18,Female,12,3,0
12049,Tablets,Other Brands,2341,45,Male,12,4,1
12050,Smartphones,Samsung,1954,68,Male,4,2,0
12051,Smartphones,Other Brands,375,32,Female,17,5,1
12052,Smart Watches,Sony,1799,57,Male,11,1,0
12053,Laptops,HP,325,27,Female,18,1,0
12054,Smartphones,Samsung,1796,59,Female,9,1,1
12055,Smartphones,Apple,317,42,Male,13,1,0
12056,Laptops,Sony,981,19,Female,19,2,0
12057,Tablets,Apple,1342,31,Male,14,2,0
12058,Laptops,Apple,1822,33,Female,3,3,1
12059,Smart Watches,Samsung,1757,42,Male,7,5,1
12060,Laptops,Apple,433,41,Female,11,1,1
12061,Tablets,Sony,2431,23,Male,2,3,0
12062,Laptops,Apple,597,23,Male,5,5,0
12063,Smartphones,HP,2233,52,Female,8,2,1
12064,Laptops,Sony,1080,53,Female,17,2,1
12065,Tablets,HP,1522,30,Male,11,1,0
12066,Laptops,Other Brands,2331,19,Female,19,2,0
12067,Tablets,Other Brands,803,43,Male,9,2,0
12068,Smart Watches,HP,1402,21,Male,18,3,0
12069,Tablets,Samsung,1501,33,Male,4,3,0
12070,Headphones,HP,108,61,Female,11,1,1
12071,Headphones,HP,2832,30,Female,18,5,1
12072,Tablets,HP,1579,67,Male,11,4,1
12073,Laptops,Sony,2947,55,Female,6,3,1
12074,Tablets,Samsung,1924,66,Male,13,3,0
12075,Tablets,Samsung,2809,53,Male,3,4,1
12076,Smartphones,Samsung,1381,50,Male,7,2,0
12077,Smart Watches,HP,2893,22,Female,18,4,1
12078,Laptops,Other Brands,1188,48,Female,16,2,1
12079,Smart Watches,Other Brands,2701,67,Male,8,3,0
12080,Laptops,Other Brands,2774,37,Male,6,4,1
12081,Smartphones,Other Brands,2331,36,Male,7,3,0
12082,Smart Watches,Samsung,1064,56,Female,17,3,1
12083,Smart Watches,Apple,743,65,Female,18,4,1
12084,Smart Watches,Sony,1739,51,Female,16,4,1
12085,Tablets,Sony,2553,30,Male,6,5,0
12086,Smartphones,HP,1063,43,Male,11,3,0
12087,Smartphones,Sony,108,20,Female,17,2,0
12088,Laptops,Other Brands,1247,29,Male,2,2,0
12089,Smartphones,HP,1500,69,Female,19,5,1
12090,Tablets,Apple,1191,61,Female,11,4,1
12091,Tablets,HP,700,34,Male,5,5,1
12092,Laptops,Apple,1659,33,Female,1,3,1
12093,Smartphones,Other Brands,2179,66,Female,8,5,1
12094,Tablets,Samsung,2475,28,Male,7,4,0
12095,Laptops,Sony,1589,37,Female,5,2,1
12096,Headphones,Samsung,1914,35,Female,12,5,1
12097,Smart Watches,Apple,602,44,Female,5,5,1
12098,Smart Watches,Samsung,1723,33,Male,16,4,1
12099,Smart Watches,Samsung,987,21,Male,4,2,0
12100,Headphones,Sony,429,57,Male,18,2,0
12101,Tablets,HP,1442,44,Female,14,3,1
12102,Headphones,Apple,1632,60,Female,11,2,1
12103,Headphones,HP,444,52,Male,15,3,0
12104,Tablets,HP,2138,22,Female,16,3,0
12105,Smart Watches,HP,1847,49,Female,10,1,1
12106,Smartphones,HP,2325,31,Female,9,3,1
12107,Smartphones,Sony,2023,66,Male,11,4,1
12108,Tablets,Sony,2394,49,Female,18,5,1
12109,Headphones,HP,794,39,Male,11,1,0
12110,Smartphones,HP,1404,37,Female,12,4,1
12111,Tablets,Apple,1276,29,Female,10,2,0
12112,Laptops,Apple,472,37,Female,2,1,1
12113,Tablets,HP,2104,63,Male,18,1,0
12114,Laptops,Samsung,2777,45,Male,14,1,0
12115,Smartphones,Apple,1463,34,Female,4,2,1
12116,Laptops,HP,705,42,Female,16,1,1
12117,Smart Watches,Sony,639,65,Female,19,1,1
12118,Laptops,Other Brands,2038,54,Female,11,4,1
12119,Smart Watches,Samsung,1409,43,Female,15,3,1
12120,Headphones,HP,1053,22,Male,2,4,0
12121,Laptops,Other Brands,246,38,Male,17,5,1
12122,Laptops,HP,2210,30,Male,8,3,0
12123,Laptops,Apple,319,53,Male,18,2,0
12124,Tablets,Other Brands,473,59,Male,13,2,0
12125,Headphones,Samsung,1552,19,Female,10,5,1
12126,Headphones,Other Brands,1274,29,Male,18,1,0
12127,Smart Watches,HP,2183,58,Female,9,1,1
12128,Smartphones,Apple,459,44,Female,13,3,1
12129,Smart Watches,Other Brands,234,32,Male,1,2,0
12130,Laptops,Sony,661,55,Male,18,4,1
12131,Smartphones,HP,2408,28,Male,12,1,0
12132,Tablets,Apple,1240,51,Female,11,5,1
12133,Headphones,HP,2672,35,Male,7,1,0
12134,Smart Watches,Samsung,2510,25,Female,5,2,0
12135,Headphones,HP,2623,22,Female,6,3,0
12136,Laptops,Apple,320,39,Female,2,4,1
12137,Smartphones,Other Brands,2612,23,Female,4,3,0
12138,Laptops,HP,1863,39,Female,4,4,1
12139,Laptops,Sony,957,38,Male,17,1,0
12140,Laptops,Apple,1148,42,Female,18,1,1
12141,Smartphones,Other Brands,1638,24,Male,15,5,0
12142,Headphones,Other Brands,1119,52,Female,4,5,1
12143,Tablets,Sony,310,67,Female,13,3,1
12144,Smartphones,HP,177,51,Male,16,2,0
12145,Headphones,Other Brands,2891,56,Male,18,1,0
12146,Tablets,Other Brands,2051,48,Female,12,4,1
12147,Smart Watches,Sony,656,37,Male,14,2,0
12148,Laptops,HP,1609,32,Female,19,4,1
12149,Tablets,Sony,1616,67,Female,16,3,1
12150,Smart Watches,Apple,2370,48,Male,4,1,0
12151,Headphones,Apple,1789,58,Male,19,5,1
12152,Headphones,Sony,1188,64,Female,14,3,1
12153,Smartphones,Other Brands,1805,45,Male,5,4,1
12154,Laptops,Sony,655,41,Male,11,4,1
12155,Laptops,Samsung,1750,55,Male,12,1,0
12156,Smartphones,Samsung,986,67,Male,19,3,0
12157,Smartphones,Other Brands,859,18,Female,16,2,0
12158,Smart Watches,Apple,626,34,Female,15,2,1
12159,Tablets,Sony,2693,63,Female,12,1,1
12160,Smart Watches,Sony,1716,53,Male,10,2,0
12161,Tablets,Other Brands,1356,58,Female,15,4,1
12162,Headphones,Sony,486,62,Male,1,1,0
12163,Smartphones,Sony,2506,62,Male,9,3,0
12164,Smart Watches,Apple,2672,61,Male,12,5,1
12165,Smart Watches,HP,1158,30,Male,16,2,0
12166,Laptops,HP,146,23,Male,6,1,0
12167,Tablets,Samsung,1901,61,Male,14,4,1
12168,Laptops,Other Brands,387,57,Female,19,5,1
12169,Smartphones,HP,383,24,Male,4,3,0
12170,Smartphones,HP,2917,69,Female,19,5,1
12171,Smartphones,Apple,2606,43,Female,4,3,1
12172,Headphones,Sony,192,68,Male,16,1,0
12173,Smartphones,Samsung,951,27,Female,9,4,1
12174,Tablets,Sony,119,19,Female,13,2,0
12175,Smartphones,HP,1065,22,Female,14,2,0
12176,Smartphones,Apple,839,67,Female,3,4,1
12177,Headphones,Apple,301,48,Male,11,5,1
12178,Tablets,Sony,2828,44,Female,9,5,1
12179,Tablets,Samsung,1707,22,Male,9,1,0
12180,Laptops,Samsung,2148,54,Female,13,2,1
12181,Tablets,HP,1520,60,Male,2,3,0
12182,Headphones,Samsung,1732,26,Male,9,4,0
12183,Headphones,HP,2083,27,Female,19,1,0
12184,Tablets,Samsung,862,68,Male,8,3,0
12185,Tablets,Apple,1334,39,Female,2,1,1
12186,Smart Watches,Apple,836,58,Female,9,3,1
12187,Smart Watches,HP,2471,48,Male,3,4,1
12188,Laptops,Sony,249,41,Male,12,2,0
12189,Smart Watches,Apple,1739,50,Female,7,1,1
12190,Laptops,Sony,112,43,Male,14,1,0
12191,Smartphones,HP,602,66,Male,7,3,0
12192,Tablets,HP,2298,57,Female,19,1,1
12193,Laptops,Apple,2579,57,Female,14,3,1
12194,Smartphones,Apple,1251,40,Male,5,4,1
12195,Smart Watches,HP,1858,41,Female,3,4,1
12196,Smartphones,HP,2084,44,Male,11,3,0
12197,Smartphones,Apple,1540,35,Female,12,4,1
12198,Headphones,Apple,1490,20,Female,8,5,1
12199,Tablets,Apple,984,29,Female,3,4,1
12200,Tablets,Apple,550,43,Female,8,2,1
12201,Tablets,Sony,317,41,Female,11,1,1
12202,Laptops,Apple,1558,47,Female,13,2,1
12203,Tablets,Sony,513,62,Female,10,2,1
12204,Smartphones,HP,2635,58,Male,9,1,0
12205,Headphones,Sony,1312,30,Male,9,2,0
12206,Smart Watches,Samsung,752,38,Female,4,1,1
12207,Headphones,Other Brands,1818,58,Male,18,5,1
12208,Tablets,Other Brands,1365,47,Male,10,2,0
12209,Laptops,Apple,1262,34,Male,7,2,0
12210,Headphones,Samsung,1500,51,Female,2,1,1
12211,Smart Watches,Samsung,1549,54,Male,9,5,1
12212,Smart Watches,Other Brands,2627,21,Male,10,4,0
12213,Tablets,HP,2699,59,Female,16,1,1
12214,Smart Watches,HP,709,56,Male,10,5,1
12215,Laptops,Samsung,467,59,Female,16,4,1
12216,Smartphones,Other Brands,412,51,Female,16,4,1
12217,Tablets,Sony,2825,42,Female,2,4,1
12218,Smartphones,Sony,1506,35,Male,1,1,0
12219,Laptops,Apple,1234,60,Female,4,2,1
12220,Smart Watches,Apple,646,58,Male,3,5,1
12221,Headphones,Apple,224,43,Female,5,5,1
12222,Smartphones,Sony,1702,26,Male,3,3,0
12223,Smartphones,Sony,1269,62,Male,11,1,0
12224,Laptops,Other Brands,2408,53,Female,8,1,1
12225,Laptops,Sony,2322,22,Female,2,3,0
12226,Laptops,Samsung,2911,55,Female,8,3,1
12227,Smartphones,Other Brands,1194,40,Male,9,5,1
12228,Smart Watches,HP,2601,51,Female,8,1,1
12229,Headphones,Samsung,2013,55,Male,17,3,0
12230,Headphones,Apple,1457,20,Male,8,3,0
12231,Laptops,Sony,255,45,Male,19,5,1
12232,Smart Watches,Sony,1275,48,Female,14,2,1
12233,Laptops,Samsung,2328,32,Male,12,3,0
12234,Tablets,Samsung,2455,38,Male,9,2,0
12235,Smartphones,Samsung,1819,37,Female,10,2,1
12236,Tablets,HP,1387,23,Female,15,4,1
12237,Headphones,Apple,1843,56,Male,1,3,0
12238,Smartphones,Samsung,1998,26,Female,12,2,0
12239,Smart Watches,Other Brands,2326,33,Female,17,3,1
12240,Smartphones,Apple,860,40,Female,13,1,1
12241,Laptops,Samsung,2310,65,Male,1,3,0
12242,Smartphones,Other Brands,2583,51,Male,4,2,0
12243,Smart Watches,HP,1405,27,Male,13,3,0
12244,Tablets,Other Brands,1821,32,Female,11,2,1
12245,Smartphones,Sony,163,53,Female,7,4,1
12246,Tablets,Other Brands,1086,55,Female,16,1,1
12247,Smartphones,Samsung,2807,58,Female,5,2,1
12248,Smart Watches,Other Brands,1511,65,Female,14,1,1
12249,Headphones,Apple,148,62,Female,16,5,1
12250,Smartphones,Other Brands,933,64,Male,11,2,0
12251,Smart Watches,Other Brands,2894,55,Male,2,5,1
12252,Headphones,Sony,2131,27,Male,3,1,0
12253,Laptops,HP,1147,53,Female,14,2,1
12254,Smartphones,Apple,2859,67,Female,4,5,1
12255,Laptops,Sony,2390,43,Male,3,2,0
12256,Smart Watches,Sony,2639,65,Male,19,2,0
12257,Tablets,Sony,268,37,Female,6,2,1
12258,Headphones,Samsung,1241,65,Female,16,4,1
12259,Headphones,Samsung,927,54,Male,9,1,0
12260,Smart Watches,Apple,1730,53,Female,11,4,1
12261,Smart Watches,Sony,606,66,Male,15,5,1
12262,Laptops,Other Brands,141,49,Male,14,3,0
12263,Smart Watches,HP,1123,64,Male,4,2,0
12264,Laptops,Sony,2289,48,Female,18,2,1
12265,Headphones,Sony,1155,18,Female,7,4,1
12266,Laptops,HP,2419,68,Female,14,5,1
12267,Headphones,Other Brands,1770,32,Male,3,4,1
12268,Tablets,Samsung,2362,38,Male,17,2,0
12269,Laptops,Samsung,1832,51,Female,7,3,1
12270,Tablets,Apple,1387,67,Female,1,2,1
12271,Laptops,Sony,790,52,Female,4,1,1
12272,Tablets,Samsung,1301,29,Female,7,3,0
12273,Laptops,Other Brands,2245,29,Male,16,4,0
12274,Smartphones,Sony,2651,69,Male,8,1,0
12275,Laptops,Samsung,2750,47,Female,5,5,1
12276,Tablets,HP,1860,24,Female,16,5,1
12277,Smartphones,Other Brands,185,19,Male,9,1,0
12278,Smart Watches,Other Brands,202,29,Male,19,4,0
12279,Laptops,Other Brands,248,58,Male,16,5,1
12280,Smartphones,Sony,1188,20,Male,8,2,0
12281,Laptops,HP,2219,28,Female,11,3,0
12282,Tablets,HP,277,69,Male,15,3,0
12283,Laptops,Other Brands,1214,47,Male,16,5,1
12284,Headphones,HP,2141,47,Male,13,3,0
12285,Smart Watches,Apple,2728,55,Male,11,3,0
12286,Smartphones,Apple,797,23,Female,11,5,1
12287,Tablets,Sony,183,37,Male,14,1,0
12288,Smart Watches,Apple,414,30,Female,2,1,0
12289,Smartphones,Apple,1428,45,Male,12,5,1
12290,Smartphones,Other Brands,2629,63,Female,14,5,1
12291,Smart Watches,Sony,2429,50,Female,7,1,1
12292,Headphones,Sony,471,32,Male,11,2,0
12293,Headphones,Sony,1406,44,Male,11,3,0
12294,Smart Watches,Apple,2625,37,Male,10,3,0
12295,Headphones,Sony,2966,22,Male,5,4,0
12296,Tablets,HP,1482,42,Male,17,5,1
12297,Tablets,Other Brands,798,28,Female,4,2,0
12298,Smart Watches,Sony,973,36,Female,6,2,1
12299,Headphones,Samsung,1297,28,Female,7,3,0
12300,Smart Watches,Apple,2665,41,Female,10,5,1
12301,Smart Watches,Samsung,2347,54,Female,19,1,1
12302,Smartphones,HP,1343,42,Female,18,3,1
12303,Headphones,Samsung,2611,57,Male,6,3,0
12304,Smart Watches,HP,611,56,Male,13,4,1
12305,Smart Watches,HP,1927,34,Male,8,2,0
12306,Smartphones,Other Brands,1584,40,Female,1,5,1
12307,Headphones,HP,2193,30,Male,2,4,0
12308,Headphones,Samsung,2706,36,Female,9,1,1
12309,Tablets,Samsung,1020,44,Female,3,3,1
12310,Tablets,Other Brands,1265,66,Male,15,3,0
12311,Laptops,Sony,1833,51,Female,2,2,1
12312,Tablets,Samsung,2366,21,Female,17,3,0
12313,Tablets,HP,2061,23,Female,5,1,0
12314,Headphones,Samsung,1832,21,Female,18,1,0
12315,Headphones,Samsung,448,44,Male,9,2,0
12316,Headphones,Sony,2538,37,Male,3,1,0
12317,Headphones,HP,2235,23,Female,10,1,0
12318,Laptops,Apple,1250,35,Female,2,1,1
12319,Headphones,HP,2380,20,Male,10,5,0
12320,Laptops,Samsung,2124,44,Male,7,5,1
12321,Smartphones,Other Brands,801,58,Male,3,4,1
12322,Headphones,Sony,1638,52,Male,13,4,1
12323,Laptops,HP,2688,56,Female,5,2,1
12324,Smartphones,Samsung,2646,29,Male,1,3,0
12325,Headphones,Apple,2939,68,Male,1,2,0
12326,Smartphones,Apple,2852,45,Female,2,1,1
12327,Smartphones,Other Brands,2240,62,Male,16,1,0
12328,Tablets,Other Brands,311,66,Male,14,3,0
12329,Laptops,Other Brands,215,65,Female,5,1,1
12330,Smartphones,Sony,475,20,Male,18,3,0
12331,Laptops,Sony,2076,29,Male,2,3,0
12332,Tablets,HP,168,27,Female,17,4,1
12333,Smart Watches,Samsung,732,23,Male,3,2,0
12334,Headphones,Sony,2743,61,Male,15,3,0
12335,Smart Watches,Apple,2270,45,Male,1,3,0
12336,Tablets,Sony,876,50,Female,9,3,1
12337,Smart Watches,HP,1646,42,Female,2,1,1
12338,Tablets,Apple,390,59,Female,19,4,1
12339,Smart Watches,HP,1611,29,Female,8,3,0
12340,Smartphones,HP,864,18,Female,5,1,0
12341,Laptops,Sony,818,19,Male,6,4,0
12342,Smartphones,Sony,237,29,Male,2,5,0
12343,Laptops,Other Brands,986,66,Male,2,3,0
12344,Smart Watches,HP,372,46,Female,3,2,1
12345,Smart Watches,Sony,2403,21,Female,16,2,0
12346,Smart Watches,Samsung,886,31,Male,1,1,0
12347,Laptops,Samsung,1330,52,Female,3,2,1
12348,Headphones,Apple,1725,60,Female,1,1,1
12349,Tablets,Other Brands,1902,59,Female,10,3,1
12350,Laptops,Apple,726,19,Male,15,1,0
12351,Laptops,Apple,1386,30,Female,9,2,0
12352,Laptops,Sony,2044,19,Male,8,2,0
12353,Smart Watches,Other Brands,597,43,Male,6,1,0
12354,Headphones,Samsung,1268,48,Male,13,3,0
12355,Smart Watches,Apple,2398,22,Male,19,4,0
12356,Headphones,HP,1582,30,Male,12,1,0
12357,Laptops,Apple,2167,47,Female,18,2,1
12358,Smartphones,Other Brands,238,30,Female,1,1,0
12359,Laptops,HP,2657,49,Female,9,1,1
12360,Headphones,Samsung,582,22,Female,11,2,0
12361,Smart Watches,HP,1137,42,Female,9,4,1
12362,Smartphones,HP,1409,67,Male,10,4,1
12363,Laptops,HP,1067,38,Female,16,1,1
12364,Laptops,HP,2590,33,Male,10,4,1
12365,Smartphones,Other Brands,807,51,Female,5,3,1
12366,Smart Watches,HP,2776,26,Male,11,5,0
12367,Smartphones,Sony,2232,68,Female,17,2,1
12368,Headphones,Sony,1797,27,Male,16,1,0
12369,Smartphones,Sony,1447,47,Female,16,2,1
12370,Laptops,HP,1027,69,Male,2,3,0
12371,Smart Watches,HP,2092,24,Female,11,5,1
12372,Tablets,Samsung,2641,20,Male,3,2,0
12373,Headphones,Sony,2639,61,Male,13,4,1
12374,Tablets,Sony,1069,52,Male,15,5,1
12375,Laptops,HP,1859,39,Female,2,4,1
12376,Headphones,Apple,2614,30,Female,7,5,1
12377,Headphones,HP,1114,55,Male,7,4,1
12378,Laptops,Sony,1197,24,Male,11,3,0
12379,Smart Watches,Samsung,219,57,Female,4,1,1
12380,Smartphones,Samsung,1938,56,Male,1,5,1
12381,Smart Watches,HP,344,31,Female,15,5,1
12382,Headphones,HP,1048,48,Female,1,1,1
12383,Laptops,Other Brands,2553,26,Male,18,2,0
12384,Smartphones,Apple,597,64,Female,10,1,1
12385,Headphones,HP,2798,59,Female,17,4,1
12386,Tablets,Sony,935,29,Male,7,4,0
12387,Laptops,Other Brands,745,50,Female,12,2,1
12388,Headphones,Other Brands,829,31,Female,11,1,1
12389,Smart Watches,HP,1196,67,Male,18,5,1
12390,Laptops,Samsung,108,64,Female,10,3,1
12391,Headphones,HP,2601,61,Male,5,2,0
12392,Laptops,Samsung,2698,20,Male,13,2,0
12393,Laptops,Apple,1509,19,Female,13,2,0
12394,Smart Watches,Samsung,1893,66,Male,19,1,0
12395,Smart Watches,Samsung,1485,40,Female,3,5,1
12396,Headphones,Other Brands,2295,66,Female,10,5,1
12397,Laptops,HP,916,34,Male,5,4,1
12398,Tablets,Sony,2489,56,Male,13,1,0
12399,Smartphones,Apple,153,52,Male,19,4,1
12400,Headphones,Samsung,2719,56,Female,11,1,1
12401,Smart Watches,Samsung,2548,52,Female,11,5,1
12402,Smart Watches,Samsung,679,63,Female,7,4,1
12403,Smart Watches,Apple,1772,51,Female,3,1,1
12404,Laptops,HP,1303,18,Female,7,4,1
12405,Tablets,Apple,1040,46,Female,9,2,1
12406,Tablets,Sony,371,19,Female,7,4,1
12407,Headphones,Sony,2671,57,Female,12,2,1
12408,Laptops,Samsung,2519,33,Male,1,2,0
12409,Smartphones,Sony,247,20,Male,17,2,0
12410,Tablets,Sony,255,35,Female,17,1,1
12411,Headphones,Sony,1567,45,Male,18,1,0
12412,Smartphones,Apple,2337,46,Female,11,3,1
12413,Smartphones,Other Brands,1065,21,Female,19,5,1
12414,Smartphones,Sony,617,65,Male,18,5,1
12415,Tablets,Other Brands,403,57,Male,6,5,1
12416,Headphones,Apple,589,27,Female,15,1,0
12417,Laptops,Samsung,1516,29,Male,15,1,0
12418,Tablets,Apple,1902,48,Female,3,5,1
12419,Smart Watches,Sony,2654,32,Male,6,1,0
12420,Headphones,Sony,800,54,Female,7,4,1
12421,Smart Watches,Apple,876,26,Male,19,2,0
12422,Tablets,Samsung,2795,19,Male,1,5,0
12423,Smartphones,Apple,2461,60,Male,19,4,1
12424,Smartphones,Other Brands,2684,28,Female,4,2,0
12425,Smart Watches,Apple,375,28,Male,13,5,0
12426,Tablets,Other Brands,2010,66,Female,3,3,1
12427,Laptops,Sony,2126,69,Female,9,2,1
12428,Headphones,Other Brands,474,29,Female,7,3,0
12429,Headphones,Other Brands,133,62,Female,12,3,1
12430,Tablets,Samsung,1354,31,Male,6,4,1
12431,Laptops,Other Brands,2158,50,Female,15,5,1
12432,Smart Watches,HP,2441,65,Male,11,4,1
12433,Laptops,Sony,110,40,Male,17,4,1
12434,Smart Watches,Sony,292,48,Male,3,4,1
12435,Laptops,Sony,1259,47,Male,4,3,0
12436,Smartphones,Sony,128,42,Female,15,4,1
12437,Tablets,Other Brands,911,66,Male,17,2,0
12438,Headphones,Other Brands,1893,28,Female,19,4,1
12439,Headphones,HP,941,45,Female,13,5,1
12440,Tablets,Sony,2343,26,Male,17,3,0
12441,Laptops,HP,1089,30,Male,5,2,0
12442,Laptops,Apple,2910,47,Female,17,2,1
12443,Smartphones,Other Brands,2841,36,Male,15,1,0
12444,Headphones,Other Brands,1994,63,Female,6,2,1
12445,Headphones,HP,324,24,Male,10,3,0
12446,Laptops,Other Brands,216,38,Female,4,1,1
12447,Smartphones,HP,1807,30,Female,8,1,0
12448,Tablets,HP,240,43,Female,17,3,1
12449,Headphones,Samsung,187,63,Male,11,3,0
12450,Tablets,HP,1751,52,Female,5,5,1
12451,Tablets,Apple,1461,26,Female,12,5,1
12452,Smartphones,Apple,1650,34,Female,17,1,1
12453,Headphones,Sony,2609,53,Male,18,3,0
12454,Laptops,HP,2871,27,Male,17,1,0
12455,Headphones,HP,1814,25,Male,19,2,0
12456,Tablets,Samsung,2240,66,Male,19,4,1
12457,Smartphones,Apple,2381,22,Female,3,4,1
12458,Laptops,Sony,673,40,Male,18,2,0
12459,Smart Watches,Samsung,178,53,Female,8,4,1
12460,Tablets,Sony,836,63,Female,18,4,1
12461,Headphones,HP,1120,56,Female,4,2,1
12462,Smart Watches,Sony,411,50,Male,19,5,1
12463,Smart Watches,Apple,1771,48,Female,13,4,1
12464,Smartphones,HP,2084,35,Female,17,5,1
12465,Tablets,Samsung,1436,47,Male,6,1,0
12466,Smart Watches,Samsung,1899,53,Male,18,4,1
12467,Tablets,Apple,2083,49,Female,14,3,1
12468,Smartphones,HP,235,35,Female,17,1,1
12469,Tablets,Apple,1154,47,Female,16,2,1
12470,Tablets,Samsung,2310,23,Female,10,3,0
12471,Tablets,Apple,197,50,Male,2,2,0
12472,Laptops,HP,1177,63,Male,7,3,0
12473,Smart Watches,Other Brands,820,26,Male,18,1,0
12474,Smart Watches,Samsung,2453,42,Male,13,1,0
12475,Smartphones,Other Brands,2355,40,Male,4,2,0
12476,Headphones,Samsung,427,32,Female,6,3,1
12477,Headphones,HP,1326,40,Male,13,4,1
12478,Laptops,Samsung,407,28,Female,7,1,0
12479,Laptops,HP,500,59,Male,13,2,0
12480,Smart Watches,Samsung,1702,25,Male,19,4,0
12481,Tablets,Samsung,2658,50,Male,17,2,0
12482,Laptops,Other Brands,259,32,Male,1,2,0
12483,Headphones,HP,2409,63,Female,12,2,1
12484,Tablets,Other Brands,1363,66,Female,9,1,1
12485,Laptops,HP,1250,55,Male,5,4,1
12486,Laptops,Samsung,756,50,Female,17,3,1
12487,Smartphones,Apple,1230,29,Female,18,5,1
12488,Smart Watches,Other Brands,1720,58,Female,16,3,1
12489,Laptops,Samsung,2345,52,Female,17,5,1
12490,Laptops,Samsung,1461,68,Male,11,1,0
12491,Tablets,Apple,1530,59,Male,1,3,0
12492,Tablets,Apple,2050,41,Male,1,5,1
12493,Laptops,HP,553,28,Female,16,5,1
12494,Smartphones,Sony,1946,33,Female,3,1,1
12495,Smartphones,Apple,1387,53,Male,12,5,1
12496,Headphones,HP,583,65,Male,8,2,0
12497,Headphones,Other Brands,1309,44,Female,12,2,1
12498,Smartphones,Samsung,2542,59,Male,3,3,0
12499,Tablets,HP,2824,40,Female,4,3,1
12500,Smart Watches,Apple,2258,60,Male,12,4,1
12501,Tablets,Samsung,653,40,Male,1,1,0
12502,Smart Watches,Samsung,980,36,Male,6,1,0
12503,Laptops,Apple,1958,36,Female,6,5,1
12504,Headphones,Sony,2892,37,Female,14,1,1
12505,Smartphones,HP,701,53,Male,12,3,0
12506,Tablets,Other Brands,526,46,Female,13,4,1
12507,Tablets,Apple,2750,29,Female,15,4,1
12508,Smart Watches,HP,578,57,Female,19,4,1
12509,Smartphones,HP,398,18,Female,5,3,0
12510,Headphones,Sony,656,18,Male,16,5,0
12511,Smart Watches,HP,2450,21,Female,19,1,0
12512,Smart Watches,Other Brands,979,61,Female,11,5,1
12513,Laptops,Other Brands,1232,33,Female,5,3,1
12514,Laptops,HP,2139,26,Male,18,1,0
12515,Tablets,Samsung,967,68,Female,14,3,1
12516,Headphones,Other Brands,1286,31,Male,15,1,0
12517,Smart Watches,HP,940,35,Female,15,4,1
12518,Smartphones,Other Brands,108,50,Male,1,5,1
12519,Headphones,HP,1983,21,Female,16,5,1
12520,Smartphones,Sony,2397,67,Male,3,2,0
12521,Laptops,Apple,766,49,Male,10,1,0
12522,Smartphones,Samsung,488,57,Male,9,5,1
12523,Headphones,Sony,1700,51,Female,10,3,1
12524,Headphones,Sony,2501,65,Male,15,1,0
12525,Tablets,Samsung,418,34,Female,2,3,1
12526,Smart Watches,Samsung,2251,36,Female,3,5,1
12527,Headphones,HP,772,35,Female,18,3,1
12528,Smart Watches,Other Brands,1642,43,Female,1,3,1
12529,Headphones,Other Brands,826,18,Female,14,4,1
12530,Headphones,Samsung,2756,60,Female,1,4,1
12531,Smart Watches,HP,195,25,Male,17,3,0
12532,Headphones,Other Brands,1115,21,Male,5,5,0
12533,Laptops,Apple,1151,40,Female,15,2,1
12534,Headphones,HP,2429,27,Female,7,4,1
12535,Smart Watches,Samsung,2695,48,Male,6,4,1
12536,Smartphones,Samsung,1089,59,Female,3,3,1
12537,Smartphones,Samsung,2741,19,Male,8,1,0
12538,Smartphones,HP,1876,58,Female,16,3,1
12539,Smartphones,Sony,1989,58,Male,2,2,0
12540,Smartphones,Apple,1623,43,Female,6,3,1
12541,Headphones,Samsung,826,22,Male,2,1,0
12542,Smartphones,Other Brands,1079,32,Female,12,4,1
12543,Smartphones,Sony,829,63,Male,6,5,1
12544,Smartphones,Samsung,1045,39,Male,11,2,0
12545,Laptops,Apple,362,64,Female,10,1,1
12546,Laptops,Sony,2306,39,Female,1,4,1
12547,Laptops,HP,1236,53,Female,17,3,1
12548,Laptops,Apple,2012,45,Female,13,4,1
12549,Headphones,Other Brands,922,40,Female,8,5,1
12550,Smartphones,Other Brands,526,37,Male,4,1,0
12551,Tablets,Other Brands,1154,26,Female,12,1,0
12552,Headphones,Apple,1297,41,Male,6,1,0
12553,Headphones,Other Brands,1575,25,Female,10,1,0
12554,Smart Watches,Other Brands,755,57,Female,10,2,1
12555,Laptops,Other Brands,1176,60,Female,9,1,1
12556,Laptops,Other Brands,1405,50,Male,18,2,0
12557,Smartphones,Other Brands,1338,18,Female,3,1,0
12558,Smart Watches,Sony,1440,42,Female,18,5,1
12559,Headphones,Other Brands,609,21,Male,15,3,0
12560,Headphones,HP,1904,60,Female,11,4,1
12561,Smartphones,Other Brands,840,23,Female,14,5,1
12562,Laptops,Other Brands,380,56,Female,17,4,1
12563,Tablets,Sony,344,66,Female,17,4,1
12564,Headphones,Samsung,2797,29,Female,12,3,0
12565,Headphones,Other Brands,2033,48,Male,11,2,0
12566,Headphones,HP,1834,65,Female,2,2,1
12567,Tablets,HP,1333,56,Male,15,1,0
12568,Laptops,HP,1126,58,Female,9,4,1
12569,Smart Watches,Other Brands,2127,43,Male,1,2,0
12570,Smart Watches,Sony,1049,30,Male,17,5,0
12571,Laptops,Other Brands,725,55,Female,8,1,1
12572,Smart Watches,Apple,291,53,Female,4,3,1
12573,Headphones,Samsung,1988,49,Male,5,1,0
12574,Laptops,Sony,2291,52,Female,10,5,1
12575,Tablets,Other Brands,2441,60,Male,5,1,0
12576,Laptops,Other Brands,2486,32,Female,17,4,1
12577,Tablets,Sony,678,61,Female,7,1,1
12578,Smartphones,Sony,745,32,Female,6,2,1
12579,Smartphones,Samsung,2126,53,Female,3,1,1
12580,Tablets,Samsung,2802,66,Male,13,1,0
12581,Headphones,Sony,2597,29,Female,9,4,1
12582,Smartphones,Sony,1510,36,Female,15,5,1
12583,Smartphones,Samsung,965,31,Male,7,3,0
12584,Smartphones,Sony,2210,37,Male,11,5,1
12585,Headphones,Other Brands,1885,44,Female,12,2,1
12586,Laptops,Apple,648,36,Female,4,3,1
12587,Smartphones,Samsung,2020,41,Male,5,3,0
12588,Laptops,Sony,621,44,Female,4,2,1
12589,Smartphones,HP,1398,31,Male,15,5,1
12590,Smartphones,Other Brands,1851,25,Male,14,3,0
12591,Smartphones,Sony,1996,67,Male,7,4,1
12592,Laptops,Samsung,1701,41,Female,7,4,1
12593,Smart Watches,Sony,917,62,Female,7,1,1
12594,Smartphones,Sony,2142,33,Male,5,2,0
12595,Headphones,Samsung,2094,58,Male,2,1,0
12596,Smart Watches,Sony,2950,35,Female,8,4,1
12597,Tablets,HP,2581,67,Male,3,4,1
12598,Headphones,Samsung,2769,68,Male,1,2,0
12599,Tablets,Other Brands,1986,67,Male,3,2,0
12600,Smartphones,Samsung,2738,59,Male,19,1,0
12601,Smartphones,Apple,1390,61,Female,8,5,1
12602,Smart Watches,Other Brands,2724,20,Female,6,3,0
12603,Headphones,Other Brands,2239,33,Male,9,2,0
12604,Smart Watches,Sony,2480,61,Female,3,1,1
12605,Smartphones,HP,848,35,Female,15,1,1
12606,Headphones,Samsung,1309,45,Female,15,2,1
12607,Smartphones,Samsung,311,69,Male,5,5,1
12608,Tablets,Other Brands,1625,61,Female,4,3,1
12609,Laptops,Samsung,2623,33,Male,10,2,0
12610,Tablets,Samsung,344,31,Male,3,1,0
12611,Laptops,Samsung,2387,69,Female,14,4,1
12612,Tablets,Other Brands,238,57,Male,6,2,0
12613,Tablets,Sony,875,23,Female,7,4,1
12614,Headphones,Samsung,1333,68,Female,1,3,1
12615,Smart Watches,Samsung,2368,51,Female,14,3,1
12616,Tablets,Apple,624,49,Male,2,2,0
12617,Smartphones,Apple,1051,19,Female,19,4,1
12618,Tablets,Other Brands,2967,23,Female,7,3,0
12619,Headphones,Sony,2636,45,Male,16,3,0
12620,Headphones,Sony,2536,25,Female,18,1,0
12621,Tablets,Sony,868,26,Male,8,5,0
12622,Headphones,Other Brands,1910,21,Female,12,1,0
12623,Smartphones,Other Brands,2876,60,Female,11,5,1
12624,Smartphones,Sony,701,39,Female,10,5,1
12625,Smartphones,HP,805,43,Male,13,2,0
12626,Laptops,HP,418,19,Male,2,1,0
12627,Tablets,Apple,1846,20,Female,11,1,0
12628,Laptops,Sony,1133,21,Male,11,4,0
12629,Laptops,Apple,1288,21,Female,3,3,0
12630,Smart Watches,Sony,2492,65,Male,16,4,1
12631,Headphones,HP,1743,24,Female,9,5,1
12632,Headphones,Samsung,2816,25,Female,13,4,1
12633,Tablets,Other Brands,892,63,Female,6,5,1
12634,Smart Watches,HP,300,20,Male,9,4,0
12635,Smart Watches,Apple,1761,29,Female,15,4,1
12636,Tablets,HP,2144,46,Male,16,3,0
12637,Headphones,Apple,382,49,Male,17,3,0
12638,Tablets,HP,621,46,Male,13,2,0
12639,Smartphones,Other Brands,1396,66,Female,14,5,1
12640,Tablets,Apple,1966,39,Male,8,1,0
12641,Laptops,Sony,481,36,Female,19,4,1
12642,Smartphones,Sony,637,30,Female,6,4,1
12643,Laptops,Other Brands,2728,37,Male,3,3,0
12644,Laptops,Sony,267,64,Female,13,1,1
12645,Tablets,HP,1559,46,Male,2,3,0
12646,Tablets,Other Brands,2669,56,Female,12,4,1
12647,Smart Watches,Other Brands,424,25,Female,13,4,1
12648,Headphones,Samsung,1441,62,Male,5,2,0
12649,Headphones,Samsung,2305,65,Male,17,4,1
12650,Tablets,Apple,2958,46,Male,13,2,0
12651,Headphones,Other Brands,994,33,Male,9,3,0
12652,Smartphones,Other Brands,334,21,Female,2,2,0
12653,Smartphones,Samsung,1736,31,Male,13,3,0
12654,Laptops,Other Brands,1248,30,Male,19,1,0
12655,Laptops,Samsung,415,25,Female,9,5,1
12656,Laptops,Samsung,359,53,Female,19,4,1
12657,Tablets,HP,1002,44,Female,6,2,1
12658,Smartphones,HP,1119,42,Male,3,5,1
12659,Headphones,Apple,2189,63,Male,10,3,0
12660,Tablets,Sony,795,24,Male,19,3,0
12661,Tablets,Apple,2914,44,Male,18,1,0
12662,Smartphones,HP,807,20,Male,3,2,0
12663,Laptops,Samsung,786,67,Female,14,4,1
12664,Laptops,Apple,671,21,Female,19,2,0
12665,Headphones,Apple,2815,32,Male,16,5,1
12666,Smartphones,Samsung,2012,39,Male,10,4,1
12667,Tablets,Other Brands,2625,37,Female,6,1,1
12668,Tablets,HP,754,27,Male,2,1,0
12669,Smart Watches,Samsung,169,48,Female,5,1,1
12670,Smartphones,Samsung,1472,20,Female,12,5,1
12671,Headphones,Other Brands,389,43,Female,13,1,1
12672,Tablets,Other Brands,1842,60,Male,14,4,1
12673,Tablets,HP,113,20,Female,12,3,0
12674,Smartphones,Other Brands,958,34,Female,3,4,1
12675,Smartphones,Sony,169,38,Male,2,3,0
12676,Tablets,Samsung,2880,34,Female,4,1,1
12677,Smart Watches,Sony,2770,18,Female,7,1,0
12678,Tablets,HP,2299,67,Male,14,1,0
12679,Smart Watches,HP,1764,56,Male,18,5,1
12680,Tablets,Samsung,2273,52,Male,11,5,1
12681,Smartphones,Sony,2701,40,Male,19,5,1
12682,Headphones,HP,2209,57,Male,2,4,1
12683,Smart Watches,Samsung,2449,56,Male,14,4,1
12684,Laptops,Samsung,649,23,Male,1,5,0
12685,Laptops,Apple,1418,60,Female,14,4,1
12686,Smartphones,Other Brands,1041,40,Male,10,1,0
12687,Headphones,HP,2020,21,Female,2,4,1
12688,Laptops,Sony,2510,62,Female,4,3,1
12689,Smartphones,Apple,2336,58,Female,10,5,1
12690,Headphones,Apple,497,22,Male,4,1,0
12691,Tablets,Apple,2049,19,Female,9,4,1
12692,Smart Watches,Apple,1448,49,Male,1,4,1
12693,Laptops,Sony,2213,57,Female,18,5,1
12694,Headphones,Sony,1077,41,Female,19,5,1
12695,Smart Watches,Other Brands,392,59,Male,9,5,1
12696,Headphones,Apple,2652,58,Male,18,4,1
12697,Headphones,Sony,1542,42,Male,6,1,0
12698,Smartphones,Sony,1915,28,Male,9,1,0
12699,Laptops,HP,782,67,Female,19,3,1
12700,Laptops,Apple,1598,47,Female,4,2,1
12701,Smartphones,Sony,1604,47,Male,15,3,0
12702,Smartphones,Apple,123,49,Male,9,5,1
12703,Smart Watches,Other Brands,2447,39,Male,19,2,0
12704,Tablets,Other Brands,888,36,Female,7,4,1
12705,Laptops,Sony,2747,38,Female,9,5,1
12706,Smart Watches,HP,1135,28,Male,13,3,0
12707,Tablets,HP,1719,21,Male,3,4,0
12708,Headphones,Sony,678,47,Female,4,1,1
12709,Smart Watches,HP,2107,53,Female,7,3,1
12710,Laptops,Other Brands,1628,55,Male,17,3,0
12711,Smartphones,Apple,2006,65,Male,1,4,1
12712,Laptops,Other Brands,671,50,Male,2,2,0
12713,Headphones,Sony,1901,50,Male,9,1,0
12714,Headphones,Samsung,395,62,Female,18,2,1
12715,Smartphones,Apple,2060,40,Female,3,3,1
12716,Headphones,Apple,1975,59,Male,4,4,1
12717,Smart Watches,Other Brands,1640,56,Male,19,4,1
12718,Smartphones,Sony,2635,21,Male,7,2,0
12719,Smartphones,Samsung,2495,67,Female,7,1,1
12720,Headphones,Apple,2950,43,Female,5,4,1
12721,Laptops,Sony,2294,66,Male,12,5,1
12722,Smartphones,Other Brands,1467,30,Female,16,2,0
12723,Laptops,Sony,227,30,Male,12,4,0
12724,Laptops,Sony,2274,67,Male,2,5,1
12725,Headphones,HP,2540,19,Male,15,5,0
12726,Tablets,Other Brands,2593,18,Male,10,1,0
12727,Laptops,Samsung,1037,67,Male,10,5,1
12728,Smart Watches,HP,2359,51,Female,17,2,1
12729,Tablets,Samsung,2239,50,Male,4,3,0
12730,Tablets,Other Brands,1892,43,Female,14,5,1
12731,Headphones,Apple,1736,63,Male,2,3,0
12732,Smartphones,Samsung,2379,35,Female,16,3,1
12733,Laptops,Apple,1368,54,Female,16,4,1
12734,Smart Watches,Samsung,1767,30,Male,3,1,0
12735,Tablets,Samsung,1553,32,Female,17,2,1
12736,Laptops,Other Brands,631,54,Female,16,3,1
12737,Smartphones,HP,1050,42,Female,17,3,1
12738,Laptops,Sony,1091,25,Female,16,2,0
12739,Laptops,Other Brands,2810,54,Female,19,3,1
12740,Smart Watches,Sony,1732,49,Female,8,5,1
12741,Smart Watches,Samsung,907,49,Female,8,5,1
12742,Smartphones,Other Brands,1387,18,Male,3,1,0
12743,Smart Watches,Sony,358,65,Female,9,3,1
12744,Laptops,Other Brands,143,45,Female,14,2,1
12745,Tablets,Apple,1599,21,Female,18,1,0
12746,Tablets,HP,2340,20,Male,9,1,0
12747,Smart Watches,Sony,1418,64,Male,11,4,1
12748,Headphones,Other Brands,1040,57,Female,5,2,1
12749,Tablets,HP,1081,41,Female,14,5,1
12750,Smartphones,Sony,1496,59,Male,8,1,0
12751,Smartphones,Sony,158,65,Female,1,1,1
12752,Headphones,Apple,2482,49,Female,13,3,1
12753,Smartphones,Samsung,422,33,Female,12,3,1
12754,Tablets,Sony,300,61,Female,2,4,1
12755,Smart Watches,Sony,709,49,Male,9,2,0
12756,Smart Watches,Sony,1759,20,Male,18,3,0
12757,Tablets,Sony,2109,58,Female,18,3,1
12758,Headphones,Samsung,2024,63,Male,14,2,0
12759,Smart Watches,Apple,669,45,Male,3,1,0
12760,Headphones,Other Brands,2945,66,Female,16,5,1
12761,Smartphones,Apple,1410,37,Female,14,3,1
12762,Laptops,HP,858,33,Female,11,1,1
12763,Smart Watches,Other Brands,2533,21,Female,10,3,0
12764,Tablets,Apple,1204,22,Male,8,1,0
12765,Tablets,Samsung,1483,68,Female,14,3,1
12766,Headphones,Sony,2029,49,Male,12,4,1
12767,Tablets,Other Brands,256,56,Male,14,5,1
12768,Laptops,Apple,1858,68,Female,10,2,1
12769,Headphones,HP,148,30,Female,8,1,0
12770,Smart Watches,HP,2819,52,Female,10,1,1
12771,Laptops,Sony,2258,50,Female,2,3,1
12772,Laptops,Apple,1453,37,Female,3,1,1
12773,Headphones,Apple,1685,25,Male,18,3,0
12774,Laptops,Sony,150,39,Female,14,5,1
12775,Tablets,Sony,536,50,Female,4,5,1
12776,Smart Watches,Samsung,2069,40,Female,5,1,1
12777,Smart Watches,Sony,263,57,Female,15,2,1
12778,Tablets,Other Brands,1996,32,Male,17,4,1
12779,Headphones,Other Brands,1195,30,Male,14,5,0
12780,Smartphones,Apple,1272,29,Male,4,2,0
12781,Smartphones,HP,791,33,Female,18,5,1
12782,Headphones,Sony,178,51,Female,19,2,1
12783,Smart Watches,Sony,2140,53,Female,8,5,1
12784,Laptops,Sony,1132,38,Male,18,5,1
12785,Smart Watches,Sony,1882,61,Female,18,5,1
12786,Smartphones,Other Brands,584,62,Male,4,2,0
12787,Headphones,Apple,972,41,Male,6,5,1
12788,Tablets,Samsung,252,34,Female,8,1,1
12789,Tablets,Other Brands,159,38,Male,8,2,0
12790,Smartphones,Sony,476,57,Female,17,3,1
12791,Headphones,HP,839,38,Male,10,3,0
12792,Smartphones,Apple,1615,20,Female,15,4,1
12793,Headphones,HP,2858,28,Male,2,3,0
12794,Smart Watches,Apple,2532,60,Male,2,1,0
12795,Smart Watches,Other Brands,2593,55,Female,16,1,1
12796,Smart Watches,Other Brands,1043,34,Female,14,4,1
12797,Smartphones,Sony,2458,35,Male,11,2,0
12798,Laptops,Sony,2332,22,Female,5,4,1
12799,Smartphones,Apple,1344,55,Female,12,4,1
12800,Laptops,Other Brands,508,34,Male,9,3,0
12801,Tablets,Samsung,1963,65,Female,6,2,1
12802,Laptops,HP,1814,59,Male,17,2,0
12803,Smart Watches,Other Brands,1247,52,Male,13,5,1
12804,Headphones,Other Brands,2832,25,Female,13,1,0
12805,Tablets,HP,2492,20,Female,8,4,1
12806,Laptops,HP,1863,46,Female,9,5,1
12807,Laptops,HP,823,69,Male,2,3,0
12808,Headphones,Samsung,815,67,Female,9,3,1
12809,Headphones,HP,1650,57,Male,9,4,1
12810,Smartphones,Sony,855,40,Female,19,3,1
12811,Smart Watches,HP,636,19,Female,8,4,1
12812,Smartphones,Sony,1940,31,Male,1,5,1
12813,Laptops,Other Brands,2462,45,Male,15,4,1
12814,Smartphones,Apple,1888,32,Male,5,1,0
12815,Laptops,Apple,2543,26,Male,9,5,0
12816,Laptops,Other Brands,2736,41,Male,14,3,0
12817,Smart Watches,Other Brands,656,27,Female,10,5,1
12818,Headphones,Other Brands,1678,23,Female,15,1,0
12819,Headphones,Sony,2969,41,Female,3,2,1
12820,Tablets,HP,261,37,Male,8,1,0
12821,Laptops,Other Brands,1424,51,Female,6,5,1
12822,Smart Watches,Samsung,1405,41,Male,4,5,1
12823,Laptops,Samsung,266,50,Female,19,4,1
12824,Smart Watches,HP,1008,61,Female,2,1,1
12825,Laptops,Sony,1884,69,Male,18,4,1
12826,Tablets,HP,612,63,Female,19,5,1
12827,Smart Watches,Other Brands,608,41,Female,5,2,1
12828,Smart Watches,HP,2696,57,Male,8,5,1
12829,Smart Watches,Apple,2972,23,Male,13,2,0
12830,Smartphones,Sony,1765,46,Male,8,2,0
12831,Smartphones,Other Brands,2560,33,Female,10,4,1
12832,Laptops,Sony,496,35,Female,13,2,1
12833,Headphones,HP,2809,55,Male,5,2,0
12834,Smartphones,HP,2369,20,Female,16,2,0
12835,Laptops,HP,788,63,Female,6,5,1
12836,Headphones,Sony,2586,58,Male,1,1,0
12837,Laptops,HP,2018,52,Female,8,2,1
12838,Smartphones,Samsung,1843,56,Female,16,4,1
12839,Smart Watches,Samsung,2024,30,Male,9,3,0
12840,Headphones,Sony,942,46,Male,4,2,0
12841,Tablets,HP,2317,64,Female,7,3,1
12842,Tablets,Sony,1977,58,Female,10,3,1
12843,Smart Watches,Other Brands,2247,53,Female,17,5,1
12844,Smart Watches,Samsung,490,37,Female,13,5,1
12845,Smart Watches,HP,769,55,Female,9,2,1
12846,Smart Watches,Apple,2175,22,Male,1,2,0
12847,Smart Watches,Apple,586,42,Female,3,2,1
12848,Tablets,Sony,989,62,Female,14,1,1
12849,Headphones,HP,1026,59,Female,10,5,1
12850,Smartphones,Samsung,1157,49,Male,7,3,0
12851,Laptops,Apple,2155,46,Female,10,4,1
12852,Laptops,Samsung,123,26,Female,16,1,0
12853,Headphones,Other Brands,2095,65,Female,17,2,1
12854,Headphones,Apple,2084,62,Female,8,1,1
12855,Tablets,Sony,2853,21,Male,4,4,0
12856,Smartphones,HP,520,46,Female,16,2,1
12857,Laptops,Samsung,2405,45,Male,19,2,0
12858,Headphones,Samsung,2128,46,Female,6,2,1
12859,Smartphones,Samsung,2030,47,Female,6,5,1
12860,Laptops,Apple,119,68,Male,3,1,0
12861,Tablets,Apple,1899,66,Female,5,5,1
12862,Tablets,HP,2004,37,Male,13,4,1
12863,Tablets,Other Brands,1325,59,Female,3,5,1
12864,Laptops,Other Brands,2972,63,Male,9,5,1
12865,Smartphones,HP,455,47,Female,8,4,1
12866,Smartphones,Samsung,1018,44,Male,5,3,0
12867,Laptops,Apple,357,68,Male,7,4,1
12868,Headphones,Sony,2753,20,Male,4,1,0
12869,Laptops,Other Brands,559,32,Male,2,4,1
12870,Laptops,Samsung,2105,28,Male,1,2,0
12871,Tablets,Other Brands,1383,32,Male,3,1,0
12872,Laptops,Samsung,773,60,Male,10,3,0
12873,Laptops,Apple,1948,57,Male,1,1,0
12874,Smart Watches,Apple,826,67,Female,13,4,1
12875,Headphones,Apple,2685,68,Female,19,5,1
12876,Smartphones,Apple,1224,18,Male,4,2,0
12877,Smart Watches,Samsung,488,51,Male,11,3,0
12878,Headphones,Samsung,935,23,Female,18,1,0
12879,Smart Watches,Apple,2109,52,Female,3,1,1
12880,Smart Watches,Sony,1081,24,Male,5,1,0
12881,Tablets,HP,2094,31,Male,14,1,0
12882,Laptops,Apple,328,65,Male,7,2,0
12883,Smartphones,Apple,1425,18,Male,17,2,0
12884,Smart Watches,Sony,2285,56,Female,4,2,1
12885,Laptops,HP,1024,24,Female,14,3,0
12886,Smart Watches,Sony,1712,47,Male,10,4,1
12887,Smart Watches,Other Brands,1656,54,Male,12,1,0
12888,Tablets,Samsung,909,69,Male,15,2,0
12889,Tablets,HP,1132,37,Male,16,2,0
12890,Smart Watches,Samsung,2146,33,Male,12,2,0
12891,Headphones,Samsung,565,59,Female,10,4,1
12892,Headphones,Other Brands,1412,59,Male,6,5,1
12893,Smartphones,Samsung,691,24,Male,14,1,0
12894,Smartphones,Samsung,606,46,Female,18,2,1
12895,Smart Watches,Samsung,1717,30,Female,8,4,1
12896,Smartphones,Apple,1410,53,Female,10,1,1
12897,Tablets,HP,1508,66,Female,16,5,1
12898,Tablets,Other Brands,1097,69,Male,12,5,1
12899,Laptops,Apple,1785,36,Male,18,1,0
12900,Tablets,Sony,1720,59,Female,5,1,1
12901,Laptops,Apple,729,19,Male,7,5,0
12902,Laptops,Sony,2142,64,Male,12,3,0
12903,Smart Watches,Other Brands,989,52,Female,16,3,1
12904,Headphones,Other Brands,1361,36,Female,4,1,1
12905,Smart Watches,HP,1434,20,Male,14,1,0
12906,Tablets,Samsung,1093,23,Female,7,5,1
12907,Laptops,HP,156,48,Male,4,5,1
12908,Tablets,Sony,2342,68,Male,7,2,0
12909,Tablets,Samsung,1500,45,Female,15,5,1
12910,Headphones,HP,481,49,Male,1,5,1
12911,Laptops,HP,1263,38,Female,6,5,1
12912,Laptops,HP,2147,40,Female,13,4,1
12913,Smartphones,Sony,1582,31,Female,6,1,1
12914,Smartphones,Apple,396,47,Female,11,2,1
12915,Smart Watches,HP,791,48,Male,8,2,0
12916,Laptops,Samsung,235,43,Female,7,1,1
12917,Smart Watches,Samsung,618,52,Female,14,4,1
12918,Headphones,HP,958,24,Male,18,1,0
12919,Smart Watches,HP,2403,62,Female,18,2,1
12920,Smartphones,HP,153,18,Female,14,3,0
12921,Tablets,Samsung,2562,19,Female,17,5,1
12922,Smart Watches,Sony,974,29,Male,7,4,0
12923,Smart Watches,Sony,1761,19,Male,10,5,0
12924,Smartphones,Samsung,1047,41,Male,19,4,1
12925,Smartphones,HP,2077,56,Female,8,4,1
12926,Laptops,Samsung,1018,65,Female,11,5,1
12927,Smart Watches,Apple,2085,69,Female,2,4,1
12928,Smart Watches,Sony,2118,24,Male,18,5,0
12929,Smart Watches,HP,1941,39,Female,1,1,1
12930,Tablets,Other Brands,1844,64,Male,6,3,0
12931,Tablets,Samsung,186,20,Male,6,4,0
12932,Tablets,HP,1761,50,Female,17,1,1
12933,Laptops,Other Brands,422,22,Male,3,2,0
12934,Laptops,HP,1558,27,Female,1,4,1
12935,Tablets,Samsung,956,37,Female,16,1,1
12936,Smart Watches,Samsung,1370,18,Male,5,5,0
12937,Tablets,Apple,181,20,Female,8,2,0
12938,Laptops,Sony,1211,34,Male,3,3,0
12939,Smartphones,Samsung,2505,30,Male,5,4,0
12940,Headphones,Apple,124,69,Female,11,4,1
12941,Laptops,HP,1317,56,Male,16,2,0
12942,Tablets,Other Brands,1663,31,Female,2,5,1
12943,Headphones,Other Brands,1750,43,Male,8,5,1
12944,Laptops,Samsung,2948,21,Female,1,1,0
12945,Smartphones,Apple,1967,50,Female,10,2,1
12946,Smartphones,HP,507,54,Female,11,4,1
12947,Tablets,Other Brands,2825,69,Female,15,2,1
12948,Headphones,Other Brands,238,54,Female,1,3,1
12949,Laptops,HP,1376,52,Male,16,3,0
12950,Smartphones,HP,2167,59,Female,6,4,1
12951,Smart Watches,Apple,1518,24,Female,13,1,0
12952,Smart Watches,Apple,2146,57,Male,13,5,1
12953,Tablets,Sony,644,47,Male,18,3,0
12954,Smartphones,Sony,1613,40,Male,7,5,1
12955,Headphones,Samsung,2848,46,Male,3,3,0
12956,Smartphones,Samsung,643,31,Female,2,4,1
12957,Laptops,Other Brands,2033,41,Male,10,1,0
12958,Smartphones,Samsung,2843,21,Male,7,5,0
12959,Smartphones,Apple,1220,47,Male,3,2,0
12960,Laptops,Sony,1623,69,Male,19,5,1
12961,Tablets,Sony,2729,66,Female,15,1,1
12962,Smartphones,Sony,919,62,Female,9,3,1
12963,Headphones,Samsung,2646,53,Female,12,3,1
12964,Laptops,HP,312,68,Female,1,4,1
12965,Tablets,Sony,541,37,Female,7,1,1
12966,Headphones,HP,1468,40,Male,5,5,1
12967,Smartphones,Samsung,2404,19,Male,16,1,0
12968,Smart Watches,Sony,1591,55,Male,14,4,1
12969,Smartphones,Samsung,1443,43,Male,15,3,0
12970,Laptops,HP,1062,45,Female,12,1,1
12971,Laptops,Samsung,2895,24,Male,1,1,0
12972,Tablets,Samsung,200,39,Female,18,1,1
12973,Smart Watches,Sony,672,46,Male,9,2,0
12974,Tablets,HP,2449,55,Female,13,3,1
12975,Smart Watches,Samsung,149,57,Male,15,5,1
12976,Smartphones,HP,2877,23,Female,11,1,0
12977,Headphones,Apple,2127,18,Male,4,4,0
12978,Headphones,HP,2181,37,Female,12,4,1
12979,Tablets,HP,564,63,Male,14,5,1
12980,Smart Watches,HP,2156,60,Female,1,4,1
12981,Smartphones,Apple,2493,56,Male,18,5,1
12982,Smart Watches,Sony,2151,24,Male,8,5,0
12983,Smart Watches,HP,1982,54,Male,11,1,0
12984,Laptops,Other Brands,2930,56,Female,4,3,1
12985,Smart Watches,Apple,917,44,Male,16,4,1
12986,Tablets,Apple,1078,59,Male,1,1,0
12987,Laptops,Sony,2218,54,Male,13,3,0
12988,Headphones,Apple,1812,68,Female,10,3,1
12989,Smart Watches,Apple,1839,48,Female,16,4,1
12990,Tablets,Apple,1681,19,Male,9,5,0
12991,Smart Watches,Samsung,2582,36,Female,8,4,1
12992,Tablets,Other Brands,844,59,Female,4,4,1
12993,Laptops,Sony,730,64,Female,17,2,1
12994,Smartphones,Sony,2830,52,Male,1,5,1
12995,Tablets,Sony,2680,22,Male,16,4,0
12996,Tablets,Apple,1047,27,Male,12,4,0
12997,Smartphones,HP,1888,53,Female,8,5,1
12998,Smartphones,Apple,2985,47,Male,8,1,0
12999,Headphones,Sony,2808,61,Female,11,1,1
13000,Tablets,Samsung,318,53,Male,9,1,0
13001,Tablets,Sony,2527,40,Female,14,5,1
13002,Smartphones,Samsung,1503,46,Female,10,3,1
13003,Smartphones,HP,2300,43,Male,10,2,0
13004,Laptops,Sony,1846,24,Male,13,2,0
13005,Tablets,Other Brands,2486,28,Male,15,5,0
13006,Tablets,Apple,510,44,Female,9,2,1
13007,Smartphones,Apple,225,44,Female,3,3,1
13008,Tablets,Apple,1097,41,Female,14,2,1
13009,Smart Watches,Sony,2998,56,Male,10,2,0
13010,Smart Watches,Apple,1218,39,Female,4,1,1
13011,Headphones,Apple,2695,39,Male,4,3,0
13012,Tablets,HP,2629,63,Female,10,4,1
13013,Headphones,Sony,482,47,Male,18,4,1
13014,Smartphones,Other Brands,1523,64,Female,3,1,1
13015,Headphones,HP,1499,28,Female,18,2,0
13016,Headphones,Sony,435,37,Female,6,2,1
13017,Headphones,HP,2141,51,Female,1,5,1
13018,Laptops,Apple,2661,55,Male,6,3,0
13019,Tablets,Other Brands,1759,57,Female,16,1,1
13020,Smart Watches,Other Brands,1933,55,Male,1,5,1
13021,Smartphones,Sony,2270,45,Female,7,5,1
13022,Tablets,Apple,881,25,Male,7,1,0
13023,Laptops,Other Brands,255,48,Male,1,5,1
13024,Smartphones,Apple,2201,48,Male,18,4,1
13025,Tablets,Samsung,2760,46,Female,19,3,1
13026,Headphones,Apple,1747,38,Female,12,4,1
13027,Smart Watches,Samsung,404,41,Female,17,4,1
13028,Laptops,HP,1816,18,Female,4,5,1
13029,Tablets,Apple,608,35,Male,5,2,0
13030,Smart Watches,HP,405,40,Male,3,5,1
13031,Smart Watches,Other Brands,2922,42,Female,13,1,1
13032,Smartphones,Other Brands,1298,47,Female,18,4,1
13033,Laptops,Apple,2027,25,Female,7,3,0
13034,Smartphones,Sony,2506,37,Male,19,5,1
13035,Tablets,Sony,961,41,Male,11,4,1
13036,Laptops,Samsung,1254,27,Female,16,1,0
13037,Laptops,HP,2954,29,Male,14,3,0
13038,Headphones,Other Brands,1332,53,Male,2,3,0
13039,Tablets,Sony,941,30,Male,16,2,0
13040,Laptops,Other Brands,2213,64,Male,9,2,0
13041,Tablets,Samsung,1224,27,Male,6,2,0
13042,Tablets,HP,1916,51,Male,19,1,0
13043,Smart Watches,Sony,1432,30,Female,11,4,1
13044,Headphones,Apple,1049,67,Female,17,4,1
13045,Headphones,HP,1274,41,Female,9,5,1
13046,Headphones,Sony,249,66,Male,10,5,1
13047,Tablets,Sony,273,38,Female,13,4,1
13048,Tablets,HP,234,34,Male,4,4,1
13049,Laptops,Apple,2978,55,Male,14,4,1
13050,Smart Watches,HP,1141,45,Female,9,4,1
13051,Smartphones,Other Brands,2845,68,Male,17,3,0
13052,Smart Watches,Samsung,1461,53,Female,11,4,1
13053,Smartphones,Apple,433,30,Female,13,2,0
13054,Tablets,Samsung,2855,35,Male,15,5,1
13055,Smart Watches,Sony,1078,57,Female,17,4,1
13056,Laptops,Apple,1498,23,Male,8,4,0
13057,Laptops,Apple,1746,33,Male,5,5,1
13058,Smart Watches,Other Brands,2464,55,Female,1,2,1
13059,Headphones,Apple,1126,63,Female,12,3,1
13060,Laptops,Samsung,392,21,Male,15,2,0
13061,Laptops,Other Brands,700,31,Female,11,1,1
13062,Laptops,HP,2077,56,Female,10,3,1
13063,Laptops,Apple,2276,29,Female,13,5,1
13064,Tablets,Apple,2752,25,Male,4,4,0
13065,Headphones,Samsung,353,41,Male,2,3,0
13066,Tablets,Sony,340,55,Male,6,3,0
13067,Smartphones,Other Brands,1169,20,Female,15,5,1
13068,Tablets,HP,569,29,Female,4,5,1
13069,Laptops,HP,2866,56,Female,1,2,1
13070,Smartphones,Other Brands,498,28,Female,10,3,0
13071,Smartphones,Other Brands,969,51,Female,17,3,1
13072,Smart Watches,Samsung,715,59,Female,17,5,1
13073,Laptops,HP,1074,36,Male,15,2,0
13074,Headphones,Apple,2980,39,Female,4,2,1
13075,Smartphones,HP,1137,66,Male,10,1,0
13076,Headphones,HP,1701,41,Female,1,4,1
13077,Tablets,Apple,2157,40,Female,12,4,1
13078,Tablets,Other Brands,2509,55,Male,5,4,1
13079,Smart Watches,HP,1490,33,Female,5,5,1
13080,Smartphones,Apple,180,60,Female,18,5,1
13081,Tablets,Samsung,2517,22,Female,6,2,0
13082,Smart Watches,Sony,1112,51,Female,8,2,1
13083,Smartphones,Apple,1241,31,Female,7,2,1
13084,Smart Watches,Samsung,2432,67,Female,14,5,1
13085,Smartphones,Samsung,2394,60,Female,13,1,1
13086,Smartphones,Samsung,1689,46,Female,10,1,1
13087,Laptops,Apple,2379,59,Female,8,5,1
13088,Laptops,Sony,2720,64,Male,11,4,1
13089,Headphones,Sony,990,65,Male,9,4,1
13090,Tablets,Other Brands,2499,40,Male,5,5,1
13091,Headphones,Apple,1287,28,Male,18,5,0
13092,Laptops,Apple,2284,35,Male,14,3,0
13093,Smart Watches,HP,2102,69,Male,10,2,0
13094,Headphones,Samsung,2240,21,Male,5,5,0
13095,Smart Watches,Samsung,566,69,Male,13,2,0
13096,Smartphones,Apple,1062,67,Male,9,5,1
13097,Smartphones,Samsung,1497,67,Male,11,3,0
13098,Smartphones,Apple,2160,28,Male,6,5,0
13099,Smartphones,Apple,2852,49,Female,1,1,1
13100,Tablets,Apple,989,55,Male,8,4,1
13101,Smart Watches,Sony,2885,44,Male,10,3,0
13102,Laptops,Samsung,821,57,Male,10,1,0
13103,Laptops,Sony,103,63,Female,6,3,1
13104,Headphones,Apple,1397,48,Male,9,2,0
13105,Tablets,Other Brands,723,52,Male,6,5,1
13106,Headphones,Other Brands,576,24,Male,10,1,0
13107,Tablets,Apple,2104,62,Male,16,4,1
13108,Headphones,Other Brands,2523,45,Male,4,5,1
13109,Headphones,Sony,1904,19,Female,7,4,1
13110,Smart Watches,Sony,2207,39,Female,2,1,1
13111,Smartphones,Apple,2171,23,Male,18,4,0
13112,Smart Watches,Other Brands,1412,27,Female,19,4,1
13113,Headphones,Sony,1030,56,Female,10,5,1
13114,Headphones,Samsung,1578,43,Male,9,3,0
13115,Tablets,Apple,2201,68,Male,8,5,1
13116,Smart Watches,Other Brands,1538,44,Female,6,5,1
13117,Headphones,Apple,2108,46,Male,3,1,0
13118,Laptops,HP,2922,47,Female,10,4,1
13119,Smartphones,Sony,129,57,Female,2,2,1
13120,Smartphones,Other Brands,2424,27,Male,9,1,0
13121,Headphones,Apple,1129,40,Male,14,3,0
13122,Smartphones,Sony,1145,30,Female,14,1,0
13123,Laptops,Sony,1284,57,Female,17,1,1
13124,Smartphones,Other Brands,944,54,Male,4,5,1
13125,Smartphones,Other Brands,1970,19,Female,10,3,0
13126,Tablets,HP,728,56,Male,6,1,0
13127,Smart Watches,Other Brands,2518,59,Female,3,4,1
13128,Tablets,Other Brands,727,48,Male,17,2,0
13129,Headphones,Samsung,2269,40,Male,13,3,0
13130,Tablets,Sony,793,63,Male,10,4,1
13131,Smart Watches,Samsung,935,46,Male,17,3,0
13132,Headphones,Samsung,2992,46,Male,11,2,0
13133,Tablets,Apple,899,42,Female,9,1,1
13134,Smartphones,HP,381,41,Male,9,4,1
13135,Tablets,Samsung,2636,47,Female,3,1,1
13136,Smart Watches,Sony,1167,33,Male,15,5,1
13137,Headphones,Sony,1447,55,Female,1,2,1
13138,Smart Watches,Sony,1301,51,Female,18,3,1
13139,Laptops,Apple,2348,22,Female,8,1,0
13140,Laptops,Apple,1823,61,Female,3,1,1
13141,Smart Watches,HP,1372,20,Male,3,5,0
13142,Headphones,Sony,547,50,Male,5,5,1
13143,Smartphones,Samsung,2589,21,Female,4,1,0
13144,Smart Watches,Samsung,2581,64,Male,9,5,1
13145,Smartphones,Other Brands,198,47,Male,4,4,1
13146,Headphones,Apple,1941,19,Male,11,4,0
13147,Headphones,Apple,1958,26,Female,1,4,1
13148,Tablets,HP,1425,52,Male,17,4,1
13149,Tablets,Samsung,2401,69,Male,19,2,0
13150,Headphones,Apple,2681,31,Female,8,4,1
13151,Laptops,Sony,1869,48,Female,9,2,1
13152,Headphones,Apple,318,46,Female,1,4,1
13153,Smartphones,HP,1751,50,Female,7,1,1
13154,Laptops,Apple,803,40,Male,6,1,0
13155,Smart Watches,Other Brands,772,30,Male,15,5,0
13156,Headphones,Apple,342,46,Male,9,5,1
13157,Tablets,Sony,2097,29,Female,17,2,0
13158,Laptops,Apple,1032,39,Male,5,2,0
13159,Laptops,Samsung,995,49,Female,17,3,1
13160,Smartphones,Samsung,2025,43,Female,12,5,1
13161,Tablets,Other Brands,2046,57,Male,18,4,1
13162,Laptops,Other Brands,2321,30,Female,10,3,0
13163,Smart Watches,Apple,1295,41,Female,6,2,1
13164,Headphones,Other Brands,697,58,Male,18,5,1
13165,Tablets,Other Brands,1437,39,Male,17,4,1
13166,Smart Watches,HP,1427,31,Male,12,3,0
13167,Smartphones,HP,2724,46,Male,13,3,0
13168,Tablets,Other Brands,2299,58,Female,11,2,1
13169,Smart Watches,Apple,2313,33,Female,16,5,1
13170,Laptops,HP,2192,20,Male,1,1,0
13171,Laptops,HP,374,61,Female,4,3,1
13172,Laptops,Samsung,496,56,Female,8,1,1
13173,Laptops,Other Brands,2035,44,Female,7,2,1
13174,Smartphones,Other Brands,1861,65,Male,19,1,0
13175,Tablets,HP,234,34,Male,14,3,0
13176,Tablets,Samsung,841,42,Female,3,4,1
13177,Smartphones,HP,794,46,Female,8,1,1
13178,Laptops,HP,2845,65,Male,18,4,1
13179,Tablets,Sony,258,59,Female,15,1,1
13180,Smart Watches,HP,1861,68,Female,3,2,1
13181,Smartphones,Apple,2655,21,Female,2,3,0
13182,Smart Watches,HP,2209,32,Female,10,4,1
13183,Headphones,Other Brands,2285,28,Female,19,4,1
13184,Tablets,Sony,2388,63,Female,19,2,1
13185,Tablets,Apple,735,24,Male,6,3,0
13186,Laptops,Samsung,1257,56,Female,16,5,1
13187,Smart Watches,Sony,2583,47,Male,15,4,1
13188,Smartphones,HP,1983,23,Male,3,4,0
13189,Smartphones,Sony,1242,31,Female,10,3,1
13190,Smart Watches,Other Brands,1334,66,Female,14,4,1
13191,Smart Watches,Samsung,1317,51,Female,15,2,1
13192,Laptops,HP,1632,37,Female,11,2,1
13193,Tablets,Other Brands,1454,42,Male,18,3,0
13194,Tablets,HP,371,65,Male,10,1,0
13195,Smartphones,Sony,2212,45,Male,7,4,1
13196,Smart Watches,Samsung,459,45,Female,2,3,1
13197,Smart Watches,Other Brands,1423,68,Female,4,1,1
13198,Smart Watches,Other Brands,953,69,Female,1,1,1
13199,Headphones,Sony,2156,40,Female,9,5,1
13200,Tablets,Sony,2820,61,Female,14,5,1
13201,Tablets,Sony,2837,48,Female,2,3,1
13202,Smart Watches,Sony,789,31,Male,9,5,1
13203,Headphones,Sony,2883,22,Female,14,1,0
13204,Smart Watches,Samsung,2802,18,Female,3,5,1
13205,Laptops,HP,2605,43,Male,4,3,0
13206,Smart Watches,HP,1237,51,Female,10,5,1
13207,Headphones,Apple,389,55,Female,15,2,1
13208,Smart Watches,Other Brands,816,62,Female,5,4,1
13209,Laptops,Sony,820,32,Male,15,4,1
13210,Smartphones,Apple,2289,23,Male,5,3,0
13211,Laptops,Sony,1399,26,Male,7,1,0
13212,Tablets,Samsung,2839,20,Female,3,4,1
13213,Laptops,Samsung,2997,23,Female,5,3,0
13214,Smart Watches,Apple,2755,43,Male,14,3,0
13215,Smartphones,Apple,2268,46,Female,3,4,1
13216,Tablets,Other Brands,1150,36,Male,19,4,1
13217,Laptops,Sony,1194,64,Female,3,3,1
13218,Tablets,Other Brands,2095,47,Female,16,5,1
13219,Tablets,Other Brands,2122,29,Female,18,4,1
13220,Tablets,Apple,1966,59,Female,1,1,1
13221,Headphones,HP,2809,33,Female,6,2,1
13222,Laptops,Samsung,1855,64,Female,15,1,1
13223,Smart Watches,Samsung,334,66,Male,13,4,1
13224,Smartphones,Samsung,2604,56,Female,2,3,1
13225,Laptops,Sony,1352,23,Male,4,1,0
13226,Smartphones,Apple,2308,28,Female,15,4,1
13227,Smartphones,HP,162,64,Male,19,1,0
13228,Laptops,Samsung,1175,36,Male,11,3,0
13229,Smartphones,Samsung,2180,25,Female,4,2,0
13230,Laptops,Sony,449,38,Female,14,2,1
13231,Smartphones,HP,2397,53,Male,3,5,1
13232,Tablets,Sony,1909,58,Male,9,5,1
13233,Smart Watches,Other Brands,1754,27,Male,12,5,0
13234,Smart Watches,Apple,482,40,Male,4,5,1
13235,Laptops,Other Brands,2533,27,Female,13,3,0
13236,Tablets,Sony,237,54,Female,1,4,1
13237,Tablets,Sony,2874,33,Female,7,1,1
13238,Headphones,HP,1670,58,Female,10,4,1
13239,Laptops,Samsung,2252,62,Male,4,3,0
13240,Tablets,Sony,222,43,Male,15,2,0
13241,Smartphones,Other Brands,1594,23,Male,5,1,0
13242,Laptops,HP,2624,61,Female,5,5,1
13243,Smart Watches,Samsung,2941,52,Male,9,4,1
13244,Headphones,HP,237,43,Female,17,1,1
13245,Headphones,Samsung,2079,26,Male,3,5,0
13246,Smart Watches,Samsung,2777,56,Male,5,1,0
13247,Tablets,Other Brands,667,49,Male,17,3,0
13248,Laptops,Other Brands,728,69,Male,12,3,0
13249,Laptops,Sony,2803,22,Female,7,3,0
13250,Headphones,Sony,1913,20,Female,17,1,0
13251,Smartphones,Samsung,167,25,Female,14,4,1
13252,Smartphones,HP,110,66,Male,10,3,0
13253,Tablets,Samsung,325,39,Female,3,5,1
13254,Headphones,Other Brands,604,69,Female,3,5,1
13255,Headphones,Other Brands,2953,51,Female,12,5,1
13256,Smart Watches,HP,1108,63,Female,14,4,1
13257,Laptops,HP,639,19,Male,14,1,0
13258,Smartphones,Samsung,1215,64,Female,18,5,1
13259,Laptops,HP,706,29,Female,14,4,1
13260,Tablets,Sony,748,45,Female,11,5,1
13261,Headphones,Sony,2331,43,Female,9,3,1
13262,Smartphones,Apple,1174,48,Female,1,4,1
13263,Laptops,Other Brands,2555,29,Male,10,5,0
13264,Headphones,Apple,1907,24,Male,19,4,0
13265,Smartphones,Samsung,2395,63,Female,3,5,1
13266,Smartphones,Other Brands,596,58,Male,3,3,0
13267,Headphones,Sony,2286,64,Female,9,3,1
13268,Smart Watches,Other Brands,989,44,Female,1,2,1
13269,Smartphones,Sony,1128,51,Male,19,4,1
13270,Headphones,Apple,2815,52,Male,11,4,1
13271,Headphones,HP,2124,19,Male,17,3,0
13272,Laptops,Apple,2649,24,Female,12,4,1
13273,Smartphones,Other Brands,477,67,Female,17,5,1
13274,Smart Watches,Apple,2002,48,Female,19,5,1
13275,Tablets,HP,2665,35,Male,1,5,1
13276,Laptops,Apple,2349,50,Female,9,5,1
13277,Laptops,Other Brands,1747,31,Male,12,1,0
13278,Smartphones,Samsung,1794,26,Female,4,4,1
13279,Headphones,Other Brands,2201,48,Female,13,3,1
13280,Smartphones,HP,1287,33,Male,3,3,0
13281,Headphones,Sony,2636,59,Female,17,4,1
13282,Headphones,Apple,1807,42,Female,15,2,1
13283,Smart Watches,HP,511,21,Female,11,4,1
13284,Tablets,Other Brands,239,64,Male,19,4,1
13285,Smartphones,HP,159,67,Male,12,5,1
13286,Tablets,HP,734,54,Female,8,3,1
13287,Tablets,Samsung,2807,49,Female,4,3,1
13288,Smart Watches,Other Brands,2876,66,Male,3,4,1
13289,Tablets,Sony,2637,66,Female,16,1,1
13290,Smartphones,HP,1018,39,Male,4,1,0
13291,Laptops,Other Brands,2501,67,Female,15,4,1
13292,Smart Watches,Apple,2138,57,Female,3,4,1
13293,Headphones,Samsung,2579,50,Male,18,5,1
13294,Smartphones,Samsung,1948,64,Female,9,5,1
13295,Tablets,Other Brands,313,56,Female,17,4,1
13296,Tablets,Other Brands,2883,62,Female,9,1,1
13297,Laptops,Other Brands,1521,43,Female,2,1,1
13298,Smart Watches,Apple,736,24,Male,14,5,0
13299,Headphones,Apple,2819,51,Female,3,3,1
13300,Smart Watches,HP,1740,63,Male,14,4,1
13301,Smart Watches,Sony,1630,19,Female,12,2,0
13302,Tablets,Apple,2917,43,Female,12,1,1
13303,Laptops,Samsung,1028,30,Male,9,4,0
13304,Smart Watches,Samsung,1297,23,Female,15,3,0
13305,Smart Watches,HP,1621,47,Male,9,4,1
13306,Headphones,HP,1930,31,Female,14,1,1
13307,Laptops,HP,1191,68,Female,3,4,1
13308,Smart Watches,Sony,2829,47,Male,6,5,1
13309,Laptops,HP,694,24,Male,6,4,0
13310,Smartphones,Other Brands,666,58,Female,11,5,1
13311,Smartphones,Sony,1412,38,Male,5,4,1
13312,Headphones,Apple,1947,50,Female,6,2,1
13313,Smart Watches,Samsung,2226,33,Male,2,3,0
13314,Laptops,HP,545,49,Male,16,3,0
13315,Smart Watches,Other Brands,1185,48,Female,16,5,1
13316,Tablets,Sony,2096,24,Male,5,5,0
13317,Headphones,HP,2871,61,Male,9,1,0
13318,Laptops,HP,326,66,Female,15,5,1
13319,Headphones,HP,2792,58,Male,12,4,1
13320,Smart Watches,Sony,239,43,Female,19,5,1
13321,Smartphones,Other Brands,1013,32,Male,17,3,0
13322,Smart Watches,Apple,1579,41,Female,2,1,1
13323,Headphones,Sony,1209,29,Female,13,3,0
13324,Headphones,Sony,2379,34,Female,10,1,1
13325,Headphones,HP,2112,59,Female,18,2,1
13326,Smart Watches,HP,964,40,Male,17,3,0
13327,Laptops,HP,1657,52,Female,6,4,1
13328,Laptops,HP,2265,56,Female,11,3,1
13329,Tablets,Other Brands,996,28,Female,11,2,0
13330,Smartphones,Samsung,363,48,Male,1,2,0
13331,Smartphones,Samsung,2568,31,Female,14,5,1
13332,Smart Watches,Apple,1882,62,Male,13,2,0
13333,Headphones,Other Brands,2503,48,Female,14,1,1
13334,Laptops,Other Brands,1907,57,Male,16,5,1
13335,Tablets,Sony,2692,23,Female,9,5,1
13336,Smart Watches,Sony,2840,32,Male,16,3,0
13337,Smartphones,Sony,1820,30,Female,7,2,0
13338,Tablets,Samsung,2925,53,Female,9,2,1
13339,Laptops,Apple,2345,33,Female,11,4,1
13340,Headphones,Samsung,920,33,Female,1,5,1
13341,Headphones,Sony,1531,41,Female,16,3,1
13342,Smartphones,HP,724,37,Male,1,4,1
13343,Laptops,Sony,2220,43,Female,19,3,1
13344,Smart Watches,HP,2303,53,Male,17,4,1
13345,Laptops,Other Brands,1269,36,Female,2,3,1
13346,Laptops,Other Brands,1136,45,Female,4,2,1
13347,Smart Watches,HP,1478,62,Female,19,5,1
13348,Smart Watches,Samsung,1338,68,Female,9,5,1
13349,Laptops,Sony,568,32,Female,3,5,1
13350,Smartphones,HP,2999,21,Female,15,1,0
13351,Headphones,Other Brands,2030,36,Male,10,4,1
13352,Laptops,Sony,535,22,Female,4,1,0
13353,Laptops,Apple,325,61,Male,7,1,0
13354,Smart Watches,Other Brands,738,61,Male,17,2,0
13355,Smartphones,Samsung,138,55,Female,2,1,1
13356,Laptops,Samsung,1598,37,Male,9,3,0
13357,Tablets,Sony,1547,37,Female,4,4,1
13358,Tablets,Apple,610,39,Female,4,3,1
13359,Smartphones,Sony,1885,41,Male,4,2,0
13360,Laptops,HP,2300,55,Female,9,4,1
13361,Laptops,Sony,2306,64,Male,17,2,0
13362,Headphones,HP,1675,57,Male,2,5,1
13363,Tablets,Other Brands,2301,21,Female,10,2,0
13364,Smart Watches,Apple,1512,32,Female,14,2,1
13365,Tablets,Apple,2212,68,Female,16,2,1
13366,Laptops,Apple,2958,52,Female,16,3,1
13367,Smartphones,Other Brands,2152,43,Female,19,1,1
13368,Smartphones,HP,2031,28,Male,14,2,0
13369,Smart Watches,Samsung,1209,52,Male,14,5,1
13370,Laptops,Sony,2250,18,Male,16,4,0
13371,Laptops,Sony,2891,24,Male,19,3,0
13372,Tablets,Other Brands,382,24,Female,12,5,1
13373,Smartphones,Samsung,536,36,Female,7,4,1
13374,Headphones,HP,2752,48,Male,4,2,0
13375,Tablets,HP,1429,57,Female,13,2,1
13376,Tablets,Other Brands,2241,67,Male,9,5,1
13377,Smart Watches,Apple,1805,39,Male,17,2,0
13378,Tablets,Sony,2910,25,Female,8,2,0
13379,Laptops,Apple,2174,57,Female,15,4,1
13380,Smartphones,Sony,2101,49,Male,4,2,0
13381,Tablets,Other Brands,295,54,Female,5,2,1
13382,Laptops,HP,523,48,Female,15,5,1
13383,Smart Watches,Apple,983,61,Male,12,5,1
13384,Headphones,Other Brands,1831,40,Male,13,1,0
13385,Smart Watches,Apple,1176,54,Female,13,2,1
13386,Smartphones,Samsung,2332,47,Male,1,5,1
13387,Laptops,HP,2307,29,Female,5,5,1
13388,Laptops,Samsung,2692,54,Female,6,5,1
13389,Laptops,Apple,431,25,Male,15,3,0
13390,Laptops,Other Brands,2646,44,Female,8,5,1
13391,Headphones,Sony,1646,29,Male,9,3,0
13392,Headphones,Sony,2743,27,Female,12,5,1
13393,Laptops,Other Brands,457,58,Male,6,4,1
13394,Smart Watches,Other Brands,427,57,Female,1,1,1
13395,Tablets,Other Brands,1767,57,Female,15,2,1
13396,Smart Watches,Sony,2246,28,Male,1,1,0
13397,Laptops,HP,2376,50,Female,6,5,1
13398,Smartphones,Sony,779,36,Male,14,1,0
13399,Laptops,HP,731,35,Female,17,1,1
13400,Tablets,Samsung,1841,48,Male,4,1,0
13401,Smartphones,HP,855,44,Female,15,1,1
13402,Tablets,Samsung,658,38,Male,5,1,0
13403,Headphones,Samsung,268,26,Female,8,3,0
13404,Headphones,HP,1918,29,Female,7,4,1
13405,Tablets,Samsung,1250,32,Male,5,4,1
13406,Headphones,HP,1169,31,Female,14,5,1
13407,Headphones,Other Brands,2097,36,Female,11,4,1
13408,Headphones,HP,465,66,Female,10,1,1
13409,Smart Watches,Apple,1248,23,Male,1,4,0
13410,Tablets,Samsung,2620,51,Female,1,3,1
13411,Laptops,HP,2633,57,Male,10,1,0
13412,Headphones,Sony,2274,68,Female,11,5,1
13413,Tablets,Sony,1792,66,Male,14,3,0
13414,Smart Watches,Other Brands,2805,28,Female,19,4,1
13415,Smartphones,Other Brands,2574,57,Male,14,5,1
13416,Headphones,Other Brands,2934,23,Female,5,4,1
13417,Smartphones,HP,1663,23,Female,5,3,0
13418,Smart Watches,HP,948,65,Male,16,5,1
13419,Smartphones,Other Brands,2016,67,Male,15,1,0
13420,Headphones,Apple,1167,53,Male,16,4,1
13421,Smart Watches,Apple,1534,36,Female,3,3,1
13422,Headphones,HP,584,36,Female,10,1,1
13423,Smartphones,Sony,1944,23,Female,4,2,0
13424,Smart Watches,Apple,2452,65,Male,12,1,0
13425,Laptops,Sony,1086,61,Male,1,5,1
13426,Smart Watches,HP,1749,23,Male,4,4,0
13427,Laptops,Sony,2663,29,Male,19,5,0
13428,Laptops,HP,1687,19,Male,8,4,0
13429,Smartphones,HP,591,63,Female,15,3,1
13430,Laptops,HP,1841,20,Male,9,3,0
13431,Laptops,HP,1009,37,Female,3,1,1
13432,Tablets,Sony,2161,42,Male,13,2,0
13433,Smart Watches,Sony,2035,43,Female,14,5,1
13434,Headphones,Samsung,2233,52,Male,19,1,0
13435,Smart Watches,HP,117,58,Female,4,1,1
13436,Smart Watches,Other Brands,1641,59,Female,5,4,1
13437,Laptops,HP,1226,61,Male,7,3,0
13438,Headphones,HP,2307,24,Male,13,3,0
13439,Headphones,Apple,2492,61,Female,13,4,1
13440,Headphones,HP,1635,30,Female,16,2,0
13441,Tablets,Other Brands,2106,28,Male,19,2,0
13442,Smart Watches,Samsung,2474,43,Male,3,2,0
13443,Laptops,Sony,1636,69,Female,9,2,1
13444,Tablets,Sony,2355,69,Male,16,5,1
13445,Tablets,HP,1693,28,Female,18,3,0
13446,Tablets,Apple,1543,43,Female,13,3,1
13447,Tablets,Sony,1948,35,Male,15,4,1
13448,Laptops,Other Brands,1559,18,Female,15,4,1
13449,Smart Watches,HP,2295,63,Male,14,5,1
13450,Headphones,Other Brands,2806,32,Female,9,2,1
13451,Smartphones,Sony,375,24,Male,7,2,0
13452,Laptops,Apple,1569,49,Female,14,2,1
13453,Tablets,Sony,881,65,Female,11,5,1
13454,Laptops,Sony,640,22,Female,9,3,0
13455,Tablets,HP,1326,57,Female,16,2,1
13456,Laptops,Other Brands,1096,22,Male,19,3,0
13457,Smart Watches,Sony,1617,29,Male,2,4,0
13458,Smartphones,Apple,182,41,Male,12,5,1
13459,Laptops,Sony,1666,30,Male,15,2,0
13460,Headphones,Other Brands,1120,43,Male,2,4,1
13461,Smart Watches,Samsung,2809,62,Male,16,2,0
13462,Headphones,Other Brands,907,57,Female,8,5,1
13463,Laptops,Other Brands,2188,34,Female,16,4,1
13464,Headphones,Sony,2328,65,Male,11,4,1
13465,Smartphones,Sony,476,31,Female,7,3,1
13466,Tablets,Apple,2644,18,Male,4,4,0
13467,Smartphones,Other Brands,1451,37,Female,10,1,1
13468,Tablets,Other Brands,1521,18,Female,19,5,1
13469,Tablets,Other Brands,746,40,Male,7,3,0
13470,Smart Watches,HP,694,58,Female,6,5,1
13471,Tablets,Sony,564,55,Male,18,2,0
13472,Laptops,HP,1749,20,Male,19,1,0
13473,Laptops,Sony,1576,43,Male,16,3,0
13474,Smart Watches,Sony,2575,53,Female,11,2,1
13475,Headphones,Samsung,1674,60,Male,17,3,0
13476,Laptops,HP,1302,64,Female,7,5,1
13477,Tablets,Sony,2920,54,Male,4,2,0
13478,Smart Watches,Apple,2707,49,Female,1,4,1
13479,Headphones,HP,2705,53,Female,6,5,1
13480,Headphones,Apple,1581,28,Female,12,1,0
13481,Smart Watches,Samsung,2686,60,Female,14,2,1
13482,Tablets,Sony,1231,24,Male,3,2,0
13483,Laptops,Other Brands,489,34,Male,5,3,0
13484,Laptops,Samsung,1165,55,Female,12,4,1
13485,Headphones,Samsung,2889,33,Male,13,1,0
13486,Tablets,Apple,1395,67,Female,11,4,1
13487,Headphones,Apple,2457,64,Female,17,1,1
13488,Tablets,Other Brands,2636,52,Female,16,1,1
13489,Laptops,Apple,1185,42,Male,10,2,0
13490,Smartphones,HP,1102,29,Male,9,2,0
13491,Tablets,Apple,197,36,Female,10,5,1
13492,Tablets,Apple,2771,27,Female,12,3,0
13493,Smartphones,HP,1248,43,Male,15,4,1
13494,Tablets,HP,596,54,Female,1,1,1
13495,Tablets,Other Brands,1989,51,Female,1,4,1
13496,Laptops,Samsung,2271,29,Male,15,1,0
13497,Laptops,Samsung,2582,20,Male,11,4,0
13498,Laptops,Other Brands,445,28,Male,2,5,0
13499,Smartphones,Sony,1672,45,Female,13,5,1
13500,Smart Watches,Other Brands,2052,50,Male,7,3,0
13501,Tablets,Apple,1804,37,Female,11,5,1
13502,Laptops,HP,1587,27,Male,8,1,0
13503,Smartphones,Sony,1613,64,Male,14,5,1
13504,Headphones,Other Brands,1657,69,Male,5,2,0
13505,Smartphones,Sony,2823,54,Male,17,1,0
13506,Tablets,Apple,973,24,Male,15,5,0
13507,Laptops,Samsung,2968,38,Male,10,3,0
13508,Smart Watches,Samsung,632,26,Male,18,1,0
13509,Tablets,Other Brands,1428,65,Female,7,1,1
13510,Smartphones,Apple,2636,57,Female,12,3,1
13511,Smart Watches,Apple,1434,43,Male,13,1,0
13512,Smartphones,Samsung,2612,19,Female,2,5,1
13513,Laptops,Samsung,1361,38,Male,18,3,0
13514,Smartphones,Sony,2834,31,Female,11,4,1
13515,Headphones,Other Brands,2044,28,Female,19,3,0
13516,Laptops,HP,2935,54,Female,17,1,1
13517,Headphones,Apple,2871,53,Female,19,1,1
13518,Smartphones,Samsung,327,54,Male,7,2,0
13519,Headphones,Sony,1615,53,Female,3,3,1
13520,Smart Watches,Apple,289,46,Female,3,4,1
13521,Headphones,Apple,797,62,Male,14,2,0
13522,Laptops,Samsung,1214,29,Male,3,4,0
13523,Smart Watches,Sony,625,46,Male,13,2,0
13524,Headphones,Apple,1826,44,Female,9,3,1
13525,Headphones,HP,2313,49,Male,15,2,0
13526,Smart Watches,HP,2375,31,Female,17,4,1
13527,Smartphones,HP,671,21,Female,1,3,0
13528,Tablets,Samsung,2313,38,Male,6,3,0
13529,Smart Watches,Samsung,2952,37,Female,16,2,1
13530,Headphones,Samsung,2909,60,Female,5,5,1
13531,Smart Watches,Sony,1196,60,Female,4,3,1
13532,Tablets,Sony,2117,20,Female,6,5,1
13533,Tablets,Apple,513,30,Male,3,5,0
13534,Smartphones,Apple,549,69,Male,16,5,1
13535,Tablets,Sony,847,51,Male,3,5,1
13536,Laptops,Apple,1147,47,Male,18,5,1
13537,Smartphones,Apple,2268,25,Female,13,3,0
13538,Headphones,Other Brands,2869,52,Male,11,4,1
13539,Laptops,Apple,1159,54,Male,4,3,0
13540,Headphones,Samsung,574,23,Male,10,2,0
13541,Smartphones,Samsung,884,45,Male,3,3,0
13542,Tablets,Sony,106,25,Female,2,3,0
13543,Headphones,Other Brands,334,43,Female,13,3,1
13544,Smartphones,HP,555,34,Male,16,1,0
13545,Smart Watches,Other Brands,2078,29,Male,10,1,0
13546,Smart Watches,Apple,228,39,Female,19,1,1
13547,Laptops,HP,1666,62,Female,15,3,1
13548,Headphones,Apple,434,30,Female,5,1,0
13549,Headphones,HP,2334,52,Female,8,2,1
13550,Headphones,Samsung,779,64,Male,10,2,0
13551,Tablets,Apple,2089,27,Male,12,1,0
13552,Smartphones,Other Brands,1672,33,Female,3,3,1
13553,Smartphones,Other Brands,1755,26,Female,9,4,1
13554,Smartphones,Samsung,2676,31,Male,10,4,1
13555,Laptops,Samsung,2349,33,Male,13,3,0
13556,Smartphones,Apple,475,28,Male,2,5,0
13557,Headphones,Samsung,2806,19,Female,2,3,0
13558,Smartphones,Samsung,2091,20,Female,17,2,0
13559,Smartphones,Other Brands,2207,52,Male,4,5,1
13560,Smart Watches,Samsung,1988,18,Female,7,4,1
13561,Laptops,Samsung,1483,41,Female,3,1,1
13562,Smartphones,Samsung,2595,54,Male,13,5,1
13563,Smart Watches,Apple,1107,25,Female,14,1,0
13564,Laptops,Sony,2176,62,Male,18,1,0
13565,Laptops,HP,2251,39,Male,13,5,1
13566,Laptops,Sony,1208,21,Male,11,2,0
13567,Smart Watches,Apple,1711,35,Female,2,5,1
13568,Laptops,HP,2860,33,Male,9,1,0
13569,Laptops,Sony,1702,62,Female,11,4,1
13570,Smart Watches,Other Brands,710,31,Female,6,5,1
13571,Smart Watches,Apple,115,28,Female,10,4,1
13572,Laptops,Sony,2244,43,Female,19,4,1
13573,Laptops,Other Brands,2066,18,Male,13,3,0
13574,Headphones,HP,401,55,Male,17,3,0
13575,Tablets,Apple,1381,47,Male,12,4,1
13576,Smart Watches,Other Brands,555,42,Female,8,5,1
13577,Tablets,Samsung,474,46,Male,3,2,0
13578,Smart Watches,Other Brands,125,19,Male,8,1,0
13579,Tablets,HP,1193,22,Female,7,1,0
13580,Laptops,Other Brands,452,66,Female,19,2,1
13581,Smart Watches,Samsung,2363,47,Female,11,1,1
13582,Smartphones,Samsung,511,55,Female,14,2,1
13583,Headphones,Apple,353,51,Female,5,2,1
13584,Tablets,Apple,2272,23,Female,17,1,0
13585,Tablets,Samsung,1477,57,Female,16,5,1
13586,Laptops,Sony,2671,18,Male,19,3,0
13587,Smart Watches,Other Brands,123,53,Male,8,5,1
13588,Headphones,Sony,2050,33,Female,11,2,1
13589,Tablets,Apple,902,64,Female,12,4,1
13590,Smart Watches,HP,2125,42,Male,5,4,1
13591,Laptops,Apple,590,47,Female,2,2,1
13592,Smartphones,Sony,443,49,Male,14,5,1
13593,Headphones,Other Brands,1798,20,Male,5,1,0
13594,Laptops,Sony,1793,40,Female,10,3,1
13595,Smartphones,Sony,1600,49,Female,12,5,1
13596,Laptops,HP,107,33,Male,14,1,0
13597,Smartphones,Apple,1505,41,Female,10,1,1
13598,Smartphones,HP,885,60,Male,16,3,0
13599,Tablets,Samsung,1012,66,Female,13,2,1
13600,Headphones,Sony,440,31,Male,3,3,0
13601,Smart Watches,Sony,1146,58,Male,2,4,1
13602,Tablets,Samsung,484,32,Male,7,5,1
13603,Smartphones,Sony,117,40,Female,18,1,1
13604,Tablets,Other Brands,1986,63,Male,15,1,0
13605,Smart Watches,Samsung,1965,27,Female,16,3,0
13606,Headphones,HP,1389,19,Male,3,5,0
13607,Headphones,HP,1125,62,Female,9,4,1
13608,Smart Watches,Samsung,2880,51,Male,12,3,0
13609,Tablets,Samsung,2077,41,Female,17,1,1
13610,Smart Watches,Other Brands,373,67,Male,13,3,0
13611,Smart Watches,HP,2639,34,Male,11,3,0
13612,Tablets,Sony,2429,37,Female,9,5,1
13613,Smartphones,Samsung,603,29,Female,17,2,0
13614,Tablets,HP,278,42,Female,14,4,1
13615,Laptops,HP,2513,53,Female,7,4,1
13616,Headphones,HP,2764,43,Female,1,5,1
13617,Laptops,Other Brands,1623,29,Male,11,3,0
13618,Smart Watches,Sony,533,27,Female,3,5,1
13619,Smart Watches,Sony,2953,24,Male,3,5,0
13620,Laptops,Samsung,1577,24,Male,18,2,0
13621,Smart Watches,Samsung,1289,46,Female,15,1,1
13622,Headphones,Sony,746,61,Male,17,4,1
13623,Tablets,Sony,1805,52,Female,4,4,1
13624,Smartphones,Apple,1266,63,Female,12,5,1
13625,Smart Watches,Other Brands,321,41,Female,10,1,1
13626,Smart Watches,Samsung,853,27,Male,9,4,0
13627,Smart Watches,Samsung,2959,20,Male,2,3,0
13628,Smartphones,Other Brands,2065,34,Female,16,5,1
13629,Smart Watches,HP,2679,42,Female,3,2,1
13630,Smartphones,Apple,2788,68,Female,16,3,1
13631,Tablets,Sony,2243,33,Female,9,5,1
13632,Headphones,HP,2525,21,Female,8,5,1
13633,Laptops,Sony,2408,19,Male,5,2,0
13634,Laptops,Sony,282,47,Female,2,4,1
13635,Smartphones,Sony,2702,31,Male,10,4,1
13636,Headphones,Samsung,411,18,Male,7,1,0
13637,Laptops,Other Brands,1749,19,Female,10,2,0
13638,Smartphones,Sony,192,65,Male,18,1,0
13639,Smartphones,Samsung,1445,47,Female,3,1,1
13640,Headphones,HP,2126,27,Male,14,3,0
13641,Smartphones,Apple,322,19,Male,8,3,0
13642,Laptops,Sony,1331,56,Male,10,3,0
13643,Smart Watches,Sony,952,67,Male,9,3,0
13644,Tablets,Sony,908,47,Male,6,5,1
13645,Tablets,HP,2212,43,Female,1,2,1
13646,Smart Watches,Sony,399,55,Male,12,4,1
13647,Smart Watches,Apple,1253,47,Male,18,3,0
13648,Laptops,Sony,781,65,Male,16,2,0
13649,Smart Watches,Sony,634,22,Male,8,1,0
13650,Smartphones,HP,2371,33,Female,2,2,1
13651,Laptops,Other Brands,2077,66,Male,16,3,0
13652,Tablets,Sony,443,38,Male,4,2,0
13653,Smartphones,Sony,396,55,Female,17,2,1
13654,Headphones,HP,390,45,Female,19,1,1
13655,Smart Watches,Samsung,2908,43,Female,12,2,1
13656,Smart Watches,Other Brands,1558,53,Male,19,2,0
13657,Smart Watches,Other Brands,2011,22,Female,17,1,0
13658,Headphones,HP,2035,42,Male,6,4,1
13659,Tablets,HP,2136,26,Male,3,4,0
13660,Smartphones,Other Brands,779,18,Female,2,3,0
13661,Smart Watches,HP,2434,41,Male,4,4,1
13662,Laptops,Sony,945,24,Female,1,3,0
13663,Smartphones,Samsung,1102,62,Male,1,4,1
13664,Tablets,Samsung,251,64,Male,15,2,0
13665,Smart Watches,HP,2343,25,Male,18,5,0
13666,Tablets,Other Brands,340,52,Male,8,5,1
13667,Tablets,Apple,1449,56,Male,10,1,0
13668,Headphones,Apple,953,19,Female,9,5,1
13669,Smartphones,Samsung,1702,34,Male,4,2,0
13670,Headphones,Sony,1834,39,Male,15,5,1
13671,Smartphones,Other Brands,1231,63,Male,2,3,0
13672,Smart Watches,HP,1959,45,Male,9,1,0
13673,Tablets,Apple,2513,29,Female,17,1,0
13674,Headphones,Apple,1360,61,Female,7,4,1
13675,Headphones,Other Brands,2779,28,Female,5,3,0
13676,Laptops,Apple,2239,19,Male,3,2,0
13677,Smartphones,Samsung,963,58,Female,11,2,1
13678,Smartphones,HP,2054,32,Female,8,2,1
13679,Laptops,Apple,382,43,Male,8,4,1
13680,Tablets,Sony,1580,31,Female,2,2,1
13681,Smart Watches,HP,2153,41,Male,5,5,1
13682,Smart Watches,Sony,2937,60,Female,3,1,1
13683,Headphones,Apple,1448,29,Female,4,3,0
13684,Laptops,Sony,503,26,Male,12,2,0
13685,Smartphones,HP,358,61,Male,11,3,0
13686,Tablets,Sony,649,18,Male,5,4,0
13687,Headphones,Samsung,2328,48,Female,3,3,1
13688,Headphones,HP,929,33,Male,18,2,0
13689,Smart Watches,HP,249,28,Female,2,1,0
13690,Smartphones,Sony,1557,57,Female,11,3,1
13691,Smartphones,HP,1496,46,Female,18,5,1
13692,Tablets,Other Brands,1488,37,Female,19,5,1
13693,Laptops,Other Brands,904,31,Female,13,3,1
13694,Smart Watches,Other Brands,1273,37,Female,15,3,1
13695,Headphones,Sony,2209,26,Female,7,2,0
13696,Smart Watches,Samsung,1937,34,Male,13,3,0
13697,Headphones,Samsung,2066,59,Female,16,4,1
13698,Headphones,Samsung,1328,55,Female,6,5,1
13699,Smartphones,HP,1031,63,Female,8,1,1
13700,Tablets,Samsung,932,66,Male,7,2,0
13701,Tablets,Other Brands,1361,38,Male,15,3,0
13702,Smartphones,Sony,1839,30,Male,17,2,0
13703,Smart Watches,Sony,2801,35,Female,3,5,1
13704,Smartphones,Apple,962,65,Female,10,4,1
13705,Smart Watches,Sony,1476,29,Female,14,3,0
13706,Headphones,Samsung,560,39,Female,19,1,1
13707,Smartphones,Sony,2350,68,Male,10,1,0
13708,Headphones,HP,1372,69,Male,7,3,0
13709,Headphones,Sony,594,64,Female,2,2,1
13710,Smart Watches,Sony,393,57,Female,7,2,1
13711,Smart Watches,Sony,2754,36,Female,5,1,1
13712,Laptops,Other Brands,715,29,Male,11,1,0
13713,Smartphones,Apple,2129,54,Female,14,4,1
13714,Smartphones,Samsung,906,50,Female,3,4,1
13715,Smartphones,HP,2751,50,Male,18,5,1
13716,Headphones,Other Brands,530,48,Female,11,5,1
13717,Smartphones,HP,1548,52,Male,15,1,0
13718,Smart Watches,Samsung,270,55,Female,13,5,1
13719,Headphones,Apple,2768,62,Male,9,5,1
13720,Laptops,Apple,1312,41,Male,9,5,1
13721,Tablets,Apple,2220,55,Female,8,2,1
13722,Smartphones,Other Brands,1637,22,Female,18,5,1
13723,Smart Watches,Apple,608,62,Female,6,5,1
13724,Laptops,Apple,1802,39,Female,5,2,1
13725,Tablets,HP,2290,40,Male,4,5,1
13726,Tablets,Sony,1962,62,Female,1,1,1
13727,Tablets,Apple,2389,66,Female,17,1,1
13728,Laptops,Other Brands,105,27,Male,5,2,0
13729,Smartphones,Apple,2927,40,Female,6,2,1
13730,Smartphones,Sony,1913,30,Female,4,1,0
13731,Headphones,Other Brands,724,67,Female,17,1,1
13732,Laptops,HP,720,24,Female,3,4,1
13733,Laptops,HP,2941,26,Female,15,1,0
13734,Smart Watches,Other Brands,1466,26,Female,9,5,1
13735,Headphones,Sony,1523,32,Male,8,3,0
13736,Tablets,Apple,2759,66,Female,9,4,1
13737,Laptops,Sony,1518,48,Female,9,4,1
13738,Laptops,Other Brands,2263,42,Female,13,4,1
13739,Tablets,Sony,319,56,Female,12,5,1
13740,Tablets,Apple,1450,62,Male,9,4,1
13741,Headphones,HP,1648,54,Female,10,2,1
13742,Tablets,Samsung,2743,44,Female,15,3,1
13743,Headphones,Samsung,2568,33,Male,6,5,1
13744,Smart Watches,Samsung,2834,50,Female,16,2,1
13745,Headphones,Sony,1243,21,Male,17,4,0
13746,Tablets,Sony,2130,65,Female,13,3,1
13747,Tablets,Apple,446,66,Male,17,5,1
13748,Headphones,HP,2411,61,Female,3,3,1
13749,Smartphones,Apple,2186,18,Male,6,3,0
13750,Headphones,Apple,1125,22,Male,7,5,0
13751,Laptops,Apple,1749,38,Female,4,2,1
13752,Headphones,Apple,2358,21,Male,3,5,0
13753,Smartphones,Sony,653,46,Male,5,4,1
13754,Tablets,Apple,1300,58,Male,18,1,0
13755,Tablets,Samsung,2515,24,Female,12,4,1
13756,Laptops,Other Brands,444,69,Male,2,5,1
13757,Tablets,Sony,1814,34,Male,7,5,1
13758,Laptops,HP,961,66,Male,15,2,0
13759,Tablets,Samsung,843,18,Male,14,2,0
13760,Smart Watches,Sony,213,51,Female,11,2,1
13761,Smart Watches,Samsung,1707,69,Female,12,1,1
13762,Tablets,Sony,1568,69,Female,12,4,1
13763,Headphones,Apple,2709,28,Male,19,2,0
13764,Smart Watches,Samsung,1734,37,Female,1,5,1
13765,Headphones,Other Brands,2793,41,Male,4,3,0
13766,Headphones,Other Brands,1769,34,Female,11,5,1
13767,Smartphones,HP,1694,38,Female,11,2,1
13768,Laptops,Samsung,190,40,Male,3,4,1
13769,Headphones,Sony,974,60,Female,9,1,1
13770,Smartphones,Apple,2343,51,Male,17,3,0
13771,Laptops,Other Brands,1597,52,Female,10,3,1
13772,Headphones,Other Brands,177,37,Female,18,2,1
13773,Headphones,Other Brands,1044,20,Female,10,2,0
13774,Smartphones,Samsung,152,26,Male,8,2,0
13775,Headphones,Samsung,134,45,Female,18,2,1
13776,Laptops,Other Brands,1172,46,Male,4,2,0
13777,Tablets,HP,2130,19,Male,4,4,0
13778,Smart Watches,Apple,1598,59,Male,19,3,0
13779,Tablets,Other Brands,2629,31,Male,17,1,0
13780,Headphones,Apple,1324,62,Male,16,5,1
13781,Smartphones,Sony,2212,61,Female,13,2,1
13782,Headphones,Samsung,2168,48,Male,18,5,1
13783,Tablets,Sony,397,48,Female,14,3,1
13784,Smartphones,Apple,773,33,Male,15,3,0
13785,Smartphones,Samsung,1890,34,Female,18,2,1
13786,Headphones,Apple,1941,39,Male,2,1,0
13787,Smart Watches,HP,1999,32,Male,10,3,0
13788,Headphones,Other Brands,1892,51,Male,18,2,0
13789,Laptops,Samsung,2422,46,Female,18,5,1
13790,Smartphones,Sony,2654,37,Female,4,1,1
13791,Tablets,Samsung,2826,28,Female,13,2,0
13792,Tablets,Apple,1228,28,Male,11,2,0
13793,Smartphones,Samsung,2808,53,Male,6,1,0
13794,Smart Watches,Samsung,1017,40,Male,16,5,1
13795,Smart Watches,Samsung,1546,44,Female,5,4,1
13796,Smartphones,Other Brands,2004,48,Male,4,5,1
13797,Tablets,Sony,1974,24,Female,5,5,1
13798,Laptops,Apple,1263,31,Male,14,3,0
13799,Headphones,Apple,1317,40,Male,19,3,0
13800,Tablets,HP,1407,40,Male,14,3,0
13801,Headphones,Sony,1795,31,Female,9,2,1
13802,Laptops,Other Brands,293,63,Female,6,1,1
13803,Laptops,Apple,108,34,Male,5,2,0
13804,Smartphones,Sony,637,56,Male,16,2,0
13805,Smartphones,Apple,2844,38,Female,14,1,1
13806,Tablets,Apple,1655,44,Female,14,3,1
13807,Tablets,HP,1726,58,Male,16,1,0
13808,Tablets,Other Brands,2012,33,Female,13,4,1
13809,Laptops,Sony,1151,54,Male,16,3,0
13810,Smartphones,Sony,2668,45,Female,18,5,1
13811,Laptops,Samsung,2935,18,Female,14,1,0
13812,Smart Watches,Other Brands,2257,44,Female,6,5,1
13813,Smart Watches,Sony,843,30,Female,3,4,1
13814,Tablets,HP,1614,33,Female,13,3,1
13815,Smart Watches,Sony,1496,24,Female,10,5,1
13816,Headphones,Other Brands,2977,22,Female,10,3,0
13817,Tablets,Apple,2703,21,Female,6,4,1
13818,Headphones,Sony,2965,47,Male,2,1,0
13819,Laptops,Samsung,1414,47,Female,18,5,1
13820,Headphones,Sony,2883,59,Male,14,3,0
13821,Headphones,Other Brands,2279,20,Female,13,4,1
13822,Tablets,Samsung,1580,52,Female,16,5,1
13823,Headphones,Sony,1573,68,Male,15,4,1
13824,Smart Watches,HP,2162,49,Male,12,3,0
13825,Laptops,HP,716,51,Female,5,5,1
13826,Laptops,Apple,241,62,Male,14,1,0
13827,Laptops,HP,1830,37,Female,15,3,1
13828,Smartphones,Samsung,1671,41,Male,19,5,1
13829,Smart Watches,Sony,1488,54,Male,17,5,1
13830,Headphones,HP,2851,25,Male,15,2,0
13831,Smartphones,Sony,1618,65,Female,8,4,1
13832,Laptops,Other Brands,965,42,Female,9,1,1
13833,Smart Watches,Sony,367,55,Male,1,5,1
13834,Headphones,Other Brands,2705,38,Female,5,1,1
13835,Headphones,Sony,2883,58,Male,5,3,0
13836,Smartphones,Other Brands,2890,43,Female,1,5,1
13837,Tablets,Apple,892,22,Male,17,3,0
13838,Tablets,Other Brands,2156,45,Female,2,5,1
13839,Laptops,HP,2886,69,Male,6,3,0
13840,Tablets,Other Brands,2402,49,Female,17,4,1
13841,Tablets,Apple,158,56,Male,11,5,1
13842,Smartphones,HP,2944,35,Male,13,1,0
13843,Laptops,Samsung,2192,40,Male,15,4,1
13844,Laptops,Apple,938,45,Female,8,5,1
13845,Headphones,Sony,1533,67,Male,14,5,1
13846,Headphones,Apple,1915,59,Male,18,2,0
13847,Laptops,Other Brands,2801,68,Male,6,2,0
13848,Headphones,Sony,2450,33,Male,7,4,1
13849,Headphones,Other Brands,997,46,Male,11,3,0
13850,Tablets,Samsung,1810,68,Female,10,4,1
13851,Smart Watches,HP,1789,57,Female,19,4,1
13852,Smartphones,Sony,682,53,Female,14,4,1
13853,Laptops,Sony,2611,54,Male,15,5,1
13854,Laptops,Other Brands,1421,24,Female,8,3,0
13855,Headphones,Sony,1467,28,Male,11,4,0
13856,Smart Watches,Apple,998,67,Female,19,4,1
13857,Laptops,Apple,190,46,Male,2,5,1
13858,Laptops,Apple,1370,33,Female,13,3,1
13859,Smart Watches,Samsung,337,61,Female,11,4,1
13860,Tablets,Samsung,1177,36,Female,16,4,1
13861,Laptops,Sony,108,29,Male,9,4,0
13862,Smart Watches,Samsung,1928,49,Female,4,5,1
13863,Smart Watches,Sony,436,48,Male,2,5,1
13864,Laptops,Other Brands,2419,45,Male,5,4,1
13865,Tablets,Samsung,1539,69,Female,10,5,1
13866,Smart Watches,Apple,925,21,Female,3,3,0
13867,Smartphones,Apple,657,56,Male,3,1,0
13868,Headphones,HP,2922,18,Female,18,4,1
13869,Laptops,Samsung,2808,48,Female,16,2,1
13870,Laptops,Sony,1323,53,Female,2,4,1
13871,Smart Watches,Other Brands,2628,19,Female,19,3,0
13872,Headphones,Other Brands,1237,27,Male,13,1,0
13873,Tablets,Apple,1743,25,Female,10,4,1
13874,Tablets,Samsung,726,57,Female,2,4,1
13875,Smart Watches,Samsung,2392,24,Male,10,1,0
13876,Smart Watches,Apple,1492,60,Male,17,2,0
13877,Tablets,Sony,2850,34,Female,10,2,1
13878,Tablets,Other Brands,202,25,Male,7,5,0
13879,Smart Watches,Apple,2049,68,Male,7,4,1
13880,Laptops,Sony,592,46,Male,2,2,0
13881,Smartphones,Apple,101,68,Female,11,3,1
13882,Smartphones,HP,838,48,Female,4,5,1
13883,Laptops,HP,2950,52,Female,1,4,1
13884,Smartphones,Sony,1213,44,Female,3,3,1
13885,Smart Watches,Other Brands,1186,26,Female,5,4,1
13886,Smart Watches,Apple,133,50,Female,10,3,1
13887,Tablets,Samsung,2102,50,Female,10,2,1
13888,Smartphones,Sony,2901,32,Male,7,4,1
13889,Smart Watches,Samsung,2693,61,Male,19,1,0
13890,Laptops,HP,251,41,Male,18,2,0
13891,Smartphones,Apple,2226,61,Female,17,2,1
13892,Headphones,Samsung,1247,55,Male,10,5,1
13893,Tablets,Sony,237,18,Female,18,5,1
13894,Headphones,Apple,203,41,Male,18,4,1
13895,Laptops,Samsung,2033,68,Male,7,3,0
13896,Smart Watches,Samsung,2245,61,Female,1,3,1
13897,Smart Watches,Samsung,1151,26,Female,8,3,0
13898,Tablets,Samsung,118,33,Male,4,4,1
13899,Laptops,Sony,401,60,Male,9,2,0
13900,Smartphones,HP,2888,22,Female,10,2,0
13901,Headphones,Other Brands,595,22,Female,10,3,0
13902,Laptops,Samsung,2708,56,Female,7,3,1
13903,Tablets,HP,518,25,Male,15,5,0
13904,Smartphones,Other Brands,2155,20,Male,4,1,0
13905,Smartphones,HP,1497,60,Female,17,4,1
13906,Smart Watches,HP,2303,25,Female,5,5,1
13907,Laptops,Apple,975,62,Female,9,3,1
13908,Headphones,HP,2202,20,Female,8,1,0
13909,Smart Watches,Samsung,1753,68,Male,11,1,0
13910,Tablets,Sony,2473,26,Male,6,1,0
13911,Headphones,Samsung,1956,56,Female,11,2,1
13912,Headphones,Samsung,793,65,Male,12,4,1
13913,Laptops,Apple,2313,43,Male,12,4,1
13914,Headphones,HP,347,35,Male,1,5,1
13915,Smart Watches,Samsung,2882,64,Female,12,3,1
13916,Laptops,HP,2626,37,Male,16,4,1
13917,Tablets,Apple,1744,24,Female,15,1,0
13918,Tablets,Apple,2086,69,Female,2,1,1
13919,Laptops,Apple,990,19,Male,16,5,0
13920,Smart Watches,HP,1950,27,Male,18,3,0
13921,Smartphones,HP,1048,64,Male,16,1,0
13922,Smartphones,Sony,2309,29,Male,9,4,0
13923,Smart Watches,Samsung,106,52,Female,2,2,1
13924,Smartphones,Apple,721,56,Female,10,2,1
13925,Tablets,Apple,1687,33,Male,1,5,1
13926,Smart Watches,Apple,966,41,Female,9,1,1
13927,Headphones,Sony,2234,41,Male,6,5,1
13928,Laptops,HP,1562,35,Male,12,1,0
13929,Tablets,Sony,765,31,Female,7,1,1
13930,Laptops,Apple,943,61,Male,10,4,1
13931,Headphones,HP,104,38,Male,5,3,0
13932,Smart Watches,HP,2024,21,Female,1,2,0
13933,Tablets,Samsung,1445,60,Female,11,5,1
13934,Headphones,Samsung,2108,26,Female,1,3,0
13935,Smartphones,Other Brands,1007,51,Male,2,5,1
13936,Tablets,Apple,2214,60,Male,13,1,0
13937,Tablets,Sony,2402,58,Female,19,1,1
13938,Headphones,Samsung,2703,25,Female,7,5,1
13939,Laptops,Apple,1149,35,Male,2,2,0
13940,Smartphones,Apple,2877,53,Male,15,2,0
13941,Laptops,Apple,2943,26,Female,8,5,1
13942,Smart Watches,Apple,2797,45,Female,15,2,1
13943,Laptops,Other Brands,2809,63,Male,18,5,1
13944,Tablets,Samsung,441,45,Male,11,5,1
13945,Smartphones,Apple,2976,33,Female,8,3,1
13946,Smart Watches,Sony,540,37,Female,5,5,1
13947,Smartphones,Other Brands,2646,58,Male,7,3,0
13948,Headphones,Other Brands,2247,25,Male,1,3,0
13949,Laptops,HP,2298,20,Female,7,1,0
13950,Smartphones,HP,933,54,Male,17,5,1
13951,Tablets,Sony,2342,54,Male,18,2,0
13952,Smartphones,Other Brands,1823,18,Female,12,1,0
13953,Smartphones,HP,291,41,Male,18,4,1
13954,Headphones,Samsung,2443,27,Female,19,1,0
13955,Smart Watches,Sony,1547,62,Male,12,3,0
13956,Headphones,Samsung,1425,66,Male,18,3,0
13957,Smartphones,Samsung,930,35,Female,15,2,1
13958,Smart Watches,Samsung,2585,23,Female,2,1,0
13959,Laptops,Apple,2202,25,Male,4,4,0
13960,Headphones,HP,1556,27,Male,10,2,0
13961,Tablets,HP,2417,61,Female,19,1,1
13962,Smart Watches,Samsung,437,43,Male,1,3,0
13963,Smart Watches,HP,2294,27,Male,10,2,0
13964,Laptops,Samsung,766,24,Male,18,4,0
13965,Smart Watches,Samsung,1051,59,Male,15,5,1
13966,Tablets,Samsung,944,57,Female,18,3,1
13967,Smartphones,HP,781,18,Male,8,2,0
13968,Headphones,HP,119,68,Female,16,4,1
13969,Smart Watches,HP,1011,50,Male,15,3,0
13970,Smart Watches,Sony,1955,27,Female,6,1,0
13971,Smart Watches,Sony,1073,40,Male,5,2,0
13972,Smart Watches,Sony,2524,53,Female,17,1,1
13973,Smartphones,Samsung,184,55,Male,4,2,0
13974,Tablets,HP,1262,26,Male,12,5,0
13975,Headphones,Samsung,803,31,Female,15,1,1
13976,Headphones,Apple,2695,28,Male,7,4,0
13977,Tablets,Other Brands,1240,18,Male,19,1,0
13978,Headphones,Sony,2039,43,Male,10,4,1
13979,Smart Watches,HP,160,54,Male,19,3,0
13980,Laptops,Samsung,542,26,Female,12,2,0
13981,Tablets,HP,2795,41,Female,10,1,1
13982,Laptops,Samsung,551,66,Female,18,5,1
13983,Laptops,Other Brands,2526,47,Female,3,2,1
13984,Smart Watches,Apple,706,20,Female,7,5,1
13985,Smart Watches,Sony,1618,69,Male,2,3,0
13986,Headphones,Sony,2214,34,Male,9,4,1
13987,Smart Watches,Other Brands,103,27,Male,5,4,0
13988,Tablets,Samsung,2460,48,Male,6,3,0
13989,Smart Watches,Other Brands,1081,24,Male,10,4,0
13990,Laptops,Samsung,1150,61,Female,16,5,1
13991,Smart Watches,Sony,1884,64,Female,13,4,1
13992,Tablets,Apple,1784,57,Female,13,1,1
13993,Headphones,HP,1797,34,Male,10,2,0
13994,Laptops,Sony,249,24,Male,6,5,0
13995,Laptops,Apple,2256,57,Female,13,3,1
13996,Headphones,Apple,973,51,Female,14,5,1
13997,Tablets,Sony,2476,57,Male,7,2,0
13998,Headphones,Other Brands,2557,33,Male,12,4,1
13999,Smart Watches,HP,1208,22,Male,7,3,0
14000,Smart Watches,Sony,781,53,Female,17,5,1
14001,Smartphones,Samsung,1820,56,Female,12,5,1
14002,Headphones,Sony,924,44,Female,9,2,1
14003,Headphones,Apple,1682,54,Male,12,3,0
14004,Smartphones,Sony,2373,60,Female,8,5,1
14005,Smart Watches,Samsung,1465,44,Male,16,1,0
14006,Smart Watches,HP,1317,21,Male,11,1,0
14007,Tablets,Other Brands,417,59,Female,7,2,1
14008,Smart Watches,Samsung,1034,51,Female,10,1,1
14009,Tablets,Sony,1811,59,Male,19,1,0
14010,Smart Watches,Sony,989,50,Male,17,3,0
14011,Headphones,Sony,551,25,Female,6,3,0
14012,Tablets,Other Brands,978,26,Female,5,1,0
14013,Tablets,Other Brands,1211,52,Female,4,1,1
14014,Tablets,HP,1391,35,Female,3,2,1
14015,Headphones,Other Brands,2495,56,Female,19,3,1
14016,Smartphones,Other Brands,2286,41,Male,6,4,1
14017,Smartphones,Sony,1192,20,Male,3,3,0
14018,Laptops,Samsung,1269,42,Male,11,1,0
14019,Smartphones,HP,1753,18,Female,2,2,0
14020,Laptops,HP,1204,35,Male,13,5,1
14021,Tablets,HP,2213,58,Female,3,2,1
14022,Headphones,Other Brands,2077,60,Male,10,3,0
14023,Smart Watches,HP,2258,57,Male,10,3,0
14024,Smartphones,Sony,1044,35,Male,7,2,0
14025,Smartphones,Apple,2238,27,Male,13,3,0
14026,Smartphones,HP,1733,25,Female,17,1,0
14027,Laptops,Sony,1735,29,Female,17,4,1
14028,Smart Watches,Samsung,995,21,Female,16,3,0
14029,Smart Watches,Apple,2572,63,Male,9,4,1
14030,Smartphones,Sony,1046,28,Female,15,3,0
14031,Laptops,Apple,2333,21,Female,12,3,0
14032,Smart Watches,Sony,1859,22,Male,6,3,0
14033,Laptops,Samsung,1972,28,Female,12,2,0
14034,Headphones,Other Brands,1055,52,Male,8,5,1
14035,Smartphones,Sony,1948,38,Female,18,2,1
14036,Tablets,Other Brands,2936,54,Male,5,2,0
14037,Smart Watches,HP,272,40,Female,11,4,1
14038,Smartphones,HP,2124,36,Male,2,2,0
14039,Smart Watches,Samsung,1623,59,Female,19,2,1
14040,Laptops,Samsung,1322,24,Male,14,3,0
14041,Headphones,Sony,1959,38,Female,16,1,1
14042,Laptops,HP,2748,40,Male,15,1,0
14043,Tablets,Apple,1494,25,Female,11,2,0
14044,Smart Watches,Other Brands,350,44,Male,7,5,1
14045,Tablets,Apple,2659,53,Male,11,3,0
14046,Smartphones,Samsung,726,50,Female,12,4,1
14047,Laptops,Samsung,1852,39,Male,12,1,0
14048,Headphones,Samsung,1480,64,Male,13,1,0
14049,Smart Watches,Samsung,1327,51,Male,11,2,0
14050,Smartphones,Apple,1848,46,Female,14,1,1
14051,Smartphones,Sony,2810,57,Female,5,2,1
14052,Laptops,Sony,2469,52,Male,8,3,0
14053,Headphones,HP,2750,56,Female,7,1,1
14054,Laptops,Sony,1218,37,Male,2,3,0
14055,Tablets,HP,372,49,Male,1,3,0
14056,Smart Watches,Other Brands,2929,60,Female,19,2,1
14057,Headphones,Apple,851,67,Male,2,2,0
14058,Headphones,Other Brands,940,60,Male,4,5,1
14059,Smartphones,Other Brands,1696,42,Male,12,2,0
14060,Smartphones,Samsung,1922,37,Female,10,2,1
14061,Laptops,Samsung,1781,21,Male,6,4,0
14062,Headphones,Apple,2697,24,Male,10,5,0
14063,Laptops,Samsung,1697,23,Female,17,1,0
14064,Smartphones,Sony,2576,29,Male,16,1,0
14065,Smartphones,Other Brands,514,62,Male,2,4,0
14066,Smart Watches,Samsung,536,41,Male,3,5,0
14067,Smart Watches,HP,2815,55,Female,15,3,0
14068,Headphones,Samsung,864,66,Female,14,2,0
14069,Headphones,HP,460,59,Male,6,2,1
14070,Laptops,Samsung,192,51,Male,16,4,0
14071,Smart Watches,Samsung,1334,22,Male,19,3,1
14072,Smart Watches,Samsung,1206,59,Male,1,1,1
14073,Laptops,Other Brands,1792,32,Female,4,2,1
14074,Smartphones,HP,2608,41,Male,5,3,1
14075,Smart Watches,HP,2956,43,Female,19,2,0
14076,Smart Watches,HP,1321,68,Female,11,2,0
14077,Smart Watches,Sony,1466,31,Female,2,1,1
14078,Headphones,HP,2438,44,Female,10,3,0
14079,Laptops,Samsung,2309,67,Female,4,5,0
14080,Smartphones,Apple,1673,35,Male,19,4,1
14081,Headphones,HP,2601,26,Male,9,5,0
14082,Smart Watches,Sony,2923,30,Female,11,2,0
14083,Smartphones,Sony,768,48,Female,13,1,1
14084,Smartphones,Apple,2185,54,Male,9,2,1
14085,Tablets,Samsung,2618,45,Male,2,5,0
14086,Smart Watches,Other Brands,305,53,Male,17,2,0
14087,Smart Watches,HP,2320,18,Female,5,5,0
14088,Tablets,Samsung,2478,58,Female,3,3,1
14089,Smartphones,Apple,521,44,Female,11,4,1
14090,Smartphones,Samsung,2649,46,Female,19,5,0
14091,Laptops,HP,2543,64,Female,2,2,0
14092,Laptops,Other Brands,1149,24,Female,11,3,1
14093,Smartphones,Samsung,2100,25,Female,14,3,0
14094,Tablets,Other Brands,1777,18,Female,13,3,1
14095,Laptops,Sony,2909,65,Male,7,5,0
14096,Headphones,Samsung,721,31,Male,8,4,0
14097,Tablets,Other Brands,1115,32,Male,17,5,0
14098,Tablets,Apple,527,59,Female,17,5,1
14099,Headphones,Sony,1391,56,Female,14,5,0
14100,Smartphones,Other Brands,295,63,Female,15,2,1
14101,Smartphones,Other Brands,540,62,Female,4,2,1
14102,Laptops,HP,2206,50,Female,18,1,0
14103,Smart Watches,HP,1273,63,Male,7,4,0
14104,Headphones,HP,882,52,Female,12,1,1
14105,Headphones,Samsung,2753,49,Male,16,2,1
14106,Headphones,Apple,834,50,Female,3,1,1
14107,Headphones,Other Brands,1471,46,Male,4,3,1
14108,Smartphones,Sony,1656,55,Female,7,5,1
14109,Smart Watches,Sony,191,57,Male,14,2,0
14110,Laptops,Samsung,2241,64,Female,12,5,0
14111,Laptops,Other Brands,452,58,Male,19,3,0
14112,Headphones,Apple,1648,31,Female,1,2,1
14113,Laptops,HP,394,40,Male,9,5,1
14114,Laptops,Sony,811,37,Female,2,4,1
14115,Smartphones,Other Brands,2104,21,Male,9,2,0
14116,Tablets,Samsung,1065,44,Female,6,2,1
14117,Smart Watches,Samsung,1989,64,Female,19,1,0
14118,Headphones,Samsung,1978,32,Female,17,5,0
14119,Smart Watches,Sony,1683,41,Female,9,2,1
14120,Smartphones,Sony,1582,50,Female,19,1,1
14121,Laptops,Samsung,2284,18,Female,8,4,0
14122,Headphones,Apple,1443,47,Male,8,1,1
14123,Smartphones,Other Brands,702,35,Male,18,3,1
14124,Tablets,HP,2136,36,Female,2,3,0
14125,Laptops,Apple,730,38,Female,14,3,0
14126,Headphones,Other Brands,2552,44,Male,11,5,1
14127,Smart Watches,Apple,2614,24,Female,12,1,1
14128,Tablets,Apple,1352,33,Male,14,3,0
14129,Smartphones,Other Brands,1159,55,Male,3,4,1
14130,Smartphones,Sony,250,28,Male,17,2,0
14131,Laptops,Apple,792,46,Female,17,5,1
14132,Laptops,Sony,1147,68,Male,12,3,0
14133,Smartphones,Other Brands,2167,23,Female,14,2,0
14134,Smart Watches,Other Brands,1320,24,Male,12,3,1
14135,Laptops,Apple,1838,33,Male,14,5,0
14136,Headphones,HP,1225,42,Female,4,3,1
14137,Smart Watches,Apple,1586,61,Male,8,3,1
14138,Headphones,HP,349,27,Male,7,3,1
14139,Headphones,Other Brands,338,45,Female,16,1,1
14140,Headphones,HP,1161,20,Female,9,4,1
14141,Smartphones,Apple,1480,38,Male,16,1,0
14142,Smartphones,Sony,1859,29,Female,4,4,1
14143,Tablets,HP,1060,54,Male,15,2,1
14144,Smartphones,HP,288,50,Female,10,1,1
14145,Smartphones,Other Brands,699,27,Male,14,1,0
14146,Laptops,Samsung,2015,69,Male,6,4,0
14147,Headphones,HP,1173,20,Female,7,2,1
14148,Headphones,Other Brands,2977,46,Male,13,3,1
14149,Headphones,Other Brands,2928,64,Female,15,2,1
14150,Tablets,Apple,2401,34,Female,16,4,0
14151,Smart Watches,Other Brands,1801,44,Female,6,4,0
14152,Headphones,HP,2822,31,Male,17,5,0
14153,Smartphones,HP,2132,58,Male,15,1,1
14154,Headphones,Sony,2008,52,Male,2,2,0
14155,Smart Watches,Sony,2784,63,Male,6,4,1
14156,Smartphones,Sony,835,57,Female,12,1,0
14157,Laptops,Apple,1828,20,Male,16,5,1
14158,Smart Watches,Other Brands,2704,30,Female,19,5,1
14159,Laptops,HP,274,19,Female,6,1,1
14160,Smart Watches,Sony,364,29,Female,16,4,0
14161,Smartphones,Sony,1477,67,Male,4,3,0
14162,Smart Watches,HP,1560,26,Female,6,2,1
14163,Headphones,Apple,1249,42,Female,14,3,0
14164,Headphones,HP,2379,32,Male,18,1,1
14165,Laptops,HP,1145,67,Female,1,1,1
14166,Smart Watches,Sony,896,43,Female,10,3,1
14167,Smartphones,HP,1089,33,Male,5,3,0
14168,Laptops,Apple,2102,35,Male,8,2,0
14169,Laptops,Samsung,1285,53,Male,6,5,1
14170,Smartphones,Samsung,617,36,Male,3,3,1
14171,Smart Watches,Apple,771,45,Female,9,3,1
14172,Smartphones,HP,2991,45,Male,3,3,1
14173,Laptops,Sony,661,33,Female,6,5,0
14174,Tablets,Sony,2660,47,Male,2,2,0
14175,Smart Watches,Sony,427,37,Male,16,1,1
14176,Smartphones,Sony,2717,54,Male,18,4,0
14177,Headphones,Sony,1966,40,Female,15,4,1
14178,Smart Watches,Apple,761,67,Male,11,2,1
14179,Laptops,Samsung,2670,37,Female,3,5,1
14180,Laptops,Other Brands,1198,41,Male,10,5,0
14181,Tablets,HP,168,26,Male,12,1,0
14182,Smart Watches,Apple,1939,55,Female,14,4,0
14183,Tablets,Samsung,627,66,Female,2,3,1
14184,Headphones,Sony,2761,51,Female,18,1,0
14185,Headphones,Other Brands,1186,60,Male,13,1,0
14186,Headphones,Apple,2505,67,Male,12,1,1
14187,Smartphones,HP,1963,43,Female,15,2,0
14188,Headphones,Apple,1201,19,Female,8,1,0
14189,Tablets,HP,499,19,Female,14,2,1
14190,Tablets,HP,1424,41,Male,9,1,1
14191,Laptops,HP,1102,38,Female,17,4,0
14192,Smartphones,Samsung,1832,49,Male,11,5,1
14193,Laptops,Samsung,1537,28,Male,10,1,1
14194,Tablets,Apple,670,58,Male,14,5,1
14195,Smart Watches,Sony,1194,39,Male,18,1,1
14196,Laptops,Other Brands,2321,28,Male,12,4,0
14197,Smart Watches,Sony,2882,67,Male,16,1,1
14198,Smart Watches,Other Brands,667,64,Female,17,3,1
14199,Smart Watches,Sony,1486,62,Male,9,5,1
14200,Headphones,HP,2450,66,Male,8,2,0
14201,Headphones,Samsung,2020,55,Male,9,1,0
14202,Headphones,Samsung,2573,69,Male,16,2,0
14203,Tablets,Samsung,1781,53,Female,10,1,1
14204,Smartphones,Other Brands,520,44,Male,3,3,0
14205,Laptops,Samsung,1180,56,Male,3,3,1
14206,Headphones,Sony,1849,21,Female,16,4,0
14207,Smart Watches,Samsung,2613,58,Male,11,3,1
14208,Headphones,HP,2727,42,Female,17,2,0
14209,Laptops,Sony,534,32,Male,11,2,0
14210,Headphones,Other Brands,1245,68,Male,14,2,1
14211,Smartphones,Sony,2802,21,Female,14,5,1
14212,Smart Watches,Sony,2247,45,Male,19,1,1
14213,Smartphones,HP,192,23,Female,12,3,1
14214,Smart Watches,Sony,625,43,Male,1,2,0
14215,Laptops,Samsung,452,59,Male,12,5,1
14216,Laptops,Other Brands,2869,49,Male,2,2,1
14217,Tablets,HP,2079,30,Male,2,3,0
14218,Smart Watches,Samsung,2259,69,Female,17,4,0
14219,Tablets,Other Brands,2902,60,Male,3,1,0
14220,Smartphones,Apple,1409,45,Female,13,5,1
14221,Smartphones,Samsung,312,25,Female,15,2,0
14222,Tablets,Other Brands,1296,57,Male,7,4,0
14223,Tablets,HP,198,61,Female,5,3,0
14224,Laptops,Sony,1180,67,Male,12,2,0
14225,Tablets,Other Brands,304,21,Male,12,4,1
14226,Smart Watches,Other Brands,1966,46,Female,15,2,0
14227,Tablets,HP,2770,18,Female,16,2,1
14228,Laptops,HP,2864,39,Male,18,5,0
14229,Laptops,HP,720,57,Male,3,2,0
14230,Smart Watches,Samsung,2823,45,Male,17,2,1
14231,Smart Watches,Samsung,1283,55,Female,8,3,1
14232,Tablets,Apple,2552,26,Male,6,1,1
14233,Smartphones,Apple,441,57,Male,13,4,0
14234,Headphones,Other Brands,2923,19,Female,5,3,1
14235,Smart Watches,Other Brands,2582,26,Female,1,2,0
14236,Smart Watches,Other Brands,2323,22,Female,6,5,0
14237,Smart Watches,Other Brands,103,40,Male,11,1,0
14238,Laptops,Sony,1065,31,Female,19,4,1
14239,Headphones,HP,1675,28,Male,18,4,1
14240,Smart Watches,Apple,1020,60,Female,2,3,1
14241,Laptops,Apple,1648,36,Female,14,5,1
14242,Headphones,Apple,1502,21,Female,10,1,0
14243,Headphones,Other Brands,1733,69,Female,10,1,0
14244,Headphones,Apple,570,67,Female,4,5,1
14245,Smartphones,Apple,1437,43,Female,7,5,0
14246,Headphones,Sony,1242,19,Female,3,1,0
14247,Smart Watches,Other Brands,1607,22,Female,4,2,1
14248,Tablets,Samsung,1734,31,Female,1,2,0
14249,Tablets,Samsung,1204,65,Female,17,2,0
14250,Laptops,Apple,1281,34,Female,17,2,0
14251,Laptops,HP,1713,45,Male,13,1,0
14252,Smartphones,Samsung,870,31,Male,2,4,0
14253,Tablets,Other Brands,2478,69,Male,7,5,0
14254,Laptops,Apple,616,63,Female,12,1,0
14255,Smartphones,Apple,1505,30,Female,11,4,1
14256,Tablets,HP,2349,63,Male,12,4,1
14257,Smart Watches,Other Brands,2795,58,Female,6,2,0
14258,Tablets,Sony,1194,67,Male,12,2,1
14259,Tablets,Sony,2316,66,Male,12,1,0
14260,Smart Watches,HP,2255,65,Female,9,3,0
14261,Headphones,Apple,311,50,Female,5,3,1
14262,Tablets,HP,2837,39,Female,17,5,0
14263,Smartphones,Other Brands,2658,26,Female,1,4,0
14264,Smart Watches,Apple,1686,64,Female,17,2,1
14265,Tablets,Other Brands,536,32,Female,12,2,1
14266,Laptops,Sony,2068,20,Female,12,1,1
14267,Tablets,Samsung,1583,22,Male,1,2,1
14268,Smart Watches,Sony,452,55,Male,5,3,1
14269,Laptops,Samsung,1868,57,Male,8,4,1
14270,Smart Watches,Samsung,1316,57,Female,13,4,1
14271,Laptops,Apple,1480,33,Male,2,3,0
14272,Smart Watches,HP,2731,47,Male,4,1,1
14273,Headphones,Other Brands,790,40,Female,15,2,0
14274,Smart Watches,Apple,1852,35,Female,19,4,1
14275,Headphones,Sony,2311,62,Female,15,2,0
14276,Headphones,Sony,995,23,Male,10,3,0
14277,Smart Watches,Sony,1592,46,Female,5,3,0
14278,Smartphones,Apple,1354,29,Female,4,1,1
14279,Headphones,Sony,2434,44,Female,17,5,1
14280,Headphones,Other Brands,2606,68,Male,19,3,0
14281,Smartphones,Sony,1562,63,Male,19,4,0
14282,Smart Watches,HP,1063,51,Male,13,4,1
14283,Laptops,Samsung,2606,60,Female,17,4,1
14284,Smart Watches,Sony,1316,30,Male,16,4,1
14285,Smartphones,Other Brands,1781,33,Female,9,2,1
14286,Smart Watches,Apple,736,39,Male,17,2,0
14287,Headphones,Other Brands,2275,25,Female,13,1,0
14288,Smartphones,Other Brands,2437,67,Female,15,5,0
14289,Laptops,HP,2469,52,Male,19,1,1
14290,Tablets,Other Brands,323,36,Female,7,5,1
14291,Smartphones,Other Brands,2473,58,Female,19,1,1
14292,Tablets,HP,1880,22,Female,14,3,0
14293,Tablets,Sony,1247,18,Female,2,5,1
14294,Laptops,Sony,974,26,Female,6,1,1
14295,Smart Watches,Apple,2471,50,Female,11,2,0
14296,Smart Watches,Other Brands,1285,39,Male,12,3,0
14297,Tablets,Samsung,264,40,Female,9,5,0
14298,Tablets,Other Brands,2673,24,Male,7,2,1
14299,Laptops,Samsung,264,53,Male,8,1,1
14300,Smartphones,Other Brands,137,63,Female,3,4,1
14301,Tablets,Other Brands,2189,27,Female,17,1,0
14302,Smart Watches,Samsung,898,39,Male,17,2,0
14303,Tablets,HP,2520,46,Female,14,2,0
14304,Headphones,Other Brands,2391,42,Male,18,3,0
14305,Smart Watches,HP,2183,18,Female,15,1,1
14306,Tablets,Apple,1403,34,Female,7,2,1
14307,Smart Watches,Other Brands,2214,51,Female,10,3,1
14308,Laptops,Samsung,1958,21,Female,10,4,0
14309,Headphones,Samsung,544,64,Male,13,2,1
14310,Smart Watches,HP,438,41,Male,7,2,0
14311,Tablets,Other Brands,2541,30,Male,4,2,0
14312,Smartphones,Sony,1539,62,Female,19,1,1
14313,Tablets,Samsung,2335,58,Female,18,1,1
14314,Laptops,Other Brands,438,35,Female,13,1,0
14315,Tablets,HP,476,51,Female,8,3,1
14316,Laptops,HP,1972,69,Female,1,3,1
14317,Laptops,Samsung,436,41,Male,14,3,1
14318,Smart Watches,HP,1908,39,Male,12,2,1
14319,Headphones,Sony,656,64,Female,10,1,0
14320,Laptops,HP,2938,45,Male,2,5,0
14321,Laptops,Apple,2922,35,Male,11,3,1
14322,Tablets,HP,2107,30,Male,13,1,0
14323,Headphones,Other Brands,2471,44,Male,6,5,0
14324,Laptops,Other Brands,852,26,Male,9,5,1
14325,Tablets,Other Brands,233,46,Female,10,1,0
14326,Tablets,Samsung,2682,52,Male,8,5,1
14327,Laptops,Sony,619,57,Male,13,1,0
14328,Smart Watches,Samsung,955,55,Male,16,4,0
14329,Headphones,Apple,491,39,Female,9,4,0
14330,Smartphones,HP,2903,43,Male,17,3,0
14331,Smart Watches,Apple,2843,49,Male,17,2,0
14332,Headphones,Samsung,2672,67,Male,13,1,1
14333,Laptops,Apple,2431,39,Male,7,3,1
14334,Smartphones,Samsung,2061,58,Male,7,3,1
14335,Headphones,Samsung,1000,69,Male,1,5,0
14336,Smartphones,Samsung,2159,22,Male,4,4,1
14337,Laptops,Samsung,2251,52,Male,5,3,0
14338,Smart Watches,HP,483,49,Female,2,1,1
14339,Smart Watches,Other Brands,892,41,Male,5,4,0
14340,Smart Watches,HP,855,19,Male,17,3,1
14341,Smart Watches,Sony,2681,25,Female,10,4,1
14342,Tablets,HP,879,67,Female,5,1,1
14343,Laptops,Sony,489,40,Female,8,2,0
14344,Headphones,Other Brands,469,58,Male,19,1,1
14345,Headphones,HP,1170,52,Female,2,1,0
14346,Laptops,Samsung,2086,42,Male,10,5,0
14347,Laptops,Apple,2369,50,Male,12,3,1
14348,Laptops,HP,1465,29,Female,15,3,1
14349,Smart Watches,Apple,2514,30,Male,1,2,0
14350,Smart Watches,Sony,1579,68,Female,2,4,1
14351,Tablets,Other Brands,1349,34,Female,4,4,0
14352,Laptops,Samsung,2246,37,Female,12,2,1
14353,Headphones,Samsung,1015,19,Male,4,3,1
14354,Tablets,HP,2831,47,Male,14,3,0
14355,Tablets,Other Brands,384,21,Female,14,2,1
14356,Tablets,Other Brands,1661,49,Male,11,2,0
14357,Headphones,Sony,1457,55,Male,17,1,1
14358,Smartphones,HP,959,66,Male,15,2,0
14359,Laptops,Apple,2030,29,Male,14,1,1
14360,Headphones,HP,1293,19,Male,10,3,0
14361,Headphones,Apple,199,44,Male,17,4,0
14362,Laptops,Sony,1175,28,Male,8,3,1
14363,Laptops,Other Brands,2431,42,Female,7,5,1
14364,Laptops,Samsung,2164,55,Female,6,2,0
14365,Smartphones,Apple,532,47,Female,16,4,0
14366,Headphones,Apple,2528,20,Female,9,5,1
14367,Headphones,Samsung,1665,51,Male,2,4,0
14368,Smart Watches,Samsung,2407,66,Female,9,2,0
14369,Headphones,Other Brands,963,52,Female,7,1,0
14370,Headphones,Sony,2635,64,Female,7,3,0
14371,Headphones,Sony,1716,23,Female,3,3,0
14372,Headphones,Sony,1911,62,Female,11,5,1
14373,Smartphones,HP,1307,37,Female,10,5,1
14374,Smartphones,Sony,1416,27,Male,6,2,0
14375,Smartphones,Apple,952,50,Female,1,4,1
14376,Laptops,Apple,1491,21,Female,14,4,0
14377,Tablets,Samsung,1982,37,Male,13,2,1
14378,Tablets,Sony,1494,42,Female,11,3,1
14379,Smart Watches,Apple,1704,21,Male,10,1,1
14380,Laptops,Sony,469,63,Female,10,5,0
14381,Tablets,Other Brands,234,51,Female,12,5,1
14382,Smartphones,HP,174,37,Male,18,2,1
14383,Tablets,Samsung,110,37,Male,3,2,0
14384,Smart Watches,Other Brands,2483,35,Female,4,2,1
14385,Headphones,Other Brands,2088,49,Female,6,2,1
14386,Smartphones,Apple,2869,57,Female,10,1,1
14387,Smartphones,Sony,2602,63,Male,17,1,1
14388,Tablets,HP,2290,54,Female,1,4,0
14389,Tablets,Samsung,2129,44,Female,16,2,0
14390,Headphones,Samsung,399,49,Female,14,4,1
14391,Smartphones,Apple,419,18,Male,15,5,1
14392,Headphones,HP,823,21,Male,19,5,1
14393,Laptops,Samsung,759,33,Male,1,5,1
14394,Tablets,Samsung,1943,43,Male,16,4,0
14395,Laptops,Samsung,1675,54,Female,3,1,0
14396,Tablets,Sony,1396,61,Male,14,3,0
14397,Smartphones,HP,1837,48,Male,15,4,0
14398,Smartphones,Apple,2076,37,Female,7,5,1
14399,Smart Watches,HP,2019,42,Female,2,4,0
14400,Tablets,Samsung,2713,26,Male,12,4,0
14401,Tablets,Sony,729,61,Female,3,3,0
14402,Tablets,Apple,1971,54,Male,4,3,1
14403,Smart Watches,Sony,2132,32,Female,1,4,1
14404,Smartphones,Samsung,838,65,Male,12,4,0
14405,Laptops,Samsung,1823,27,Female,6,5,1
14406,Headphones,Samsung,743,29,Male,1,2,0
14407,Laptops,HP,2735,58,Male,10,2,0
14408,Smart Watches,HP,1629,67,Female,15,1,1
14409,Smart Watches,Apple,2461,36,Female,1,4,0
14410,Smartphones,Sony,1586,28,Male,2,1,1
14411,Tablets,Sony,464,36,Male,7,2,1
14412,Smart Watches,HP,1933,67,Female,17,4,1
14413,Laptops,Other Brands,776,19,Male,3,3,1
14414,Laptops,HP,1931,66,Male,3,1,0
14415,Tablets,Apple,888,51,Female,17,1,0
14416,Smart Watches,Samsung,1397,33,Male,16,1,1
14417,Smart Watches,Other Brands,434,32,Male,19,5,0
14418,Tablets,Sony,938,67,Male,17,4,1
14419,Smart Watches,Sony,2645,33,Female,2,4,0
14420,Tablets,Sony,546,61,Female,6,1,1
14421,Tablets,Sony,1218,24,Female,8,5,0
14422,Tablets,Samsung,2071,67,Male,17,5,1
14423,Smart Watches,Samsung,221,25,Female,10,2,0
14424,Smartphones,Other Brands,570,46,Female,14,2,1
14425,Smart Watches,HP,2579,19,Female,2,2,1
14426,Headphones,Samsung,1325,52,Male,2,1,1
14427,Laptops,HP,1031,22,Female,8,1,1
14428,Smartphones,Apple,430,55,Female,14,2,1
14429,Smartphones,Samsung,2610,67,Female,13,2,0
14430,Headphones,Apple,1799,59,Female,6,4,1
14431,Smartphones,Samsung,1916,36,Male,12,2,1
14432,Headphones,Apple,2094,22,Female,17,4,0
14433,Headphones,Sony,2708,52,Male,3,3,1
14434,Smart Watches,Other Brands,1563,45,Female,4,1,1
14435,Headphones,HP,2985,64,Female,7,4,1
14436,Tablets,Samsung,789,54,Female,6,3,0
14437,Smartphones,Apple,2575,35,Male,19,4,0
14438,Headphones,HP,1724,21,Male,16,3,0
14439,Headphones,Apple,1070,25,Female,11,5,0
14440,Tablets,Apple,2526,28,Female,16,3,1
14441,Headphones,Apple,187,18,Female,7,5,1
14442,Smart Watches,Apple,1070,58,Male,2,5,1
14443,Smart Watches,HP,1830,69,Male,8,2,0
14444,Laptops,Sony,2662,32,Female,6,4,1
14445,Laptops,HP,150,41,Male,5,1,0
14446,Tablets,Sony,972,21,Male,6,1,1
14447,Laptops,Apple,786,43,Female,7,3,1
14448,Laptops,Sony,2841,57,Male,1,1,1
14449,Smartphones,Other Brands,2328,45,Female,7,2,0
14450,Tablets,Apple,1754,51,Female,18,5,0
14451,Laptops,Other Brands,1856,51,Male,6,2,0
14452,Smartphones,Samsung,1517,54,Male,14,4,1
14453,Headphones,Other Brands,408,62,Female,13,3,1
14454,Tablets,HP,1628,67,Male,4,2,0
14455,Laptops,Sony,184,21,Male,8,3,0
14456,Laptops,Apple,1529,18,Male,7,4,0
14457,Smart Watches,Sony,461,48,Male,15,2,1
14458,Headphones,Sony,1028,58,Female,12,4,0
14459,Smartphones,Apple,2799,29,Male,2,1,1
14460,Laptops,Sony,820,35,Female,9,3,1
14461,Smart Watches,Samsung,1332,31,Female,8,1,0
14462,Smartphones,Apple,1280,67,Male,1,1,0
14463,Tablets,Samsung,1154,51,Male,3,4,1
14464,Smart Watches,Samsung,2324,32,Male,1,2,0
14465,Tablets,Other Brands,1275,18,Male,15,3,1
14466,Headphones,Apple,2061,38,Male,11,4,1
14467,Tablets,HP,2923,41,Male,17,2,0
14468,Smartphones,Sony,2650,20,Female,11,2,0
14469,Smartphones,HP,2520,31,Female,16,2,0
14470,Headphones,Other Brands,2991,44,Female,16,5,0
14471,Smart Watches,HP,2303,66,Male,14,3,0
14472,Tablets,Apple,2576,42,Male,7,5,1
14473,Smartphones,Other Brands,746,34,Male,11,3,1
14474,Headphones,HP,1036,63,Male,6,4,1
14475,Smartphones,Samsung,668,43,Male,10,2,0
14476,Tablets,Samsung,2842,22,Female,15,3,0
14477,Smartphones,Apple,1379,57,Male,4,1,1
14478,Laptops,Other Brands,669,40,Female,17,3,0
14479,Smartphones,HP,1624,55,Female,6,4,1
14480,Smartphones,Samsung,168,36,Female,16,3,1
14481,Smartphones,Apple,2297,30,Female,2,1,0
14482,Tablets,Apple,760,39,Female,3,5,1
14483,Smartphones,Other Brands,127,52,Female,17,2,1
14484,Headphones,Sony,2579,33,Male,12,2,0
14485,Tablets,Samsung,2905,33,Male,18,3,0
14486,Smart Watches,Other Brands,1611,59,Male,7,1,1
14487,Smartphones,Samsung,749,47,Female,14,4,1
14488,Laptops,Sony,1396,27,Male,11,3,0
14489,Headphones,Other Brands,1555,55,Female,3,5,0
14490,Laptops,Other Brands,2462,34,Female,17,5,0
14491,Smart Watches,Sony,2184,69,Female,1,1,0
14492,Smartphones,Other Brands,1969,39,Female,2,2,0
14493,Smart Watches,Sony,2859,36,Male,5,3,1
14494,Tablets,Samsung,1063,20,Male,2,1,0
14495,Smart Watches,Other Brands,1564,34,Female,1,3,1
14496,Tablets,Sony,2366,27,Female,7,5,0
14497,Laptops,Other Brands,1416,45,Male,19,5,1
14498,Tablets,Other Brands,2410,37,Male,8,2,1
14499,Headphones,Sony,2645,55,Male,15,1,0
14500,Smartphones,Apple,2720,54,Male,16,4,1
14501,Laptops,Apple,286,42,Female,12,1,1
14502,Smart Watches,Sony,1578,56,Male,10,3,1
14503,Laptops,HP,969,24,Female,3,2,0
14504,Smartphones,Sony,1852,52,Female,2,2,0
14505,Headphones,Sony,1473,55,Female,1,1,0
14506,Tablets,Sony,1748,48,Male,19,3,0
14507,Laptops,HP,2016,27,Female,12,2,0
14508,Laptops,Other Brands,1485,61,Female,16,1,1
14509,Tablets,Other Brands,1855,68,Female,14,5,1
14510,Smart Watches,Sony,171,20,Male,11,4,0
14511,Tablets,Sony,2143,58,Female,10,2,1
14512,Smart Watches,Sony,2530,18,Female,2,5,1
14513,Smart Watches,Apple,2422,45,Male,8,2,0
14514,Headphones,Apple,2120,36,Male,4,5,0
14515,Laptops,Apple,1923,42,Female,3,4,1
14516,Tablets,Other Brands,786,37,Male,7,3,0
14517,Laptops,Other Brands,284,62,Female,6,3,1
14518,Smartphones,HP,2843,27,Male,10,3,1
14519,Laptops,Apple,2681,24,Female,9,4,0
14520,Laptops,Sony,902,29,Male,19,4,1
14521,Tablets,Samsung,1499,68,Female,14,4,0
14522,Tablets,Other Brands,1392,29,Female,2,5,0
14523,Headphones,Samsung,1206,33,Male,15,1,1
14524,Tablets,Sony,1830,53,Male,4,5,1
14525,Tablets,Sony,1952,58,Male,18,1,1
14526,Headphones,Samsung,173,50,Female,11,2,1
14527,Tablets,Other Brands,1433,25,Female,16,2,0
14528,Headphones,Apple,356,45,Female,4,5,1
14529,Smart Watches,Sony,2908,23,Female,14,5,1
14530,Tablets,Other Brands,1116,55,Female,18,4,0
14531,Headphones,Other Brands,2383,27,Female,4,1,0
14532,Laptops,Apple,1546,31,Female,19,1,0
14533,Laptops,Samsung,2688,60,Female,3,3,0
14534,Smartphones,Samsung,1977,52,Male,18,1,1
14535,Tablets,Other Brands,1391,41,Female,4,2,0
14536,Tablets,HP,2287,50,Male,11,5,1
14537,Tablets,Apple,2003,55,Male,2,4,0
14538,Smart Watches,Sony,574,48,Male,19,4,1
14539,Smart Watches,Other Brands,2476,24,Male,11,5,0
14540,Tablets,Other Brands,2543,53,Female,14,3,0
14541,Laptops,HP,2907,41,Male,14,5,0
14542,Headphones,Apple,2652,55,Female,18,3,0
14543,Smartphones,Samsung,1596,35,Female,12,2,1
14544,Tablets,Samsung,1301,18,Male,12,3,1
14545,Laptops,Other Brands,947,68,Female,3,3,1
14546,Headphones,Sony,424,53,Female,17,5,0
14547,Smartphones,Sony,2579,47,Male,19,4,1
14548,Headphones,Samsung,175,34,Female,19,3,1
14549,Smartphones,Samsung,2091,47,Male,17,3,1
14550,Smart Watches,Apple,947,27,Female,3,3,1
14551,Headphones,HP,2438,45,Male,14,1,0
14552,Smart Watches,Sony,1374,53,Male,19,3,0
14553,Tablets,Sony,1566,44,Female,8,4,0
14554,Laptops,Other Brands,1878,26,Male,18,1,0
14555,Smartphones,HP,2230,52,Female,15,3,1
14556,Smartphones,Samsung,433,30,Female,14,1,1
14557,Tablets,HP,1151,61,Female,8,2,1
14558,Laptops,Sony,1630,38,Female,14,5,1
14559,Smart Watches,Sony,2397,34,Male,16,4,0
14560,Laptops,Samsung,2325,51,Female,10,1,0
14561,Tablets,Samsung,231,69,Female,2,5,0
14562,Smart Watches,Sony,233,55,Female,16,5,1
14563,Headphones,Other Brands,930,57,Male,13,4,1
14564,Tablets,HP,1552,47,Female,5,2,0
14565,Laptops,Samsung,1656,67,Male,5,4,0
14566,Laptops,Apple,534,61,Male,19,4,0
14567,Laptops,HP,860,29,Female,3,2,0
14568,Headphones,HP,1844,22,Female,7,4,1
14569,Tablets,Apple,586,58,Female,10,4,0
14570,Tablets,Samsung,2349,49,Male,11,2,0
14571,Laptops,Samsung,1737,44,Male,15,1,0
14572,Smart Watches,Other Brands,925,28,Male,10,5,0
14573,Tablets,Samsung,1378,26,Female,18,1,0
14574,Smartphones,Other Brands,1854,18,Female,14,5,1
14575,Smart Watches,Apple,2445,61,Female,3,1,0
14576,Smartphones,Other Brands,1868,68,Female,9,3,0
14577,Laptops,Sony,1639,24,Female,10,2,1
14578,Smart Watches,Apple,1898,22,Male,2,4,0
14579,Smartphones,Apple,2815,38,Female,1,4,0
14580,Laptops,Samsung,104,28,Male,1,4,0
14581,Smartphones,Sony,2563,66,Female,6,2,0
14582,Headphones,Samsung,2867,38,Female,1,5,1
14583,Tablets,Apple,844,35,Female,7,5,0
14584,Headphones,Sony,2505,64,Male,10,1,0
14585,Headphones,Other Brands,1943,31,Male,14,5,0
14586,Smartphones,HP,129,68,Male,9,1,1
14587,Tablets,Samsung,1122,59,Female,8,3,1
14588,Tablets,HP,1454,47,Female,15,4,1
14589,Tablets,Apple,998,32,Male,14,2,0
14590,Smart Watches,Apple,1793,18,Female,19,5,0
14591,Headphones,Apple,1950,18,Male,11,2,1
14592,Smart Watches,Other Brands,2917,46,Female,7,3,1
14593,Smart Watches,Other Brands,454,28,Male,17,5,0
14594,Laptops,Samsung,887,47,Male,4,4,1
14595,Laptops,Apple,2975,38,Female,16,5,1
14596,Smart Watches,Other Brands,415,53,Female,11,2,1
14597,Headphones,Other Brands,1262,48,Female,15,1,0
14598,Laptops,Other Brands,1746,20,Male,6,4,0
14599,Smart Watches,Other Brands,2708,50,Male,13,5,1
14600,Laptops,Apple,2919,66,Male,15,5,1
14601,Smartphones,Sony,204,52,Female,5,1,0
14602,Headphones,HP,2115,36,Female,19,4,0
14603,Laptops,HP,2657,24,Female,16,5,0
14604,Headphones,Samsung,1578,28,Male,9,5,0
14605,Tablets,HP,868,24,Female,17,5,0
14606,Smart Watches,Apple,815,68,Female,13,3,0
14607,Smart Watches,HP,2781,34,Male,16,3,0
14608,Tablets,Samsung,2219,64,Female,16,4,0
14609,Smartphones,Sony,1748,31,Female,7,4,1
14610,Laptops,Apple,2895,47,Female,17,5,1
14611,Laptops,Sony,1560,36,Male,1,2,0
14612,Laptops,Samsung,935,23,Male,18,2,1
14613,Laptops,Samsung,1886,69,Male,17,1,1
14614,Smart Watches,Apple,2268,63,Male,14,3,0
14615,Smart Watches,Sony,2926,47,Female,3,2,1
14616,Headphones,Sony,2603,20,Female,12,4,0
14617,Laptops,Apple,111,38,Female,1,1,0
14618,Laptops,HP,1727,54,Male,10,3,0
14619,Laptops,Samsung,1828,36,Male,16,4,0
14620,Laptops,Sony,1814,47,Male,6,3,1
14621,Tablets,Sony,1986,37,Female,2,5,1
14622,Smartphones,Other Brands,2265,36,Female,4,3,1
14623,Smartphones,HP,2123,69,Male,19,2,1
14624,Tablets,HP,2810,48,Male,4,2,1
14625,Smartphones,HP,2375,46,Female,9,2,1
14626,Smart Watches,Samsung,1960,18,Female,14,1,1
14627,Headphones,Other Brands,1419,57,Female,4,1,1
14628,Smart Watches,HP,1644,55,Female,8,3,1
14629,Laptops,Samsung,2075,54,Male,1,4,0
14630,Smart Watches,Other Brands,2543,38,Male,13,5,1
14631,Smart Watches,Samsung,2124,57,Female,18,3,0
14632,Smart Watches,Sony,855,21,Male,3,2,1
14633,Laptops,Samsung,2842,19,Female,19,4,1
14634,Smartphones,Apple,2230,20,Male,19,1,1
14635,Smart Watches,Samsung,1586,57,Male,15,3,0
14636,Headphones,Other Brands,2803,23,Female,4,4,1
14637,Laptops,Samsung,2121,22,Male,14,2,1
14638,Laptops,Other Brands,1104,61,Female,7,3,1
14639,Tablets,HP,644,23,Male,14,4,1
14640,Laptops,Other Brands,1003,31,Male,17,2,1
14641,Headphones,Samsung,2180,53,Female,2,3,0
14642,Tablets,Apple,939,68,Male,5,3,0
14643,Headphones,HP,1605,33,Male,11,4,1
14644,Tablets,Apple,1129,49,Female,10,4,0
14645,Smart Watches,Apple,2801,40,Male,8,3,1
14646,Tablets,Sony,1023,57,Male,19,3,0
14647,Tablets,Sony,2492,28,Male,8,5,1
14648,Laptops,Other Brands,1954,62,Male,12,2,1
14649,Headphones,Sony,720,57,Male,3,3,1
14650,Tablets,Sony,105,21,Male,7,4,0
14651,Smart Watches,Samsung,199,56,Male,16,1,1
14652,Smartphones,Apple,260,35,Female,3,4,1
14653,Laptops,Sony,2232,60,Female,11,1,0
14654,Smart Watches,Sony,961,58,Female,4,4,1
14655,Tablets,Other Brands,2987,53,Male,2,1,0
14656,Laptops,Samsung,2588,34,Female,18,5,1
14657,Laptops,Samsung,1627,36,Male,6,5,1
14658,Laptops,Sony,1589,53,Female,16,3,0
14659,Smart Watches,Other Brands,2080,29,Female,5,1,0
14660,Smartphones,Samsung,1915,47,Male,10,5,1
14661,Smartphones,Apple,2531,47,Female,9,3,1
14662,Tablets,HP,2134,53,Female,16,5,0
14663,Smart Watches,HP,923,47,Female,11,5,1
14664,Laptops,HP,489,35,Female,5,2,0
14665,Smart Watches,Samsung,422,36,Male,15,1,0
14666,Laptops,Sony,2440,18,Female,9,1,0
14667,Laptops,Sony,320,43,Male,11,2,1
14668,Laptops,Sony,1420,21,Male,11,4,0
14669,Smart Watches,Samsung,171,19,Male,4,4,1
14670,Smart Watches,Samsung,1413,25,Female,2,3,1
14671,Headphones,Other Brands,1698,56,Female,12,4,0
14672,Laptops,Sony,1173,47,Female,15,4,1
14673,Smart Watches,Other Brands,797,51,Male,12,3,1
14674,Headphones,Other Brands,2622,31,Female,3,2,0
14675,Laptops,HP,961,26,Female,10,4,0
14676,Smart Watches,HP,789,57,Female,9,1,1
14677,Laptops,HP,739,24,Male,6,2,1
14678,Laptops,HP,970,61,Female,10,3,0
14679,Smart Watches,Samsung,697,23,Female,3,5,1
14680,Smart Watches,HP,432,31,Male,12,5,0
14681,Smartphones,HP,473,48,Male,5,4,1
14682,Laptops,Apple,2712,20,Male,16,1,0
14683,Smart Watches,Apple,263,39,Male,6,5,0
14684,Smartphones,Samsung,2993,29,Male,18,4,1
14685,Headphones,Sony,2754,37,Female,15,3,0
14686,Laptops,HP,2256,59,Male,11,4,0
14687,Smartphones,Other Brands,1422,37,Male,17,5,1
14688,Headphones,Other Brands,2382,22,Female,9,3,0
14689,Smart Watches,Other Brands,2629,28,Female,11,4,1
14690,Laptops,Samsung,2325,39,Male,4,2,1
14691,Tablets,Sony,947,55,Male,5,4,0
14692,Smart Watches,HP,1649,21,Female,8,4,0
14693,Smartphones,Other Brands,1804,39,Female,14,1,1
14694,Tablets,Samsung,1737,47,Female,7,2,0
14695,Smart Watches,Apple,360,43,Male,13,3,0
14696,Smart Watches,Other Brands,1266,55,Male,2,2,1
14697,Smart Watches,Apple,2717,64,Female,1,2,0
14698,Smart Watches,Sony,151,40,Male,8,4,0
14699,Smart Watches,Apple,1441,55,Male,10,1,0
14700,Smart Watches,Other Brands,2727,69,Male,6,3,0
14701,Laptops,Sony,1420,58,Female,13,1,1
14702,Headphones,Apple,1707,57,Male,9,3,1
14703,Headphones,Sony,1243,56,Male,4,2,1
14704,Tablets,HP,768,47,Male,14,3,1
14705,Tablets,Samsung,1719,39,Male,11,2,1
14706,Smartphones,Samsung,876,34,Female,9,2,1
14707,Headphones,HP,1663,33,Male,7,1,1
14708,Tablets,Other Brands,1221,51,Male,18,1,0
14709,Headphones,Samsung,1134,27,Male,12,1,1
14710,Laptops,Sony,2638,32,Female,7,3,0
14711,Tablets,Other Brands,2943,25,Male,17,4,1
14712,Tablets,Samsung,2289,37,Female,1,1,0
14713,Tablets,Apple,2526,19,Female,6,4,1
14714,Smart Watches,Other Brands,748,52,Female,8,3,0
14715,Smart Watches,HP,847,42,Female,10,4,1
14716,Smartphones,Other Brands,547,29,Female,9,4,1
14717,Tablets,HP,2493,18,Female,2,2,1
14718,Smartphones,Other Brands,1210,50,Female,4,1,0
14719,Laptops,Samsung,2215,50,Female,19,5,0
14720,Tablets,Apple,524,38,Female,12,4,1
14721,Laptops,Samsung,2865,40,Female,17,2,0
14722,Smart Watches,Sony,1199,23,Female,10,5,0
14723,Tablets,HP,2908,55,Female,4,1,1
14724,Headphones,Apple,432,28,Female,5,5,1
14725,Laptops,Samsung,2141,32,Male,16,2,1
14726,Smartphones,HP,2357,45,Male,11,1,1
14727,Laptops,Other Brands,296,52,Male,17,1,0
14728,Tablets,Sony,492,63,Male,12,1,1
14729,Smartphones,Other Brands,1702,52,Male,5,1,0
14730,Smartphones,HP,568,18,Female,4,3,1
14731,Tablets,HP,2563,43,Female,4,1,0
14732,Laptops,Other Brands,1494,65,Female,9,4,1
14733,Tablets,Other Brands,1987,65,Male,7,4,0
14734,Tablets,Sony,813,36,Male,12,1,1
14735,Smart Watches,Apple,170,55,Female,3,2,1
14736,Smartphones,Sony,1203,37,Male,8,4,0
14737,Headphones,Sony,2069,18,Male,17,3,0
14738,Laptops,Samsung,1674,43,Male,4,1,1
14739,Headphones,HP,802,55,Female,10,1,0
14740,Tablets,Sony,2865,27,Female,18,1,1
14741,Smart Watches,Sony,385,48,Female,7,3,0
14742,Smartphones,Apple,2859,37,Male,4,4,0
14743,Smart Watches,Samsung,2827,33,Female,12,2,1
14744,Tablets,HP,1861,43,Male,19,1,0
14745,Headphones,Other Brands,2965,21,Male,19,4,1
14746,Laptops,HP,2075,41,Male,19,5,0
14747,Laptops,Samsung,883,47,Male,2,3,0
14748,Tablets,Other Brands,396,50,Female,4,2,1
14749,Laptops,Samsung,2044,47,Male,3,2,0
14750,Smart Watches,Samsung,1393,63,Female,17,2,0
14751,Headphones,Sony,1366,31,Male,5,4,0
14752,Smart Watches,Sony,1685,56,Female,6,2,1
14753,Tablets,HP,2744,41,Female,12,5,1
14754,Laptops,Apple,2278,57,Male,18,4,0
14755,Smartphones,Samsung,2503,26,Male,10,3,0
14756,Tablets,Sony,1543,62,Female,8,3,0
14757,Laptops,Apple,971,59,Female,4,1,1
14758,Smart Watches,Sony,2964,36,Male,2,4,1
14759,Smartphones,Samsung,2848,51,Male,14,1,1
14760,Laptops,Apple,2874,30,Male,11,4,1
14761,Laptops,Samsung,1327,44,Female,19,5,0
14762,Smart Watches,Other Brands,2255,58,Female,4,4,1
14763,Smartphones,Apple,226,57,Female,7,2,0
14764,Smartphones,Samsung,168,42,Male,16,4,0
14765,Smartphones,Other Brands,423,51,Female,1,4,0
14766,Headphones,Other Brands,1850,39,Female,2,5,1
14767,Headphones,Samsung,1055,67,Male,4,5,0
14768,Smart Watches,Other Brands,955,65,Male,17,4,1
14769,Smartphones,Sony,2297,33,Male,13,5,0
14770,Headphones,Samsung,1063,57,Female,13,2,0
14771,Laptops,Apple,2065,29,Male,15,5,0
14772,Smartphones,Sony,1003,63,Male,14,5,1
14773,Laptops,Other Brands,1560,30,Male,19,1,0
14774,Laptops,Samsung,2130,20,Male,15,1,0
14775,Laptops,Apple,2879,64,Male,5,3,0
14776,Smartphones,Apple,1516,48,Male,5,1,0
14777,Smartphones,Apple,407,52,Male,19,4,0
14778,Laptops,Apple,2092,25,Male,16,2,1
14779,Smart Watches,Samsung,645,60,Male,2,5,0
14780,Laptops,HP,818,20,Male,19,2,0
14781,Smartphones,Sony,2508,59,Male,10,3,0
14782,Smart Watches,HP,940,35,Female,16,5,0
14783,Tablets,Apple,291,61,Female,13,4,1
14784,Tablets,Sony,1950,18,Female,16,1,1
14785,Laptops,Other Brands,1230,55,Male,10,3,1
14786,Smartphones,Sony,1422,64,Female,18,2,0
14787,Smartphones,Samsung,745,30,Male,16,4,1
14788,Smart Watches,HP,2783,37,Female,8,1,1
14789,Smartphones,Apple,110,29,Male,19,2,1
14790,Smartphones,HP,1757,55,Male,13,5,1
14791,Smartphones,Apple,2691,48,Female,18,2,0
14792,Laptops,HP,600,24,Male,15,4,1
14793,Tablets,Samsung,473,22,Male,14,1,0
14794,Laptops,HP,391,26,Female,10,5,0
14795,Tablets,Sony,1769,31,Female,4,1,1
14796,Smart Watches,Apple,1322,40,Female,11,4,0
14797,Smartphones,Apple,396,55,Female,19,1,0
14798,Smart Watches,Sony,110,47,Female,18,5,1
14799,Tablets,Apple,404,40,Female,5,5,0
14800,Laptops,Samsung,1949,69,Male,2,3,0
14801,Tablets,Samsung,1775,39,Male,1,1,1
14802,Smartphones,Apple,984,42,Male,3,2,0
14803,Headphones,Other Brands,1056,44,Female,3,1,1
14804,Headphones,Samsung,312,42,Female,7,1,0
14805,Laptops,Apple,641,30,Male,9,2,1
14806,Headphones,HP,2741,51,Female,1,3,1
14807,Laptops,Apple,262,61,Male,13,3,0
14808,Headphones,Other Brands,998,56,Male,4,5,1
14809,Headphones,Samsung,676,65,Female,13,1,1
14810,Laptops,Other Brands,915,61,Male,18,2,1
14811,Smart Watches,Apple,736,20,Female,17,2,1
14812,Headphones,Other Brands,2298,64,Male,7,2,0
14813,Smartphones,HP,1476,40,Male,5,2,1
14814,Smartphones,Sony,2158,50,Male,2,4,0
14815,Headphones,Apple,2046,24,Female,2,3,1
14816,Smartphones,Other Brands,654,68,Male,2,4,0
14817,Smartphones,Apple,1211,36,Male,7,5,1
14818,Laptops,Apple,1737,52,Female,18,4,0
14819,Smartphones,HP,2188,35,Female,14,5,1
14820,Laptops,Samsung,1581,46,Male,12,4,1
14821,Headphones,Samsung,1734,19,Female,15,3,0
14822,Tablets,Samsung,1295,29,Female,7,5,0
14823,Smartphones,Samsung,2189,34,Female,7,1,1
14824,Smartphones,Apple,1273,64,Male,15,1,1
14825,Tablets,Sony,330,38,Male,17,2,1
14826,Tablets,HP,1168,60,Female,16,4,1
14827,Tablets,Apple,1677,65,Female,15,3,1
14828,Headphones,Other Brands,266,24,Male,6,1,1
14829,Smartphones,Samsung,1641,26,Male,8,2,1
14830,Headphones,HP,1374,22,Male,7,4,1
14831,Laptops,Samsung,2763,29,Female,18,5,1
14832,Smartphones,Sony,922,68,Female,1,5,0
14833,Smart Watches,Sony,1858,34,Female,15,2,1
14834,Headphones,Other Brands,1701,22,Female,19,5,0
14835,Smart Watches,HP,2325,58,Female,19,4,0
14836,Smart Watches,Samsung,2030,42,Male,12,5,1
14837,Laptops,Other Brands,1933,43,Female,19,1,0
14838,Laptops,HP,2464,60,Female,17,1,1
14839,Headphones,HP,2393,42,Female,14,2,0
14840,Smart Watches,Samsung,1345,49,Male,1,4,1
14841,Smart Watches,Other Brands,1103,58,Female,6,4,0
14842,Tablets,Apple,1479,65,Female,7,2,0
14843,Laptops,HP,867,66,Female,6,3,1
14844,Smart Watches,Sony,1424,62,Male,14,5,0
14845,Laptops,HP,933,24,Female,18,2,1
14846,Smartphones,Sony,2686,62,Female,2,3,1
14847,Smartphones,Samsung,867,26,Female,11,4,1
14848,Laptops,HP,1252,21,Male,6,1,1
14849,Laptops,HP,2407,56,Male,12,4,1
14850,Headphones,Sony,2309,31,Female,3,3,0
14851,Smartphones,HP,1998,21,Male,6,5,1
14852,Smartphones,HP,2868,20,Male,6,2,0
14853,Laptops,Samsung,1152,66,Male,19,2,1
14854,Smartphones,Apple,2623,56,Male,12,4,1
14855,Smartphones,HP,469,22,Male,8,4,0
14856,Headphones,HP,2103,18,Female,11,2,1
14857,Smart Watches,Apple,2009,69,Female,7,3,0
14858,Smart Watches,Other Brands,172,67,Female,6,1,1
14859,Smart Watches,Sony,1985,54,Female,15,5,0
14860,Smart Watches,Other Brands,820,63,Female,15,3,0
14861,Smartphones,Samsung,1568,50,Female,12,5,0
14862,Smart Watches,Sony,1520,63,Male,16,4,0
14863,Smart Watches,Sony,223,36,Male,13,5,1
14864,Headphones,Samsung,672,69,Female,16,3,1
14865,Smart Watches,Other Brands,611,35,Male,2,5,1
14866,Tablets,Sony,2953,61,Male,12,4,1
14867,Smartphones,Apple,103,47,Female,14,5,0
14868,Laptops,Sony,1657,44,Female,1,3,0
14869,Smart Watches,Samsung,1041,36,Female,16,4,0
14870,Smartphones,Samsung,1485,57,Male,5,1,1
14871,Headphones,Samsung,2887,28,Male,18,4,0
14872,Tablets,HP,1490,38,Male,4,2,1
14873,Smartphones,Sony,2315,62,Male,15,2,1
